相談内容,回答内容,回答に使用したQA資料
振り込み詐欺について,滋賀県国際協会の情報に基づくと、振り込み詐欺を含む電子マネーを利用した被害が増加しています。以下が要点です。1) 相手にカードを渡さずとも電子マネーの値を譲渡したことになる場合があり、詐欺です。2) 身に覚えのない請求には返信・連絡をしない。3) 事業者や法務省・裁判所などが未納料金の名目で電子マネーカードの購入を求めることは絶対にありません。4) マネー・ロンダリングは違法です。5)口座を他人に渡す等の行為は違法です。6) 金融庁の資金移動業者登録一覧に載っていない業者は違法となり得ます。確認先として金融庁の公的情報を参照してください。7) 不審な場合は家族・友人・警察（警察相談専用電話 9110）へ相談してください。8) 必要に応じて消費者ホットライン188等を利用してください。これらは全て公式情報に基づく注意喚起です。,"[{""sid"": ""S1"", ""question"": ""金融トラブルにご注意！！"", ""answer"": ""電子マネーのトラブル\nインターネット有料サイトの利用料金未納を騙った架空請求など、詐欺行為の支払手段として現金だけでなく、電子マネーを悪用した被害が急増しています。\n※预プリペイドカードなどの電子マネーは、相手にカードを渡さなくても、カードに記載された番号等を伝えるだけで電子マネーの価値を譲渡したことになります。\n詐欺です！：「コンビニで電子マネーカードを買って、カード番号を教えて。\n」\n！身に覚えのない請求等に返信、連絡しないでください。\n！事業者、法務省や裁判所などが「未納料金などの支払い」の名目で、　　コンビニで電子マネーカードを購入させることは絶対にありません。\nマネー・ロンダリング（犯罪に関係するお金を持っている人をわからなくすること）は違法です！\n詐欺です！：「このお金をあなたの口座から送金してほしいんです。一万円あげますから。」\n！口座を他人にあげるなどの行為は違法です。\n！違法な業者かどうか判断できない場合はその業者は使わないでください。\n　金融庁ウェブサイトの資金移動業者登録一覧に載っていない業者は違法です。\nここから確認できます→　https://www.fsa.go.jp/menkyo/menkyoj/shikin_idou.pdf\n。\nメール・SMS（ショートメッセージサービス）による被害防止対策として、あらかじめ受信拒否設定をしておくことが効果的です。\n！おかしいと思ったら、すぐに家族や友人、警察＃9110（警察相談専用電話）に相談！\n- 消費者ホットライン　　　　１８８　（日本語）\n- 訪日外国人観光客消費者ホットライン 03-5449-0906\n- 金融サービス利用者相談室0570-016811（从ＩＰ電話からは：03-5251-6811）\n- 英語ワンストップ窓口　　　email: equestion@fsa.go.jp""}]"
派遣会社との通訳について,派遣会社と通訳を依頼する場合、法的には派遣労働者としての就労期間の制限や雇用安定措置の対象となる可能性があるため、派遣元と直接雇用の可能性や派遣先の受け入れ条件、派遣安定措置の適用有無を事前に確認するとよいです。なお、本質問の文脈での具体的な手続きや費用の詳細は、滋賀労働局の案内および派遣安定措置の要件に基づき、派遣元事業主と派遣先との協議が必要です。必要に応じて、雇用安定措置の1～4のいずれかが適用されるかを派遣元に確認してください。,"[{""sid"": ""S1"", ""question"": ""派遣労働についての新しいルール等を知って、就労に役立てましょう！"", ""answer"": ""■派遣受け入れ期間の制限と労働契約の申し込み義務について\n一部の業務を除き、派遣先で派遣労働者を受け入れることのできる期間には最長３年の制限があります。期間制限を超えてその業務について派遣労働者を仕事をさせる場合などは、派遣先は派遣労働者へ労働契約の申込みをしなければなりません。 2015年の労働者派遣法改正法で、派遣として、同じ事業所で同じ仕事を３年を超えて働くことは、基本的にできないことになりました。一定の手続きを経れば、３年を超えて働くことはできますが、異なる「課」などへ移動することが必要です。2018年９月より、同じ事業所の同じ「課」などに、継続して３年派遣される見込みとなった場合には、派遣元事業主（派遣会社）から下記の雇用安定措置（義務）を受け取ることが可能です。 （１年以上３年未満派遣見込みの方には、努力義務の対象。「派遣元で無期雇用されている派遣労働者」や「６０歳以上の派遣労働者」などは、雇用安定措置の対象外）\n対象：2015年９月３０日以降に労働者派遣契約を締結・更新した派遣労働者\n△　雇用安定措置の内容（義務）\n派遣元事業主は、以下の1.～4.のいずれかの措置を講じる必要があります。また、1.を講じて直接雇用に結び付かなかった場合には、別途2.～4.のいずれかの措置を講じる必要があります\n1. 派遣先への直接雇用の依頼（派遣先が同意すれば、派遣先の社員となります）\n2. 新たな派遣先の提供（その条件が派遣で働く方の能力、経験に照らして合理的なものに限る）\n3. 派遣元での派遣労働者以外としての無期雇用\n4. その他雇用の安定を図るための措置\n注意\n- 雇用安定措置の対象となるには、派遣元事業主に対し、派遣終了後も継続して就業することを希望することが必要です。雇用安定措置1.～4.のうち、派遣元事業主に講じてもらいたいものを希望することができます。\n- 派遣先が、派遣労働者を禁止業務（港湾運送業務、建設業務、警備業務、医療関連業務）に従事させたり、期間制限に違反して労働者派遣を受け入れたなどの場合には、その派遣労働者に対して労働契約の申し込みをしたとみなされます。\n■無期雇用への転換推進措置について\n2018年４月から無期雇用の申請受付も始まっています。有期労働契約が2013年４月以降、反復して更新されて通算５年を超えたときは、労働者の申し込みにより、次回の契約から期間の定めのない労働契約に転換できます。（詳しくはみみタロウ１２６号）\n労働についての相談窓口\n滋賀労働局総合労働相談コーナー　℡：077-522-6648　（日本語）\n大津市打出浜１４－１５滋賀労働総合庁舎４Ｆ\n「外国人労働者向け相談ダイヤル」10:00～15:00\n- 英語　　　　　月～金　　　℡ 0570-001701\n- 中国語　　　　月～金　　　℡ 0570-001702\n- ポルトガル語　月～金　　　℡ 0570-001703\n- スペイン語　　火、木、金　℡ 0570-001704\n- タガログ語　　火、水　　　℡ 0570-001705""}]"
脱退一時金について,脱退一時金は、日本国籍を有しない方が国民年金または厚生年金の被保険者資格を喪失し、日本を出国した場合、日本に住所がなくなった日から2年以内に請求できます。帰国する外国人が6か月以上加入していれば、脱退一時金を受け取ることができます。,"[{""sid"": ""S1"", ""question"": ""脱退一時金 　＜公的年金の受給資格がないけれど、帰国する場合など＞"", ""answer"": ""日本国籍を有しない方が、国民年金又は厚生年金の被保険者資格を喪失し、日本を出国した場合、日本に住所がなくなった日から２年以内に脱退一時金を請求することができます。帰国する外国人が６ヶ月以上加入していれば、脱退一時金を受け取ることができます。""}]"
トラックの扉について,申し訳ありませんが、現在の私の知識では“滋賀県国際協会”の公式情報に基づく“トラックの扉”に関する具体的な事実を特定できませんでした。よろしければ、質問の詳細（どのような扉の仕様や規定、使用環境など）を教えてください。適切な公式情報が確認でき次第、事実ベースでお答えします。,[]
起業について,滋賀県国際協会の情報に基づくと、起業に関連する直接の制度や支援としては、就農を目指す場合の資金支援や農業教育・研修制度が挙げられます。事業として農業を起業する場合、初期投資資金・運転資金の確保が必要であり、「青年等就農資金」など無利子の資金貸付制度や、技術習得のための研修機会を活用して準備を整えることが推奨されています。農地の確保方法としては、農地中間管理機構の仲介や市町の農業委員会を通じた権利取得手続き、農用地利用集積計画の公示など、公的な農地確保ルートを利用します。起業に際しては、農業法人や農家への就職からキャリアを積み、自営農業へ移行する選択肢が示されています。なお、複数の資金制度には条件があるため、具体的な適用可否は各制度の要件確認が必要です。,"[{""sid"": ""S1"", ""question"": ""農業をするには"", ""answer"": ""農業を仕事にしたい方\n次のようなステップで十分な準備をしてから始めましょう！\n1. 情報を収集する\n- 相談する\n- 農業イベントやセミナーに参加する\n2. 農業体験をする\n農業インターンシップ（１週間～６週間）に参加する。\n3. 技術を習得する\n- 滋賀県立農業大学校で学ぶ（１年課程または２年課程）\n- 先進農家や農業法人などで研修を受ける。\n農業次世代担い手育成基金\n次世代を担う農業者となることをめざし、就農に向けて県立農業大学校や県指導農業士等の先進農家において研修を受ける者に対して、最長2年間、年間150万円の資金を交付する制度です。（条件あり）\n4. 仕事の準備をする\n農業を仕事にするには、農業法人や農家等に就職するという方法と、自営で農業を行う方法があります。農業法人等で働いた後、自営農家になる人もいます。\n1)　農業法人などに就職する人：ハローワーク、「滋賀県農林漁業担い手基金」での職業紹介、農業法人などのホームページで就職先をさがす。 2)　自営で農業を行う人：「技術」に加えて「資金」や「農地」の準備も必要です。\n▲資金の確保 農業を始めるには、初期投資資金（農地賃借料、機械、施設など）、運転資金（肥料、農薬、光熱費等）そして自分の生活資金が必要です。\n青年等就農資金\n新たに農業を始めようとする人等で認定新規就農者の認定を受けた人に無利子で資金を貸しつける制度です。（条件あり）\n▲農地の確保 農地の売買や賃貸は、国全体の食料自給率の維持の観点などから管理されており、次のような方法で農地を確保します。\n- 市町の農業委員会で審査を経た上で権利取得の手続きを行う。\n- 市町の農政主管課に農地の売買賃借の意向を届け出て、農用地利用集積計画の\n公示により権利を取得する。\n- 滋賀県農地中間管理機構が仲介する土地に応募して農地を借り入れる。""}]"
当センターについて,滋賀県国際協会の情報に基づくと、センターについての具体的な記述はS1〜S5の中には見当たりません。公民館や市民センターの役割や各種保健・福祉・健診情報などが含まれていますが、当センターの名称や活動内容の詳細は示されていません。必要であれば、S1〜S5の該当情報を補足としてご案内します。,"[{""sid"": ""S1"", ""question"": ""公民館の活動を知ってますか？　～新しい事にチャレンジ！～"", ""answer"": ""公民館や市民センターは、市民が自主グループの学習活動や集会など、公共目的で利用できる施設です。パソコン教室や健康教室、ヨガ、習字、生け花、英会話等の教室、子どもの居場所づくりなど、住民が自分たちでサークル活動を行ったり、住民のための生涯講座が開催されています。安価で気軽に参加でき、地域の友達もできますよ。市役所や公民館などに訊ね、どんな活動があるのか覗いてみましょう！スポーツが好きな人には、市立や県立の体育館などで、体操や柔道、バドミントン、卓球、バレーボール、水泳などの教室やサークル活動が行われています。市役所等に訊ねてみましょう。""}, {""sid"": ""S2"", ""question"": ""郵便局について"", ""answer"": ""以下の関連ページに各言語で案内があります。""}, {""sid"": ""S3"", ""question"": ""予防接種について"", ""answer"": ""予防接種リサーチセンターのウェブサイトを確認してください。""}, {""sid"": ""S4"", ""question"": ""生活に困ったら"", ""answer"": ""市役所の福祉の窓口または、社会福祉協議会に相談しましょう。\n社会的包摂サポートセンター　よりそいホットライン\nTel: 0120-279-338""}, {""sid"": ""S5"", ""question"": ""【健康保険シリーズ ８】年に１回は健診を受けましょう！"", ""answer"": ""健康診断を受けていますか？健診はからだの異常を早期に発見できる絶好の機会です。まったく自覚症状のない検査数値の異常も、放置しておくと命にかかわる病気に進行してしまう可能性があります。そのため、毎年の健診結果を確認、比較し、からだの変化を読み取ることが大切です。年に１回は必ず健診を受けましょう。\n日本では、４０歳から７４歳までの健康保険の加入者を対象とした「特定健診」を実施しています。加入する健康保険から年に１回健診費用の補助が受けられます。\n★お勤めの方\n年に１回、健康診断を従業員に受けさせることが事業主に義務付けられています。\n会社で健康診断の案内があったら必ず受診しましょう。法で定められた検査項目については、事業主が費用を負担します。\n★協会けんぽの健康保険に加入の扶養家族の方\n４０歳以上のご家族の方には、毎年４月に特定健診の案内が自宅に届きます。\n中には、受診券やパンフレットなどが入っています。事前に受けたい病院や会場を予約して、特定健診を受けましょう。受診券があれば、費用の総額から７,１５０円引きになります。 自己負担なしの無料で受けられる会場もありますので、案内が届いたら、必ず受診しましょう。\n★国民健康保険に加入中の方\n国民健康保険でも特定健診の受診を推進しており、自宅に案内を配付していますので、案内が届いたら必ず受診しましょう。案内の時期や内容については、住んでいる市町村役場に聞いてみましょう。\n協会けんぽに加入の皆様へ ～ お知らせ ～\n２０２３年１月から、協会けんぽの申請書・届出書の様式が変更になりました。\n新しい様式は、協会けんぽのホームページからダウンロードできます。\n古い様式の申請書・届出書をお持ちの方は、使用せず廃棄してください。""}]"
有休休暇について,滋賀県内の情報に基づくと、有給休暇は雇用期間と勤務条件に応じて付与され、入社日から6カ月継続勤務かつ全労働日の8割以上出勤した場合に10日付与され、それ以降は勤続年数に応じて年休が増えます。年休は2年間で請求権が消滅し、未使用分の換金は原則不可です。育児休暇等の制度利用には一定条件があり、育児休業給付金の支給や産前産後の保険料免除などの適用があります。看護休暇は年次有給休暇とは別に取得可能で、日数は子どもの人数等で異なる場合があります。詳しくは勤務先と滋賀労働局雇用環境・均等室へご確認ください。,"[{""sid"": ""S1"", ""question"": ""働き方が変わります（2019年４月から）"", ""answer"": ""時間外労働の上限規制が導入されます！（中小企業は２０２０年４月１日から）\n時間外労働の上限が、原則月４５時間、年３６０時間となります。臨時的な特別な事情がある場合でも年７２０時間、月１００時間未満（休日労働を含む）、複数月平均８０時間（休日労働含む）を限度に設定する必要があります。\n年次有給休暇の確実な取得が必要です！\n年次有給休暇は、原則として、労働者が請求する時季に与えることとされていますが、職場への配慮等の理由から取得率が低調な現状があります。\nこのため、全ての企業において、年１０日以上の年次有給休暇が付与される労働者に対して、年次有給休暇の日数のうち年５日については、使用者が時季を指定して取得させることが必要となりました。\n年次有給休暇を５日以上取得済みの労働者に対しては、使用者による時季指定は不要です。\n☛有給休暇は勤務年数等によって異なります。労働者側から希望する日を雇用者に申し出ます。""}, {""sid"": ""S2"", ""question"": ""働くときに確認しましょう！"", ""answer"": ""派遣会社から、労働契約を締結するときに労働条件の明示、派遣就業を開始するときに派遣料金額の明示、就業条件の明示があります。\n■　社会保険の加入について確認しましょう！\n社会保険に加入することで、一定の条件を満たせば、傷病手当金、出産手当金、育児休業給付金、介護休業給付金などを受け取ることができます。\n△　社会保険の加入条件\n勤務先が①法人事業所（株式会社、有限会社など）又は②従業員５人以上の個人事業所（飲食業、理美容業などを除く）に該当して、そこで常用使用される人は、厚生年金保険・健康保険に加入することになります。\n- パートタイマー、アルバイトであっても同様の業務に従事している正社員の所定労働時間および労働日数の４分の３以上である人は、被保険者となります。\n- 正社員の４分の３未満であっても、以下の５つの要件を全て満たす人は、被保険者になります。\n■　年次有給休暇、育児休業、介護休業を取ることができます\n派遣でも労働基準法、男女雇用機会均等法などの労働関係法令は適用されます。\n△年次有給休暇\n労働者の権利であり、行使することで賃金が支払われる休暇です。\n- 入社日から6カ月間継続して働き、全労働日の8割以上勤務した場合に10日、それ以降は1年ごとに勤続年数に応じて与えられます。この日数は、週5日または週30時間以上働く人の場合で、パートタイマーやアルバイトであっても、所定労働日数・時間に応じて年休が与えられます。\n- 年休を貯め続けることはできません。年休を請求できる権利は、2年間で消滅します。\n- 労働者の退職や解雇によって労働関係が消滅すれば、有給休暇の請求権は消滅します。\n- 使い切れない有給休暇を換金することは　原則として違法です。\n△育児休業・介護休業\nパートタイマーやアルバイトであっても、一定の条件を満たせば育児・介護休業を取ることができます。\n- 育児休業 労働者が原則として１歳に満たない子を養育するために取る休業です。 取得条件：同一事業者に一年以上雇用されていること。子が１歳６ヶ月に達する日までに労働契約期間が満了することが明らかでないこと。\n- 介護休業 労働者が、要介護状態の対象家族を介護するための休業です。対象家族１人につき通算９３日まで、３回を上限として、介護休業を分割して取得できます。 取得条件：同一事業者に一年以上雇用されていること。取得予定日から起算して９３日を経過する日から６ヶ月を経過する日までの間に、労働契約の期間が満了することが明らかでないこと。""}, {""sid"": ""S3"", ""question"": ""子育て応援シリーズ➂ 仕事と育児の両立を応援！"", ""answer"": ""育児をしながら仕事を続けられるように、産後や育児のための休暇や、復職してから育児をサポートする制度があります。利用するには、雇用状況や加入している保険などについての条件があります。\n★雇用保険（社会保険）の被保険者が利用できる制度\n育児休業制度\n１歳に満たない子を養育するための休業制度です。１歳までの育児休業については、2回に分けて取得することも可能です。父母ともに育児休業を取得する場合や、保育所等に入れない場合には、育児休業期間を延長することもできます。休業開始予定日の１か月前までに、勤務先に書面で申し出てください。一定の条件を満たすと、休業期間中に「育児休業給付金」の支給を受けることができます。支払額は180日までは休業開始時賃金日額の67％、それ以降は50％です。\n出生時育児休業（産後パパ育休）制度\n原則的に男性を対象とした出生後の子を養育するための休業制度です。父親は子どもが生まれた日から８週間以内、４週間分まで取得でき、２回に分割して取得することもできます。休業開始予定日の２週間前までに、勤務先に書面で申し出てください。一定の条件を満たすと「出生時育児休業給付金」の支給を受けることができます。\n支払額は、休業開始時賃金日額ｘ休業期間の日数（28日が上限）ｘ67％です。\n→詳しくは勤務先所在地を管轄するハローワークへ\n産前産後の一定期間の年金、健康保険料が免除、軽減されます（2024年１月より）：・社会保険の加入者が産前産後休業・育児休業を取得する場合、休業中の健康保険料と厚生年金保険料が免除されます。 →詳しくは年金事務所へ\n★労働基準法により定められ、復職後使える制度\n※それぞれの制度には子どもの年齢の制限や勤務時間などの条件があるので勤務先に確認しましょう。\n育児時間\n雇用形態にかかわらずフルタイム勤務の女性労働者は、子どもが1歳未満までの間、休憩時間とは別に１日２回それぞれ少なくとも30分の育児時間を請求できます。育児時間は、勤務時間中でも、勤務時間始め、または終わりにとることもできます。\n短時間勤務制度、時間外労働・深夜業の免除\n男女共に育児する親は、勤務時間の短縮（原則６時間）や時間外、深夜労働（午後１０時から午前５時まで）などの免除を請求することもできます。\n看護休暇\n雇用形態にかかわりなく、小学校就学前の子を養育する労働者は、ケガや病気の子どもの世話や、予防接種や健康診断を受けさせるために、看護休暇を取得できます。小学校就学前の子が１人であれば１年に５日、２人以上であれば10日までの看護休暇を、年次有給休暇とは別に時間単位で取得できます。\n※看護休暇について、有給か無給かは勤務先の制度によって異なります。\n→　相談は滋賀労働局雇用環境・均等室　　℡ 077-523-1190""}, {""sid"": ""S4"", ""question"": ""子育て応援シリーズ➂ 仕事と育児の両立を応援！"", ""answer"": ""育児をしながら仕事を続けられるように、産後や育児のための休暇や、復職してから育児をサポートする制度があります。利用するには、雇用状況や加入している保険などについての条件があります。\n★雇用保険（社会保険）の被保険者が利用できる制度\n育児休業制度\n１歳に満たない子を養育するための休業制度です。１歳までの育児休業については、2回に分けて取得することも可能です。父母ともに育児休業を取得する場合や、保育所等に入れない場合には、育児休業期間を延長することもできます。休業開始予定日の１か月前までに、勤務先に書面で申し出てください。一定の条件を満たすと、休業期間中に「育児休業給付金」の支給を受けることができます。支払額は180日までは休業開始時賃金日額の67％、それ以降は50％です。\n出生時育児休業（産後パパ育休）制度\n原則的に男性を対象とした出生後の子を養育するための休業制度です。父親は子どもが生まれた日から８週間以内、４週間分まで取得でき、２回に分割して取得することもできます。休業開始予定日の２週間前までに、勤務先に書面で申し出てください。一定の条件を満たすと「出生時育児休業給付金」の支給を受けることができます。\n支払額は、休業開始時賃金日額ｘ休業期間の日数（28日が上限）ｘ67％です。\n→詳しくは勤務先所在地を管轄するハローワークへ\n産前産後の一定期間の年金、健康保険料が免除、軽減されます（2024年１月より）：・社会保険の加入者が産前産後休業・育児休業を取得する場合、休業中の健康保険料と厚生年金保険料が免除されます。 →詳しくは年金事務所へ\n★労働基準法により定められ、復職後使える制度\n※それぞれの制度には子どもの年齢の制限や勤務時間などの条件があるので勤務先に確認しましょう。\n育児時間\n雇用形態にかかわらずフルタイム勤務の女性労働者は、子どもが1歳未満までの間、休憩時間とは別に１日２回それぞれ少なくとも30分の育児時間を請求できます。育児時間は、勤務時間中でも、勤務時間始め、または終わりにとることもできます。\n短時間勤務制度、時間外労働・深夜業の免除\n男女共に育児する親は、勤務時間の短縮（原則６時間）や時間外、深夜労働（午後１０時から午前５時まで）などの免除を請求することもできます。\n看護休暇\n雇用形態にかかわりなく、小学校就学前の子を養育する労働者は、ケガや病気の子どもの世話や、予防接種や健康診断を受けさせるために、看護休暇を取得できます。小学校就学前の子が１人であれば１年に５日、２人以上であれば10日までの看護休暇を、年次有給休暇とは別に時間単位で取得できます。\n※看護休暇について、有給か無給かは勤務先の制度によって異なります。\n→　相談は滋賀労働局雇用環境・均等室　　℡ 077-523-1190""}]"
架空請求について,架空請求には注意してください。特に電子マネーを代金支払い手段として要求する請求は詐欺です。身に覚えのない請求には返信や連絡をせず、公式な窓口で確認してください。詳しくは金融庁の情報や消費者ホットライン等を活用してください。,"[{""sid"": ""S3"", ""question"": ""金融トラブルにご注意！！"", ""answer"": ""電子マネーのトラブル\nインターネット有料サイトの利用料金未納を騙った架空請求など、詐欺行為の支払手段として現金だけでなく、電子マネーを悪用した被害が急増しています。\n※预プリペイドカードなどの電子マネーは、相手にカードを渡さなくても、カードに記載された番号等を伝えるだけで電子マネーの価値を譲渡したことになります。\n詐欺です！：「コンビニで電子マネーカードを買って、カード番号を教えて。\n」\n！身に覚えのない請求等に返信、連絡しないでください。\n！事業者、法務省や裁判所などが「未納料金などの支払い」の名目で、　　コンビニで電子マネーカードを購入させることは絶対にありません。\nマネー・ロンダリング（犯罪に関係するお金を持っている人をわからなくすること）は違法です！\n詐欺です！：「このお金をあなたの口座から送金してほしいんです。一万円あげますから。」\n！口座を他人にあげるなどの行為は違法です。\n！違法な業者かどうか判断できない場合はその業者は使わないでください。\n　金融庁ウェブサイトの資金移動業者登録一覧に載っていない業者は違法です。\nここから確認できます→　https://www.fsa.go.jp/menkyo/menkyoj/shikin_idou.pdf\n。\nメール・SMS（ショートメッセージサービス）による被害防止対策として、あらかじめ受信拒否設定をしておくことが効果的です。\n！おかしいと思ったら、すぐに家族や友人、警察＃9110（警察相談専用電話）に相談！\n- 消費者ホットライン　　　　１８８　（日本語）\n- 訪日外国人観光客消費者ホットライン 03-5449-0906\n- 金融サービス利用者相談室0570-016811（从ＩＰ電話からは：03-5251-6811）\n- 英語ワンストップ窓口　　　email: equestion@fsa.go.jp""}]"
水漏れについて,申し訳ありませんが、提供された情報では“水漏れ”に関する滋賀県国際協会の公式情報を特定できません。水漏れ対応については、自治体の水道局や専門の業者へ相談することをお勧めします。必要であれば、滋賀県国際協会の公式発信を確認して関連情報を特定します。,[]
保護者に連絡したい,保護者に連絡したい場合は、学校や自治体の案内に従い、児童相談所虐待対応ダイヤル189を含む関係機関へ連絡してください。必要に応じてファミリー・サポート・センターや地域の児童館、地域子育て支援拠点などを利用し、連絡先を共有します。,"[{""sid"": ""S3"", ""question"": ""子育て応援シリーズ① 子どもが生まれたら"", ""answer"": ""子どもが生まれたらお住まいの役所で様々な手続きがあります。外国籍の子どもには、領事館（大使館）や出入国管理局での手続きも必要になります。\n役所でする手続き\n1. 出生届\n2. 児童手当\n3. 子どもの健康保険\n4. 福祉医療費助成（乳幼児）\n大使館・出入国管理局での手続き\n- 生まれてから30日以内に出入国管理局で子どもの在留許可申請をします。\n- 各国領事館 （大使館）で子どもの国籍を取得し、パスポートの申請をします。\n子どもとお母さんの健康のために\n出産後、子どもとお母さんの健康を定期的に確認します。子どもの各種健診や教室、訪問のほとんどが無料なので積極的に利用しましょう。心配なことがあれば相談しましょう。\n- 産後健診\n- 新生児訪問\n- 予防接種\n- 乳幼児健診\n- 離乳食教室\n子どもの成長、発達が気になる．．．\nまずは乳幼児健診の時やかかりつけ医に相談しましょう。\n市町の保健センター\n市町の発達支援室・センター (https://www.pref.shiga.lg.jp/file/attachment/5397382.pdf)\n発達障害に関する外国人保護者向けパンフレット\n発達障害情報・支援センター (http://www.rehab.go.jp/ddis/world/brochure/)\n育児の不安を相談したい．．．\n市町の家庭児童相談室　市町の役場で相談しましょう。\nこころんだいやる電話相談\nTEL： 077-524-2030\n（子ども・子育て応援センター　電話、または面接での相談ができます）\n児童相談所相談専用ダイヤル\nTEL：0120-189-783\n虐待かな．．．\n児童相談所虐待対応ダイヤル\nTEL：189\n子どもを一時的に預かってほしい．．．（事前登録要）\nファミリー・サポート・センター\nファミリー・サポート・センター (https://www.hugnavi.net/child/family.php)\n「子どもを預けたい人」と「子どもを預かりたい人」を結び付け、保育所までの送迎や、保護者の病気などの際に子どもを預かったりします。\n一時預かり事業\n保護者の病気や用事の時に子どもを保育所などで一時的に預かります。\n病児・病後児保育\n病児・病後児保育 (https://hugnavi.net/child/byouji.php)\n子どもが病気の際、保護者が家庭での保育が難しい場合に、医療機関や保育所等で子どもを一時的に保育します。\n働いているので子どもを保育所で預かってもらいたい．．．\n保育所、認定こども園、認可外子ども施設などで、０歳から子どもを預かってもらえます。施設の利用にはお住まいの市町から利用のための認定を受ける必要があります。市町の役場で相談しましょう。\n一人で子どもを育てています．．．\n経済支援、就労支援のほかに、家事や子育てのサポートが受けられます。\n市町の役場で相談しましょう。\n子どもとお出かけしたい．．．\n地域子育て支援拠点\n地域子育て支援拠点 (https://hugnavi.net/child/base.php)\n子育て中の親子が集い、相互交流や子育ての不安・悩みを相談できる場です。\n児童館\n児童館 (https://hugnavi.net/child/house.php)\n健全な遊びを通して、子どもの発達を援助していく施設です。\n♡滋賀県立びわ湖こどもの国\n滋賀県立びわ湖こどもの国 (http://www.biwa.ne.jp/~kodomo92/sp/index.html)\nたくさんの遊具がある大型の児童館です。　高島市安曇川町北船木\n悩みがあれば、相談しましょう！\n★言葉が心配なときは、「しが外国人相談センター」にお電話ください。\nTEL：077-523-5646\nSHIGA SMILE BABY PROJECT　～ありがとうの贈り物～\nSHIGA SMILE BABY PROJECT　～ありがとうの贈り物～ (https://www.pref.shiga.lg.jp/ippan/kosodatekyouiku/kosodate/319567.html)\n滋賀で生まれた子どもやその家族へ「おめでとう、ありがとう」の思いをこめて、社会全体で出産・子育てを応援しているというメッセージとともに「ありがとうの贈り物」をお届けします。\n対象：１歳未満の赤ちゃん　※事前申し込みが必要です。""}, {""sid"": ""S4"", ""question"": ""[小学校デビューQ＆A] 保護者はどのように学校と関わりますか？"", ""answer"": ""小学校にはPTAや保護者会があります。保護者と教職員が協力し合い、学校に通う子どもたちの健全な成長を見守る活動を行うのが、主な目的です。活動を支えるための入会金も必要になります。学校によって活動内容や運営方法は様々なので、入学時の案内を確認してください。""}, {""sid"": ""S5"", ""question"": ""刑事事件を起こしてしまったら （事件・事故）"", ""answer"": ""被疑者の権利\n被疑者の権利として３つの権利が保障されています。\n1. 事実を知る権利\n2. 黙秘権\n3. 弁護人依頼権\n当番弁護士制度\n警察に逮捕、拘留された被疑者や家族の求めに応じて弁護士会が速やかに弁護士を被疑者のところに派遣する「当番弁護士」の制度があります。要請する場合ははっきりと申し出てください。\n滋賀弁護士会　当番弁護士専用電話　　TEL　077-522-2013\n民事法律扶助制度\n経済的に困っている人には、日本司法支援センター　(法テラス)　がありますので、当番弁護士が接見に来た際に相談してください 。\n法テラス [多言語ダイヤル]　TEL 0570-078-377\n法テラス [多言語] (http://www.houterasu.or.jp/multilingual/)\n国選弁護人\n起訴後、被告人は裁判のための弁護人を依頼することができます。経済的に無理な場合は、依頼すれば政府の国選弁護人をつけてくれます。""}]"
帰国に伴う書類作成について,帰国に伴う書類作成については、在留期間経過時の不法滞在や退去強制に関する説明を参照する必要があります。具体的な書類の作成手続きや提出先は、それぞれの在日公館へお問い合わせください。なお、死亡届・婚姻届・離婚届・年末調整の申告書等の日本国内の一般手続きについては、上記S1〜S4の情報を参照してください。,"[{""sid"": ""S5"", ""question"": ""在留期間を経過するとどうなるのですか？"", ""answer"": ""在留期間が経過すると入国管理法における「不法滞在」になります。この場合、原則として5年間は日本への再入国ができません。退去強制処分を受けた事由（犯罪行為の種類、刑の軽重等）によっては、永久に入国できない場合もあります。\n退去強制\n在留期間切れのまま、故意にとどまっている場合に適用されます。自主出頭の場合と逮捕された場合で手続き等が異なります。\n自主出頭の場合\n警察に捕まる前に入国管理局に出頭した場合、起訴はされずに自分で帰国することになります。\n逮捕された場合\n入国管理法違反ということで、10日以内に入国管理局に引き渡される場合と起訴される場合があります。起訴された場合は裁判になりますので、判決が出るまで通常約１カ月半、拘置所又は警察署で拘置された後、入国管理局に移管され、強制送還となります。\n通常出国\n本人が病気等、やむを得ない事でごく短期間「不法滞在」の状態になっている場合は、期間更新の手続きをとり、その後出国することになります。""}]"
へそのしこりについて,申し訳ありません。ご質問の“へそのしこり”について、滋賀県国際協会の公開情報には具体的な医学的解説は掲載されていません。しこりがある場合は医療機関を受診して原因を確認することをおすすめします。,[]
法テラスでの付き添い通訳について,法テラスでの付き添い通訳についての具体的な案内は、提供された情報源には記載がありません。滋賀県内の法テラスの連絡先と所在地は記載されていますが、付き添い通訳の可否や手続きは記載されていないため、法テラス滋賀に直接ご確認ください。連絡先: ℡ 050-3383-5454（滋賀法テラス）. 必要であれば、法テラス全体の案内窓口（℡日本語 0570-078374、英語等 0570-078377、多言語ダイヤル 03-5366-6008）にお問い合わせください。,"[{""sid"": ""S1"", ""question"": ""法律についての相談は"", ""answer"": ""法テラス\n℡　0570-078374（日本語）\n℡　0570-078377（英語、中国語、韓国語、スペイン語、ポルトガル語、ベトナム語、タガログ語)\n℡　03-5366-6008（多言語ダイヤル）\n法テラス滋賀\n大津市浜大津1-2-22　大津商中日生ビル５Ｆ\n℡　050-3383-5454\n滋賀弁護士会\n大津市梅林１-３-３""}]"
銀行口座について,外国人の短期滞在者は日本で銀行口座を開設できません。口座開設には本人確認書類、現住所、印鑑が必要です。出入金は母国へ送金サービスを利用できます。住所等の変更や退職・退学・カード紛失時は金融機関で手続きが必要です。帰国時は口座を解約してください。,"[{""sid"": ""S1"", ""question"": ""外国人の預貯金口座・送金利用について"", ""answer"": ""- 観光など短期滞在の非居住者の外国人は、日本で銀行口座を開設することができません。\n- 預貯金口座開設には、在留カード、マイナンバーカード等の本人確認の書類、現住所がわかるもの、印鑑が必要です。\n- 母国へ送金するときは銀行や資金移動業者の送金サービスが利用できます。\n- 住所、在留期限、在留資格が変わったとき、退職・退学をしたとき、通帳やキャッシュカードをなくしたときは金融機関での手続きが必要です。\n- 帰国することになり預貯金口座を利用しなくなるときは、預貯金口座を解約してください。""}]"
入管問題に強い弁護士について,"申し訳ありませんが、提供された情報には「入管問題に強い弁護士」についての具体的な推奨情報は含まれていません。滋賀県国際協会の情報ベースに基づくと、弁護士関連の窓口としては当番弁護士制度、法テラス、国選弁護人の制度が挙げられます。入管問題に関する法的相談を受ける場合は、法テラス滋賀や滋賀弁護士会を通じて適切な弁護士を紹介してもらうことができます。下記の連絡先を活用してください。
- 法テラス滋賀: ℡ 050-3383-5454、滋賀本部多言語℡ 0570-078377、英語等の多言語対応 ℡ 0570-078374/‑377
- 滋賀弁護士会
- 当番弁護士制度の案内と専用電話: 滋賀弁護士会 当番弁護士専用電話 077-522-2013
- 民事法律扶助制度・法テラスの多言語ダイヤル・公式サイト
必要に応じて、これら機関を通じて入管問題に詳しい弁護士を紹介してもらえます。","[{""sid"": ""S1"", ""question"": ""刑事事件を起こしてしまったら （事件・事故）"", ""answer"": ""被疑者の権利\n被疑者の権利として３つの権利が保障されています。\n1. 事実を知る権利\n2. 黙秘権\n3. 弁護人依頼権\n当番弁護士制度\n警察に逮捕、拘留された被疑者や家族の求めに応じて弁護士会が速やかに弁護士を被疑者のところに派遣する「当番弁護士」の制度があります。要請する場合ははっきりと申し出てください。\n滋賀弁護士会　当番弁護士専用電話　　TEL　077-522-2013\n民事法律扶助制度\n経済的に困っている人には、日本司法支援センター　(法テラス)　がありますので、当番弁護士が接見に来た際に相談してください 。\n法テラス [多言語ダイヤル]　TEL 0570-078-377\n法テラス [多言語] (http://www.houterasu.or.jp/multilingual/)\n国選弁護人\n起訴後、被告人は裁判のための弁護人を依頼することができます。経済的に無理な場合は、依頼すれば政府の国選弁護人をつけてくれます。""}, {""sid"": ""S2"", ""question"": ""法律についての相談は"", ""answer"": ""法テラス\n℡　0570-078374（日本語）\n℡　0570-078377（英語、中国語、韓国語、スペイン語、ポルトガル語、ベトナム語、タガログ語)\n℡　03-5366-6008（多言語ダイヤル）\n法テラス滋賀\n大津市浜大津1-2-22　大津商中日生ビル５Ｆ\n℡　050-3383-5454\n滋賀弁護士会\n大津市梅林１-３-３""}]"
子どもの呼び寄せ,滋賀県内の子どもを“呼び寄せる”具体的な制度や窓口の案内は、本文S1にある出生届けや在留許可申請、国籍取得・パスポート申請等の手続きが前提となります。外国籍の子どもの場合、生まれた後30日以内の在留許可申請や領事館での国籍・パスポート手続きが必要です。呼び寄せに際しては、まずお住まいの役所で出生届などの手続きを行い、必要に応じて在留資格の手続きや国籍取得の手続きを進めてください。また、母子の健康管理や保健・医療、教育・相談窓口等の支援情報もS1に掲載されています。,"[{""sid"": ""S1"", ""question"": ""子育て応援シリーズ① 子どもが生まれたら"", ""answer"": ""子どもが生まれたらお住まいの役所で様々な手続きがあります。外国籍の子どもには、領事館（大使館）や出入国管理局での手続きも必要になります。\n役所でする手続き\n1. 出生届\n2. 児童手当\n3. 子どもの健康保険\n4. 福祉医療費助成（乳幼児）\n大使館・出入国管理局での手続き\n- 生まれてから30日以内に出入国管理局で子どもの在留許可申請をします。\n- 各国領事館 （大使館）で子どもの国籍を取得し、パスポートの申請をします。\n子どもとお母さんの健康のために\n出産後、子どもとお母さんの健康を定期的に確認します。子どもの各種健診や教室、訪問のほとんどが無料なので積極的に利用しましょう。心配なことがあれば相談しましょう。\n- 産後健診\n- 新生児訪問\n- 予防接種\n- 乳幼児健診\n- 離乳食教室\n子どもの成長、発達が気になる．．．\nまずは乳幼児健診の時やかかりつけ医に相談しましょう。\n市町の保健センター\n市町の発達支援室・センター (https://www.pref.shiga.lg.jp/file/attachment/5397382.pdf)\n発達障害に関する外国人保護者向けパンフレット\n発達障害情報・支援センター (http://www.rehab.go.jp/ddis/world/brochure/)\n育児の不安を相談したい．．．\n市町の家庭児童相談室　市町の役場で相談しましょう。\nこころんだいやる電話相談\nTEL： 077-524-2030\n（子ども・子育て応援センター　電話、または面接での相談ができます）\n児童相談所相談専用ダイヤル\nTEL：0120-189-783\n虐待かな．．．\n児童相談所虐待対応ダイヤル\nTEL：189\n子どもを一時的に預かってほしい．．．（事前登録要）\nファミリー・サポート・センター\nファミリー・サポート・センター (https://www.hugnavi.net/child/family.php)\n「子どもを預けたい人」と「子どもを預かりたい人」を結び付け、保育所までの送迎や、保護者の病気などの際に子どもを預かったりします。\n一時預かり事業\n保護者の病気や用事の時に子どもを保育所などで一時的に預かります。\n病児・病後児保育\n病児・病後児保育 (https://hugnavi.net/child/byouji.php)\n子どもが病気の際、保護者が家庭での保育が難しい場合に、医療機関や保育所等で子どもを一時的に保育します。\n働いているので子どもを保育所で預かってもらいたい．．．\n保育所、認定こども園、認可外子ども施設などで、０歳から子どもを預かってもらえます。施設の利用にはお住まいの市町から利用のための認定を受ける必要があります。市町の役場で相談しましょう。\n一人で子どもを育てています．．．\n経済支援、就労支援のほかに、家事や子育てのサポートが受けられます。\n市町の役場で相談しましょう。\n子どもとお出かけしたい．．．\n地域子育て支援拠点\n地域子育て支援拠点 (https://hugnavi.net/child/base.php)\n子育て中の親子が集い、相互交流や子育ての不安・悩みを相談できる場です。\n児童館\n児童館 (https://hugnavi.net/child/house.php)\n健全な遊びを通して、子どもの発達を援助していく施設です。\n♡滋賀県立びわ湖こどもの国\n滋賀県立びわ湖こどもの国 (http://www.biwa.ne.jp/~kodomo92/sp/index.html)\nたくさんの遊具がある大型の児童館です。　高島市安曇川町北船木\n悩みがあれば、相談しましょう！\n★言葉が心配なときは、「しが外国人相談センター」にお電話ください。\nTEL：077-523-5646\nSHIGA SMILE BABY PROJECT　～ありがとうの贈り物～\nSHIGA SMILE BABY PROJECT　～ありがとうの贈り物～ (https://www.pref.shiga.lg.jp/ippan/kosodatekyouiku/kosodate/319567.html)\n滋賀で生まれた子どもやその家族へ「おめでとう、ありがとう」の思いをこめて、社会全体で出産・子育てを応援しているというメッセージとともに「ありがとうの贈り物」をお届けします。\n対象：１歳未満の赤ちゃん　※事前申し込みが必要です。""}]"
永住ビザについて,以下の情報は滋賀県国際協会の情報源S1～S5に基づく簡潔な回答です。永住ビザに関する直接の記載はS4に在留資格・在留期間の一般説明としてのみありますが、永住者ビザ（長期滞在の永住権）についての具体的な要件や認定基準は記載されていません。したがって、永住ビザの要件や手続きについては、出入国在留管理庁の公式情報（S4参照）を確認してください。滋賀県国際協会の情報ベースには、永住ビザに特化した要件は含まれていません。,"[{""sid"": ""S4"", ""question"": ""在留について"", ""answer"": ""日本に住む外国人には、それぞれの滞在目的に従って在留資格と在留期間が与えられます。おのおのの「在留資格」には活動できる内容が厳格に規定されています。\n関連ページ\n出入国在留管理庁 (http://www.moj.go.jp/isa/index.html)\n在留関係の手続きについては\n在留関係手続き (https://www.moj.go.jp/isa/applications/index.html)\n入国後の在留関係の手続き\n滋賀県在住の方は、\n大阪入国管理局大津出張所\nで行います。\n大阪入国管理局大津出張所 (http://www.moj.go.jp/isa/about/region/osaka/index.html)\n大津市京町3-1-1 大津びわ湖合同庁舎6階　　℡：077-511-4231\n一般的な内容についての相談\n外国人在留インフォメーションセンター・ワンストップ型相談センター（入国管理局）に外国語で問い合わせることもできます。\n外国人在留インフォメーションセンター (http://www.moj.go.jp/isa/consultation/center/japanese.html)\n℡ 0570-013904（ＩＰ, ＰＨＳ, 海外: 03-5796-7112）\n新しい在留資格への移行により、平成24年7月9日より前の住所は住民票には記載されません。 ※これまで市区町村で保管されていた「外国人登録原票」は、平成24年7月9日から法務省で保管されています。\n外国人登録原票に係る開示請求について（法務省HPへリンク） (http://www.moj.go.jp/isa/applications/disclosure/foreigner.html)""}]"
日本で働くことを希望,滋賀県国際協会の情報に基づくと、日本国内で就労を希望する外国人は公共職業安定所（ハローワーク）で職業紹介や就労相談を受けることができます。就業に関する手続き・雇用保険などの案内も受けられます。詳しい相談先は滋賀労働局の窓口・電話番号を参照してください。,"[{""sid"": ""S1"", ""question"": ""求職"", ""answer"": ""日本国内で就労できる外国人の方は日本人と同じように職業紹介を受ける事ができます。\n公共職業安定所　(ハローワーク)\n職業紹介、就労に関する相談などに応じる国の機関が公共職業安定所です。\n仕事が見つかり労働契約を結ぶ時の重要な決まりや雇用保険についてなど、いろいろな相談も合わせて行われています。""}]"
年金の支払いについて,日本の公的年金制度は、居住地や国籍に関係なく、一定の要件のもと適用されます。外国人の場合は、原則として1年以上日本に滞在する予定が対象です。保険料の納付期間が10年以上であれば受給資格に必要な期間を満たします。基礎年金と厚生年金の関係や、納付済み期間・免除期間・合算対象期間などを合算して計算します。ねんきん定期便やねんきんネットで年金記録を確認でき、住所変更時は住所変更を届け出てください。,"[{""sid"": ""S1"", ""question"": ""年金制度"", ""answer"": ""公的年金制度は、老齢、障害または死亡時の本人および遺族の生活保障の観点から、日本国内に住むすべての人について、一定の要件のもとに国籍を問わず適用しています。外国人の場合、1年以上の日本滞在を予定している人が対象となります。\n厚生年金保険\n給付の種類\n老齢厚生年金、障害厚生年金、遺族厚生年金\n国民年金\n20歳から59歳までの方で、厚生年金保険などに加入していない場合は国民年金に加入しなければいけません。\nお問い合わせ\n各市町村国民年金担当係""}]"
年金受給について,年金は、公的年金制度で老齢年金を含む給付を受けられます。老齢基礎年金は国民年金加入者が受け、厚生年金加入者は老齢基礎年金に厚生年金部分を加算した金額を受給します。受給開始年齢は原則65歳ですが、繰り上げ/繰り下げが可能です。受給資格は保険料納付期間などの合算期間を含む10年以上が要件です。年金情報は毎年ねんきん定期便・ねんきんネットで確認できます。,"[{""sid"": ""S2"", ""question"": ""老齢年金"", ""answer"": ""老齢年金では、どの人にも共通な基礎となる年金を老齢基礎年金といいます。国民年金の加入者は、この老齢基礎年金を受給しますが、厚生年金の加入者は、これに厚生年金部分を加算した金額を受給します。老齢基礎年金は、６０歳まで４０年間保険料を全額支払った場合、年間(779,300円（2017年度）の満額の年金額になります。老齢年金を受給するための年齢はこれまでどおりで６５歳からですが、希望すれば繰り上げ支給や繰り下げ支給もあります。また、厚生年金では、６０歳から６５歳まで、生年月日や性別など一定の要件に基づき、特別支給の老齢厚生年金が支給されます。""}, {""sid"": ""S3"", ""question"": ""年金を受け取るために必要な期間が１０年に短縮されました"", ""answer"": ""これまでは、老齢年金を受け取るためには、保険料納付済等期間が25年以上必要でしたが、2017年8月1日から、10年になりました。（遺族年金・障害年金の受給要件はこれまでどおり変更ありません。）\n老齢年金の受給資格は、以下の４項目をあわせた期間が１０年以上です。\n1. 保険料納付期間（国民年金保険料納付済み期間、厚生年金被保険者加入期間）\n2. 保険料免除、学生納付特例等の納付猶予を受けた期間\n3. 第３号被保険者期間（加入者に扶養されている被保険者）\n4. 合算対象期間（カラ期間） ＊\n＊4. のカラ期間は、年金額に反映されませんが、加入期間には計算される合算対象期間です。\n★ 合算対象期間 には、次のようなものがあります。\n日本国籍を取得した方、永住者等が年金の請求手続きをする際、海外在住期間があった場合に、このことを証明する書類が必要となります。このため、これまでのパスポートも大切に保管しておくことが大切です。また、2012年7月9日以前の「外国人登録原票」は、法務省で保管されています。このため、それ以前の出入国を証明するためには、出入(帰)国記録に係わる開示請求することになります。\n出入（帰）国記録に係る開示請求 (http://www.moj.go.jp/isa/applications/disclosure/record.html)""}, {""sid"": ""S4"", ""question"": ""自分の年金情報をチェック！"", ""answer"": ""毎年1回、誕生月に国民年金および厚生年金保険の加入者（被保険者）には、年金加入記録の確認のため、「ねんきん定期便」が届きます。届出住所が現住所と異なっている場合、「ねんきん定期便」が届きませんので、住所が変った場合は住所変更を届け出ましょう。\n年金記録の確認は\nねんきんネット (https://www.nenkin.go.jp/n_net/index.html)\n年金定期便・年金専用ダイヤル　℡　0570-058-555\n★\t保険料納付期間が１０年に満たない方も年金事務所で確認しましょう！ 年金記録に漏れがないか。（基礎年金番号が他にないか。別の氏名で登録されたものがないか。 合算対象期間がないか。（特に永住者、日本国籍の方は海外の滞在期間が合算されます。）\n★\t資格期間を満たすために次のような方法があります。 ６０歳から６５歳まで国民年金に任意加入する。（1965年4月1日以前生まれの方は最長７０歳まで任意加入できます） 国民年金後納制度を使い未納期間を解消する。（2018年9月30日まで５年後納制度が適用されます）""}]"
妻子の保護機関の連絡,滋賀県国際協会の情報に基づき、保護機関の連絡先としては、虐待が疑われる場合は24時間対応の虐待ホットラインへ連絡してください。ホットライン番号は077-562-8996（日本語）です。必要に応じて中央子ども家庭相談センターや各地域の子ども家庭相談センターへ連絡してください。詳しい所在地・連絡先は以下の窓口をご参照ください。- 中央子ども家庭相談センター（草津市）TEL 077-562-1121 - 彦根子ども家庭相談センター TEL 0749-24-3741 - 大津・高島子ども家庭相談センター TEL 077-548-7768 - 児童相談所全国共通ダイヤル（24時間）TEL 189,"[{""sid"": ""S3"", ""question"": ""児童虐待の疑いがある場合はすぐに連絡しましょう"", ""answer"": ""虐待ホットライン（24時間対応）\n電話 : 077-562-8996　（日本語）\n中央子ども家庭相談センター\n草津市笠山七丁目4番45号　　電話: 077-562-1121\n彦根子ども家庭相談センター\n彦根市小泉町932-1　　電話: 0749-24-3741\n大津・高島子ども家庭相談センター\n大津市におの浜4-4-5　　電話: 077-548-7768\n児童相談所全国共通ダイヤル（24時間対応）\n電話：189""}]"
センターの住所について,,"[{""sid"": ""S3"", ""question"": ""運転免許証について"", ""answer"": ""滋賀県運転免許センター\n守山市木浜町2294番地　　℡　077-585-1255""}]"
社会保険料返納について,滋賀県国際協会の情報源には社会保険料の“返納”について直接の記載はありません。一般的な手続きとして、会社を通じて社会保険に加入していた場合、退職後や就業形態の変更時には保険料の支払い調整や脱退手続きが発生します。脱退手続きは国民健康保険の加入手続きと同時に行い、二重請求を避けることが重要です。具体的な返納（払い戻し）制度の適用条件や手続きは所属する自治体や保険制度の運用により異なるため、該当する市区町村の窓口または勤務先の人事・社会保険担当窓口に確認してください。,"[{""sid"": ""S1"", ""question"": ""【健康保険シリーズ１】  日本の公的保険制度について"", ""answer"": ""日本の会社に就職して仕事を始めると、お給料から社会保険料が引かれていることに気が付くと思います。この“社会保険”とは何を指すのでしょうか。日本では様々な社会保険制度があり、国籍に関わらず皆さんが加入し保障を受けることができます。\n今回はその中の健康保険について、会社にお勤めの方と、そうでない方の違いを見てみましょう。\n会社で働いてお給料をもらっている方：会社を通じて社会保険に加入します。保険料は給料から天引きになりますが、保険料の半分を会社が負担してくれています。また、扶養の家族も一緒に加入することができます。家族は保険料がかかりません。健康保険と年金はセットで加入します。\n自営業・無職など会社にお勤めではない方（上記以外の方）：個人で国民健康保険に加入します。保険料はご自身でお住いの市役所に納める必要があります。保険料は家族分を含め、全額自己負担となります。同様に年金も、個人で国民年金に加入します。\n●　病院での支払いが3割で済むのはどちらも同じです。また医療費が高額になった時の給付、出産や死亡の時の給付も同じです。会社の社会保険には病気や出産で仕事を休んだ時に、お給料を一部保障する給付がありますが、国民健康保険にはありません。\n健康保険の加入と脱退の手続きについて\n会社に就職したとき：社会保険に加入するときは会社が手続きをしてくれますが、それまで加入していた国民健康保険の脱退の手続きは自分でする必要があります。保険料が二重で請求されることのないよう、お住いの市役所で脱退の手続きをしてください。\n会社を退職したとき：退職し社会保険の資格が喪失したときは、保険証は使えなくなっていますので、すぐに会社に返却しましょう。そして自分で市役所に行って国民健康保険に加入し、保険証をもらう手続きをする必要があります。他にも社会保険を任意で継続加入する、ご家族の扶養に入るといった選択肢もありますので確認してみてください。""}]"
結婚のことについて,滋賀県国際協会の情報に基づき、結婚に関する要点を簡潔にまとめます。外国人が日本国内で結婚する場合は、本国の法律と日本の法律の双方に従う手続きが必要です。婚姻の手続きについては、本国の在日領事館または大使館へ問い合わせ、婚姻届は居住地の市町村役場の戸籍係に提出してください。必要書類には日本語訳文も求められます。,"[{""sid"": ""S1"", ""question"": ""婚姻届"", ""answer"": ""- 外国人が日本国内で結婚する場合は両人の本国の法律と日本の法律にしたがって婚姻の手続きをしなければなりせん。\n- 本国の在日領事館または、大使館に婚姻の手続きについて問い合わせてください。\n- 婚姻に関しては、本国で定められている婚姻法に従って、必要書類をそろえ手続きをしてください。（書類の日本語訳文も必要です）\n- 婚姻届を届出人の所在地の市町村役場の戸籍係に提出してください。""}]"
家庭裁判所での調停について,家庭裁判所の調停で話し合うことができます。下記の連絡先に問い合わせてください。大津家庭裁判所／彦根支部／長浜支部の電話番号は本文参照。必要に応じて京都外国人の夫婦と親子に関する紛争解決センターも利用できます。,"[{""sid"": ""S1"", ""question"": ""離婚についての話し合いがうまくいきません。"", ""answer"": ""家庭裁判所の調停で話し合うことができます。（日本語）\n- 大津家庭裁判所 　℡　077-503-8151\n- 大津家庭裁判所 彦根支部 　℡　0749-22-0167\n- 大津家庭裁判所 長浜支部 　℡　0749-62-0240\n- 京都外国人の夫婦と親子に関する紛争解決センター 　℡　075-692-3555""}]"
年金の受け取りの心配,年金を受け取るためには、10年以上の加入期間が必要です。老齢年金の受給要件は、保険料納付期間、免除・猶予期間、第3号被保険者期間、合算対象期間を合計して10年以上とします。繰り上げ・繰り下げの取扱いもあります。詳細は国のねんきん制度の案内に従い、ねんきんネット等で記録確認を行い、必要に応じて年金事務所へ相談してください。定期的な年金定期便の確認や住所変更の届け出を忘れずに行いましょう。,"[{""sid"": ""S2"", ""question"": ""年金を受け取るために必要な期間が１０年に短縮されました"", ""answer"": ""これまでは、老齢年金を受け取るためには、保険料納付済等期間が25年以上必要でしたが、2017年8月1日から、10年になりました。（遺族年金・障害年金の受給要件はこれまでどおり変更ありません。）\n老齢年金の受給資格は、以下の４項目をあわせた期間が１０年以上です。\n1. 保険料納付期間（国民年金保険料納付済み期間、厚生年金被保険者加入期間）\n2. 保険料免除、学生納付特例等の納付猶予を受けた期間\n3. 第３号被保険者期間（加入者に扶養されている被保険者）\n4. 合算対象期間（カラ期間） ＊\n＊4. のカラ期間は、年金額に反映されませんが、加入期間には計算される合算対象期間です。\n★ 合算対象期間 には、次のようなものがあります。\n日本国籍を取得した方、永住者等が年金の請求手続きをする際、海外在住期間があった場合に、このことを証明する書類が必要となります。このため、これまでのパスポートも大切に保管しておくことが大切です。また、2012年7月9日以前の「外国人登録原票」は、法務省で保管されています。このため、それ以前の出入国を証明するためには、出入(帰)国記録に係わる開示請求することになります。\n出入（帰）国記録に係る開示請求 (http://www.moj.go.jp/isa/applications/disclosure/record.html)""}, {""sid"": ""S3"", ""question"": ""年金制度"", ""answer"": ""公的年金制度は、老齢、障害または死亡時の本人および遺族の生活保障の観点から、日本国内に住むすべての人について、一定の要件のもとに国籍を問わず適用しています。外国人の場合、1年以上の日本滞在を予定している人が対象となります。\n厚生年金保険\n給付の種類\n老齢厚生年金、障害厚生年金、遺族厚生年金\n国民年金\n20歳から59歳までの方で、厚生年金保険などに加入していない場合は国民年金に加入しなければいけません。\nお問い合わせ\n各市町村国民年金担当係""}, {""sid"": ""S4"", ""question"": ""老齢年金"", ""answer"": ""老齢年金では、どの人にも共通な基礎となる年金を老齢基礎年金といいます。国民年金の加入者は、この老齢基礎年金を受給しますが、厚生年金の加入者は、これに厚生年金部分を加算した金額を受給します。老齢基礎年金は、６０歳まで４０年間保険料を全額支払った場合、年間(779,300円（2017年度）の満額の年金額になります。老齢年金を受給するための年齢はこれまでどおりで６５歳からですが、希望すれば繰り上げ支給や繰り下げ支給もあります。また、厚生年金では、６０歳から６５歳まで、生年月日や性別など一定の要件に基づき、特別支給の老齢厚生年金が支給されます。""}, {""sid"": ""S5"", ""question"": ""年金の相談は"", ""answer"": ""- ねんきんダイヤル ℡ 0570-05-1165　　　IP電話・PHS: ℡ 03-6700-1165\n- 街角の年金相談センター草津（草津市渋川1-1-50） ℡　077-564-4311\n- 大津年金事務所（大津市打出浜13-5） ℡ 077-521-1789\n- 草津年金事務所（草津市西渋川1-16-35） ℡ 077-567-2220\n- 彦根年金事務所（彦根市外町169-6） ℡ 0749-23-1114""}]"
仕事探し,滋賀県国際協会の情報に基づくと、日本国内で就労できる外国人は公共職業安定所（ハローワーク）を通じて職業紹介や就労相談を受けることができます。就職時には雇用契約の確認や賃金・労働条件の確認をおすすめします。高校生のアルバイトについては、年齢要件や校則・法令の制限を守る必要があります。問題がある場合は滋賀労働局雇用環境・均等室や労働条件相談ほっとライン、闇バイトの相談窓口などを活用してください。,"[{""sid"": ""S1"", ""question"": ""求職"", ""answer"": ""日本国内で就労できる外国人の方は日本人と同じように職業紹介を受ける事ができます。\n公共職業安定所　(ハローワーク)\n職業紹介、就労に関する相談などに応じる国の機関が公共職業安定所です。\n仕事が見つかり労働契約を結ぶ時の重要な決まりや雇用保険についてなど、いろいろな相談も合わせて行われています。""}, {""sid"": ""S4"", ""question"": ""高校生はアルバイトできますか？"", ""answer"": ""15歳になって最初の3月31日が過ぎた人は就労が認められます。在籍する高校の校則でアルバイトが許可されていれば高校生も働くことができますが、18歳未満の未成年であり、社会での経験がまだ浅いため、以下のように法律で守られています。\n- 就職に当たって、保護者の同意書、年齢証明書、在留カードの提示が求められます。\n- 仕事の内容では、危険や有害な業務について就業の制限又は禁止されています。\n- 就労時間については、深夜業や時間外・休日労働の制限/変形労働時間制の勤務も禁止されています。\n※不当な労働契約や賃金の未払い、パワハラ、セクハラなど劣悪な環境で働かせるブラックバイトもあるので、雇用契約時には、雇用契約書を取り交わし、内容を確認するようにしてください。\n※犯罪行為によって報酬を受け取る\n闇バイト\nが、SNSなどを通して広まっています。決して「高収入」だから、と軽い気持ちで応募してはいけません。身分証や家族の情報などを提供してしまうことによって犯罪組織から抜け出せない手口になっています。自分の個人情報やプライバシーに関することはむやみに提供しないように気を付けましょう。\nいじめ、いやがらせ、セクハラ、解雇など仕事の相談\n- 滋賀労働局　雇用環境・均等室　Tel 077-523-1190\n- 労働条件相談ほっとライン（多言語相談）\n- 闇バイトの相談　警察相談ダイヤル#9110""}]"
仕事場での悩み事,滋賀県国際協会の情報に基づくと、仕事場での悩みがある場合は以下の窓口を利用してください。いじめ・いやがらせ・セクハラ・解雇などの相談は、滋賀労働局 雇用環境・均等室に連絡するのが適切です（Tel 077-523-1190）。必要に応じて労働条件相談ホットライン（多言語対応）も利用できます。闇バイトや犯罪行為に巻き込まれた場合は警察相談ダイヤル#9110へ。労働トラブル全般については労働基準監督署へ相談してください。就労や求職に関連する相談はハローワークが窓口です。生活困窮時には市役所の福祉窓口または社会福祉協議会の相談窓口（よりそいホットライン 0120-279-338）を活用してください。,"[{""sid"": ""S1"", ""question"": ""こんな悩み抱えていませんか？"", ""answer"": ""中学を卒業してからは勉強すること、働くこと、いろいろなことを自分で選択する機会が増えます。家や学校以外の居場所もでき、交友関係も広くなります。自由が多くなる分、自己責任も増えていきます。自分のことを守れるように、困ったときの相談先をいくつか紹介します。\n高校生はアルバイトできますか？\n15歳になって最初の3月31日が過ぎた人は就労が認められます。在籍する高校の校則でアルバイトが許可されていれば高校生も働くことができますが、18歳未満の未成年であり、社会での経験がまだ浅いため、以下のように法律で守られています。\n- 就職に当たって、保護者の同意書、年齢証明書、在留カードの提示が求められます。\n- 仕事の内容では、危険や有害な業務について就業の制限又は禁止されています。\n- 就労時間については、深夜業や時間外・休日労働の制限/変形労働時間制の勤務も禁止されています。\n※不当な労働契約や賃金の未払い、パワハラ、セクハラなど劣悪な環境で働かせるブラックバイトもあるので、雇用契約時には、雇用契約書を取り交わし、内容を確認するようにしてください。\n※犯罪行為によって報酬を受け取る\n闇バイト\nが、SNSなどを通して広まっています。決して「高収入」だから、と軽い気持ちで応募してはいけません。身分証や家族の情報などを提供してしまうことによって犯罪組織から抜け出せない手口になっています。自分の個人情報やプライバシーに関することはむやみに提供しないように気を付けましょう。\nいじめ、いやがらせ、セクハラ、解雇など仕事の相談\n- 滋賀労働局　雇用環境・均等室　Tel 077-523-1190\n- 労働条件相談ほっとライン（多言語相談）\n- 闇バイトの相談　警察相談ダイヤル#9110""}, {""sid"": ""S2"", ""question"": ""こんな悩み抱えていませんか？"", ""answer"": ""中学を卒業してからは勉強すること、働くこと、いろいろなことを自分で選択する機会が増えます。家や学校以外の居場所もでき、交友関係も広くなります。自由が多くなる分、自己責任も増えていきます。自分のことを守れるように、困ったときの相談先をいくつか紹介します。\n高校生はアルバイトできますか？\n15歳になって最初の3月31日が過ぎた人は就労が認められます。在籍する高校の校則でアルバイトが許可されていれば高校生も働くことができますが、18歳未満の未成年であり、社会での経験がまだ浅いため、以下のように法律で守られています。\n- 就職に当たって、保護者の同意書、年齢証明書、在留カードの提示が求められます。\n- 仕事の内容では、危険や有害な業務について就業の制限又は禁止されています。\n- 就労時間については、深夜業や時間外・休日労働の制限/変形労働時間制の勤務も禁止されています。\n※不当な労働契約や賃金の未払い、パワハラ、セクハラなど劣悪な環境で働かせるブラックバイトもあるので、雇用契約時には、雇用契約書を取り交わし、内容を確認するようにしてください。\n※犯罪行為によって報酬を受け取る\n闇バイト\nが、SNSなどを通して広まっています。決して「高収入」だから、と軽い気持ちで応募してはいけません。身分証や家族の情報などを提供してしまうことによって犯罪組織から抜け出せない手口になっています。自分の個人情報やプライバシーに関することはむやみに提供しないように気を付けましょう。\nいじめ、いやがらせ、セクハラ、解雇など仕事の相談\n- 滋賀労働局　雇用環境・均等室　Tel 077-523-1190\n- 労働条件相談ほっとライン（多言語相談）\n- 闇バイトの相談　警察相談ダイヤル#9110""}, {""sid"": ""S3"", ""question"": ""労働トラブルの相談"", ""answer"": ""労働関係のトラブルがあった場合は、下記の労働基準監督署に相談しましょう。（労働契約、就労規則、給料明細などがあれば持参してください）""}, {""sid"": ""S4"", ""question"": ""求職"", ""answer"": ""日本国内で就労できる外国人の方は日本人と同じように職業紹介を受ける事ができます。\n公共職業安定所　(ハローワーク)\n職業紹介、就労に関する相談などに応じる国の機関が公共職業安定所です。\n仕事が見つかり労働契約を結ぶ時の重要な決まりや雇用保険についてなど、いろいろな相談も合わせて行われています。""}, {""sid"": ""S5"", ""question"": ""生活に困ったら"", ""answer"": ""市役所の福祉の窓口または、社会福祉協議会に相談しましょう。\n社会的包摂サポートセンター　よりそいホットライン\nTel: 0120-279-338""}]"
日本語教室,滋賀県国際協会の情報のみを根拠に回答します。日本語教室に関する情報はS1に掲載されたグループ名の一覧として示されています。以下のグループ名が日本語教室として挙げられています：彦根ユネスコ協会 子ども日本語教室、ワールドアミーゴクラブ、かんちゃんの小さな家、東近江アミーゴ教室、南米語学学習教室 カミノ教室 カミニョ教室、かみやんど、日和-寺子屋大津、多文化共生学習会 Half half（外国籍の生徒のための学習支援教室）、グループ名リストにある他の名称も日本語学習支援を目的とする教室として理解できます。就学・運営の詳細はS4/S5の教育情報の項に準拠しますが、今回の質問「日本語教室」に対してはS1のグループ名一覧を根拠として挙げました。,"[{""sid"": ""S1"", ""question"": ""子どもたちの 学習・遊びのグループ"", ""answer"": ""グループ名:　子どものための日本語教室\nグループ名:　彦根ユネスコ協会 子ども日本語教室\nグループ名:　ワールドアミーゴクラブ\nグループ名:　かんちゃんの小さな家\nグループ名:　東近江アミーゴ教室\nグループ名:　南米語学学習教室　カミノ教室　カミニョ教室\nグループ名:　かみやんど\nグループ名:　日和-寺子屋大津\nグループ名:　多文化共生学習会　Half half（外国籍の生徒のための学習支援教室）""}]"
国民年金と厚生年金の違い,国民年金は20歳から59歳までの、厚生年金保険などに加入していない人が加入する基礎年金です。厚生年金は、会社員等の加入者が対象で、国民年金に上乗せして給付される年金（老齢年金・障害年金・遺族年金）。要点は、国民年金は基礎年金として全員に共通の最低保障、厚生年金は雇用形態により加入し、国民年金の基礎に厚生年金部分が加算される点です。なお、年金の受給要件などは市区町村の窓口や年金事務所で確認します。,"[{""sid"": ""S1"", ""question"": ""年金制度"", ""answer"": ""公的年金制度は、老齢、障害または死亡時の本人および遺族の生活保障の観点から、日本国内に住むすべての人について、一定の要件のもとに国籍を問わず適用しています。外国人の場合、1年以上の日本滞在を予定している人が対象となります。\n厚生年金保険\n給付の種類\n老齢厚生年金、障害厚生年金、遺族厚生年金\n国民年金\n20歳から59歳までの方で、厚生年金保険などに加入していない場合は国民年金に加入しなければいけません。\nお問い合わせ\n各市町村国民年金担当係""}, {""sid"": ""S2"", ""question"": ""老齢年金"", ""answer"": ""老齢年金では、どの人にも共通な基礎となる年金を老齢基礎年金といいます。国民年金の加入者は、この老齢基礎年金を受給しますが、厚生年金の加入者は、これに厚生年金部分を加算した金額を受給します。老齢基礎年金は、６０歳まで４０年間保険料を全額支払った場合、年間(779,300円（2017年度）の満額の年金額になります。老齢年金を受給するための年齢はこれまでどおりで６５歳からですが、希望すれば繰り上げ支給や繰り下げ支給もあります。また、厚生年金では、６０歳から６５歳まで、生年月日や性別など一定の要件に基づき、特別支給の老齢厚生年金が支給されます。""}]"
今後の生活について,今後の生活については、引っ越し後の届け出と近所付き合い、自治会への参加が基本となります。転出届と転居・転入届を14日以内に提出し、在留カードとマイナンバーカードの住所変更、子どもの転入手続き、職場・銀行・運転免許の住所変更を行います。郵便の転送設定をして、地域のルールを事前に把握することが大切です。自治会は任意加入ですが、地域の安全・支援体制の一部として継続的な参加が推奨されます。引っ越し先の不動産選びでは、公営・賃貸・持ち家の選択肢と、それぞれの契約時の費用区分（礼金・敷金・更新料・保証等）を確認してください。また、火災保険の加入は必須です。公営住宅については所得要件・在留資格要件を確認し、募集時期（県営は年4回）を留意してください。自治会や回覧板など地域情報の冊子にも目を通し、災害時の避難場所などの地域ルールを把握しておくと安心です。,"[{""sid"": ""S2"", ""question"": ""引っ越し先が決まったら、何をしたらいいのでしょう？"", ""answer"": ""届け出\nお住まいの市町役場に転出届を出します。引っ越し後14日以内に、新住所の役場に転居、転入届を出し、在留カードとマイナンバーカードの住所変更も行います。\nまた、子どもさんがおられる方は、新しい保育園、幼稚園、学校への転入手続きも行います。職場、銀行への連絡や、運転免許証の住所変更も必要です。郵便局へ郵便物の転送届を出しておくと、引っ越し前の住所地に届いた郵便物を新住所に転送してもらえます。\n近所との付き合い\n日本では、引っ越した人が近所の人に挨拶をする習慣があります。近所の人と知り合って、ゴミの収集日や収集場所、災害時の避難場所など地域のルールを教えてもらいましょう。\n自治会\n地域ごとに住民が運営する自治会があります。自治会では、住民同士が地域での暮らしを良くするため、防犯、防災、美化活動を行ったり、地域の子どもたちがスポーツや祭りなどを楽しむ「子ども会」があるなど様々な活動をしています。それらの事業の運営のため、会員は自治会費を支払い、役割分担もあります。また、細かな地域の情報が掲載された「回覧板」が回ってきます。自治会は任意加入ですが、ゴミ収集場所の管理を自治会がしている場合など、加入が必要になることもあります。災害時などには近所同士の助け合いが必要になるので、近所とのお付き合いは大切にしましょう。\n※地域によって自治会の有無や活動内容、自治会費は異なりますので、必ず確認してください。""}, {""sid"": ""S5"", ""question"": ""住む家を探すには？"", ""answer"": ""住まい探しに役立つ情報です。住宅には、「公営住宅」、「賃貸住宅」、「持ち家」などがあります。\n公営住宅\n所得の低い人など一定の条件を満たす人を対象に、公的な住宅があります。定期的に募集をおこない、抽選によって入居が決定します。滋賀県には県営住宅と、市町によって市営や町営住宅があるところもあります。在留資格や所得の要件があるので、確認してください。\n県営住宅\n滋賀県には、県営住宅が県内各地域にあり、年4回（４月、７月、１０月、１月）募集があります。\n市営町営住宅\nお住まいの市町役場に問い合わせてください。\n賃貸住宅\n一般に、日本では不動産屋で物件を探し、書面で契約を結びます。契約時、物件により、礼金や敷金が必要になります。（礼金は家主へのお礼として支払うお金で戻ってきません。敷金とは退去時に原状回復のために使われ、一部戻ってくる場合もあります。）また、連帯保証人が必要な場合と、家賃保証会社を利用する場合があります。その他、不動産屋への仲介手数料の支払いがあります。契約に火災保険の加入が含まれる場合が一般的です。その他、管理費や２年ごとに更新料を支払う必要がある場合が多いです。\nお役立ちサイト\n- [ 不動産情報検索サイト ] （公社）滋賀県宅地建物取引業協会 (https://www.hatomarksite.com/search/shiga/)\n- [ 外国語が話せる不動産店一覧 ] （公財）日本賃貸住宅管理協会 (https://www.jpm.jp/multilingual/index.html)\n- [ 外国人の民間賃貸住宅への円滑な入居について ]　国土交通省 (https://www.mlit.go.jp/jutakukentiku/house/jutakukentiku_house_tk3_000017.html)\n滋賀県の居住支援・住宅セーフティネット制度\n滋賀県での高齢者世帯、障害者世帯、外国人世帯、子育て世帯の入居を受け入れる民間賃貸住宅等の情報です。\n- 滋賀県のセーフティネット住宅 (https://safetynet-jutaku.mlit.go.jp/guest/apart_list.php?pref=25)\n- 滋賀あんしん賃貸住宅 (https://www.pref.shiga.lg.jp/ippan/kendoseibi/zyuutaku/300196.html)\n火災保険\n住宅は賃貸や持ち家にかかわらず、火災保険に加入する必要があります。\n賃貸アパートやマンションなどの場合、入居時や更新時に「大家」と「入居者」がそれぞれ火災保険に加入するケースが一般的です。建物は大家の資産なので、建物に対する火災保険は大家が加入して保険料を支払い、室内の家具や家電などの家財道具に対する保険は、入居者が加入し保険料を支払います。持ち家であれば建物と家財の両方を補償する火災保険に入ります。\n持ち家\n日本では、不動産を購入する際に国籍や在留資格に基づく制限はありません。ただし住宅ローンの借り入れは、永住者や特別永住者の在留資格をお持ちの方に限られています。年齢や所得、勤続年数などの基準を満たし、審査に通ると住宅ローンを組むことができます。また、要件などを満たせば、確定申告で住宅ローン控除を受けることができます。住宅を購入した後、経済状況に変化があった場合は、住宅ローンの借り換えや返済について、銀行に条件変更の相談をしましょう。\nまた、１月１日に住宅を所有している人は、その資産をもとに算定した固定資産税をお住まいの市町役場に支払います。\n空き家バンク\n空き家の賃貸・売却を希望する人が登録した情報を、空き家の利活用を希望する人に紹介する制度です。希望する市町役場の住宅課に空き家バンクがあるかたずねてください。\n- 空き家バンク (https://www.akiya-athome.jp/buy/25/)\n困ったときの相談窓口　（相談無料）\n入居中・契約の解除・明渡し時のトラブルなどの相談窓口：・滋賀県消費生活センター（彦根）/ TEL 0749-23-0999\n住宅取得や不具合、事業者とのトラブルなど様々な住宅についての相談窓口：・住まいるダイヤル/ TEL 03-3556-5147\n引っ越し先が決まったら、何をしたらいいのでしょう？\n届け出\nお住まいの市町役場に転出届を出します。引っ越し後14日以内に、新住所の役場に転居、転入届を出し、在留カードとマイナンバーカードの住所変更も行います。また、子どもさんがおられる方は、新しい保育園、幼稚園、学校への転入手続きも行います。職場、銀行への連絡や、運転免許証の住所変更も必要です。郵便局へ郵便物の転送届を出しておくと、引っ越し前の住所地に届いた郵便物を新住所に転送してもらえます。\n近所との付き合い\n日本では、引っ越した人が近所の人に挨拶をする習慣があります。近所の人と知り合って、ゴミの収集日や収集場所、災害時の避難場所など地域のルールを教えてもらいましょう。\n自治会\n地域ごとに住民が運営する自治会があります。自治会では、住民同士が地域での暮らしを良くするため、防犯、防災、美化活動を行ったり、地域の子どもたちがスポーツや祭りなどを楽しむ「子ども会」があるなど様々な活動をしています。それらの事業の運営のため、会員は自治会費を支払い、役割分担(ぶんたん)もあります。また、細かな地域の情報が掲載された「回覧板」が回ってきます。自治会は任意加入ですが、ゴミ収集場所の管理を自治会がしている場合など、加入が必要になることもあります。災害時などには近所同士の助け合いが必要になるので、近所とのお付き合いは大切にしましょう。\n※地域によって自治会の有無や活動内容、自治会費は異なりますので、必ず確認してください。""}]"
出生証明書の発行することについて,出生証明書の発行については、提示されたS1には死亡届に関する情報しかなく、出生証明書に関する具体的な情報は含まれていません。滋賀県国際協会の情報だけを根拠に事実ベースで回答すると、出生証明書の発行に関する指示は見当たりません。必要であれば、該当する窓口（出生届の取り扱い、外国人の在留資格に関する窓口など）については別途公式情報を確認してください。,"[{""sid"": ""S1"", ""question"": ""死亡届"", ""answer"": ""- 死亡届は医師が発行する死亡診断書を添付の上、同居の親族、その他同居者等が死亡後7日以内に届出人の所在地の市町村役場に提出してください。\n- 在留カードを死亡14日以内に返してください。""}]"
生活困窮について,生活困窮時は、まず市役所の福祉の窓口または社会福祉協議会に相談してください。滋賀県では生活困窮者を支える窓口として、社会的包摂サポートセンター よりそいホットライン（Tel: 0120-279-338）があります。必要に応じて住居確保給付金や県営住宅の一時的受入れなどの支援制度の案内が受けられます。なお、各市町の福祉課・社会福祉事務所も相談窓口として利用可能です。,"[{""sid"": ""S1"", ""question"": ""生活に困ったら"", ""answer"": ""市役所の福祉の窓口または、社会福祉協議会に相談しましょう。\n社会的包摂サポートセンター　よりそいホットライン\nTel: 0120-279-338""}]"
イオンから電話があった,イオンからの電話に関する具体的な情報は提供されていませんが、文脈S1の注意喚起として、未納料金の名目で電子マネーの購入を求める連絡には警戒してください。公式機関の連絡先や公的情報源以外の指示には従わず、身に覚えのない請求には返信・連絡しないでください。疑問がある場合は、警察相談専用電話9110や消費者ホットライン188などの公的窓口に相談してください。金融庁の資金移動業者登録一覧に載っていない業者とのやり取りには注意してください。,"[{""sid"": ""S1"", ""question"": ""金融トラブルにご注意！！"", ""answer"": ""電子マネーのトラブル\nインターネット有料サイトの利用料金未納を騙った架空請求など、詐欺行為の支払手段として現金だけでなく、電子マネーを悪用した被害が急増しています。\n※※プリペイドカードなどの電子マネーは、相手にカードを渡さなくても、カードに記載された番号等を伝えるだけで電子マネーの価値を譲渡したことになります。\n詐欺です！：コンビニで電子マネーカードを買って、カード番号を教えて。\n！身に覚えのない請求等に返信、連絡しないでください。\n！事業者、法務省や裁判所などが「未納料金などの支払い」の名目で、　　コンビニで電子マネーカードを購入させることは絶対にありません。\nマネー・ロンダリング（犯罪に関係するお金を持っている人をわからなくすること）は違法です！\n詐欺です！：「このお金をあなたの口座から送金してほしいんです。一万円あげますから。」\n！口座を他人にあげるなどの行為は違法です。\n！違法な業者かどうか判断できない場合はその業者は使わないでください。\n　金融庁ウェブサイトの資金移動業者登録一覧に載っていない業者は違法です。\n　ここから確認できます\nメール・SMS（ショートメッセージサービス）による被害防止対策として、あらかじめ受信拒否設定をしておくことが効果的です。\n！おかしいと思ったら、すぐに家族や友人、警察＃9110（警察相談専用電話）に相談！\n- 消費者ホットライン　　　　１８８　（日本語）\n- 訪日外国人観光客消費者ホットライン 03-5449-0906 英語・中国語・韓国語・タイ語・ベトナム語・フランス語・日本語\n- 金融サービス利用者相談室0570-016811（从ＩＰ電話からは：03-5251-6811）\n- 英語ワンストップ窓口 　　　email: equestion@fsa.go.jp""}]"
ソーラーパネルについて,滋賀県国際協会の公開情報には、ソーラーパネルに関する具体的な技術仕様や導入ガイドラインは掲載されていません。一般的な情報として、ソーラーパネルは日射を電力に変換する設備であり、設置には日照条件・設置場所・許認可・補助金制度などの検討が必要です。詳しい技術仕様や導入手順については、地域の自治体エネルギー施策や公式なエネルギー関連窓口を参照してください。,[]
野菜の返品について,滋賀県内の農業・貸し農園に関する一般情報として、野菜の返品についての具体的な規定は本情報には含まれていません。貸し農園やJA等の窓口で、個別の規約や返品ポリシーを確認されることをおすすめします。,"[{""sid"": ""S1"", ""question"": ""家庭菜園で食卓をカラフルに飾ろう！"", ""answer"": ""ゴールデンウイークには気温が上がり、人間も思いっきり背伸びしたくなる気分になりますね。植物も太陽を浴びてどんどん大きくなります。家庭菜園では、自分の手で野菜を育て、それを収穫する喜びや、新鮮な野菜を食卓に並べる楽しみがあります。庭やベランダ、または貸し農園を利用して春の野菜作りに挑戦してみませんか？\n貸し農園は様々な団体が管理・運営しています。駐車場の有無や農具の貸出、トイレの設置など設備は様々です。貸し農園の空き状況や利用については、各市町の窓口やJA（農業協同組合）などに相談してください。""}]"
生徒の髪の毛について,滋賀県の公立中学校における生徒の髪の毛に関する具体的な規定は、提供されたS1～S5の情報には記載がありません。そのため、滋賀県国際協会の情報だけを根拠に事実ベースで回答すると、髪の毛の長さや色などの校則の詳細は不明です。学校ごとに制服や校則の詳細が異なる可能性があるため、該当する中学校の学校長または担任に直接ご確認ください。,"[{""sid"": ""S1"", ""question"": ""子育て応援シリーズ④ 日本の中学生活とは？"", ""answer"": ""中学校では、小学校の時とは授業内容や学校生活で様々な変化があります。安心して中学生活が送れるよう、中学校について少しご紹介しましょう！\n滋賀県には市町立中学校が93校あります。その他に国立中学校、県立中学校、私立中学校、義務教育学校（小中一貫校）、または特別支援学校あります。（2024年4月1日現在）\n市町立中学校はお住まいの学区によって行く学校が決まっています。\n国立・県立・私立中学への進学を希望する場合は受験があります。受験を希望する人は、小学校高学年くらいから学校の先生と相談して進路を決めていきましょう。\n学校生活について\nQ　中学校ではどのような教科を学びますか？\nA　中学校では主に９つの科目（国語、数学、社会、理科、英語、音楽、美術、保健体育、技術・家庭）を勉強し、教科によって先生が違います。年に4，5回定期試験（中間試験、期末試験）があります。また年に数回実力テストもあり、このテストの結果は進学先を考えるときに参考にします。成績は定期試験の結果、授業への参加状況や遅刻、欠席の状況、提出物（ノートや宿題）で評価され、高校進学にも関わる重要なものです。中学校は義務教育なので落第はありません。\nQ　部活動とは何ですか？\nA　生徒の自主的な活動として部活動があり、基本的に加入は自由です。運動部（野球、サッカー、バスケットボール、陸上、テニスなど）と文化部（美術、吹奏楽、手芸、演劇など）があり、部活動の種類は学校によって異なります。主に放課後や休日に活動します。異なる学年の生徒との交流もあり、大会やコンクールに参加することもあります。\nQ　その他学校生活について教えてください。\nA　多くの中学校では学校ごとに制服があります。制服には夏服と冬服があり、夏服は6月から１０月、冬服は10月から6月まで着ます。体操服も学校で決められたものを着ます。\n通学は学校によって自転車や電車通学が認められているところもあります。自転車通学では、鍵の取り付けやヘルメットの着用、自転車保険への加入が必要です。交通ルールを守って登下校しましょう。\n「中学生チャレンジウィーク」があります。働く大人の姿にふれ、自分の生き方を考える機会として中学２年の時期に５日間の職場体験を経験します。（滋賀県内のすべての公立中学校で実施しています）\nQ　子どもの学校での様子が気になります…。\nA　個人面談の時などで子どもの学校生活や学習についての相談ができます。中学３年生になると、三者面談があり、卒業後の進路や高校受験について生徒・保護者・先生で話し合います。また心配なことがあればその都度先生に相談しましょう。\nQ　中学校でかかる費用にはどのようなものがありますか？\nA　授業料、教科書代は無料ですが、入学準備の費用（制服、体操着、水着、体育館シューズ、カバン、部活動の道具など）や、通年の費用（給食費、副教材・学用品費、PTA会費、遠足・修学旅行費、部活動費、通学関連費など）が必要です。\n※就学援助制度：公立の中学校に就学している生徒の保護者に学用品、通学用品、PTA会費等就学に必要な費用の一部を援助する制度です。生活保護対象の保護者、およびそれに準ずる保護者が対象です。在籍している学校、または市町教育委員会にお問い合わせください。""}]"
退職の際の疑問について,滋賀県国際協会の情報に基づくと、退職については就業規則を確認し、自己都合退職の場合は原則として退職の申し出から2週間後に契約が終了します（期間の定めのない労働契約の場合）。解雇の場合は、原則として30日前に予告が必要で、予告日数が不足する場合には不足分の平均賃金を支払います。詳しくは就業規則・労働基準法の規定をご確認ください。,"[{""sid"": ""S1"", ""question"": ""退職するときは"", ""answer"": ""自己都合による退職\n退職については、通常就業規則に定めがありますので、あらかじめその内容や手続きについて確認しておきましょう。 　なお、民法（第627条）によれば、期間に定めのない労働契約の場合は，原則として退職の申し入れから２週間後に契約は終了するものとされています。\nただし、急に「辞めたい」と申し入れることは、会社にとっては事務引継ぎなどで困ることもありますので、退職の時期等については会社と充分話し合うことが望ましいでしょう。\n事業主からの解雇\n解雇に当たっては、雇用者は労働者に少なくとも30日前にその予告をする必要があり、30日前に予告しない場合には30日に不足する日数分の平均賃金（解雇予告手当）を支払う必要があります。（労働基準法20条、21条）。""}]"
保護者との連絡,滋賀県国際協会の情報を根拠に事実ベースで回答します。保護者との連絡については、以下の手段を検討してください。1) 学校側からの連絡方法は学校の案内に従い、PTA・保護者会の活動を通じて連絡体制を確認してください。2) 子育て支援や相談窓口として、地域の役所・保健センター・児童相談所等へ問い合わせ可能です。必要に応じて、地域のファミリー・サポート・センター等を利用して保護者と学校の連携を円滑にする支援を受けてください。,"[{""sid"": ""S4"", ""question"": ""子育て応援シリーズ① 子どもが生まれたら"", ""answer"": ""子どもが生まれたらお住まいの役所で様々な手続きがあります。外国籍の子どもには、領事館（大使館）や出入国管理局での手続きも必要になります。\n役所でする手続き\n1. 出生届\n2. 児童手当\n3. 子どもの健康保険\n4. 福祉医療費助成（乳幼児）\n大使館・出入国管理局での手続き\n- 生まれてから30日以内に出入国管理局で子どもの在留許可申請をします。\n- 各国領事館 （大使館）で子どもの国籍を取得し、パスポートの申請をします。\n子どもとお母さんの健康のために\n出産後、子どもとお母さんの健康を定期的に確認します。子どもの各種健診や教室、訪問のほとんどが無料なので積極的に利用しましょう。心配なことがあれば相談しましょう。\n- 産後健診\n- 新生児訪問\n- 予防接種\n- 乳幼児健診\n- 離乳食教室\n子どもの成長、発達が気になる．．．\nまずは乳幼児健診の時やかかりつけ医に相談しましょう。\n市町の保健センター\n市町の発達支援室・センター (https://www.pref.shiga.lg.jp/file/attachment/5397382.pdf)\n発達障害に関する外国人保護者向けパンフレット\n発達障害情報・支援センター (http://www.rehab.go.jp/ddis/world/brochure/)\n育児の不安を相談したい．．．\n市町の家庭児童相談室　市町の役場で相談しましょう。\nこころんだいやる電話相談\nTEL： 077-524-2030\n（子ども・子育て応援センター　電話、または面接での相談ができます）\n児童相談所相談専用ダイヤル\nTEL：0120-189-783\n虐待かな．．．\n児童相談所虐待対応ダイヤル\nTEL：189\n子どもを一時的に預かってほしい．．．（事前登録要）\nファミリー・サポート・センター\nファミリー・サポート・センター (https://www.hugnavi.net/child/family.php)\n「子どもを預けたい人」と「子どもを預かりたい人」を結び付け、保育所までの送迎や、保護者の病気などの際に子どもを預かったりします。\n一時預かり事業\n保護者の病気や用事の時に子どもを保育所などで一時的に預かります。\n病児・病後児保育\n病児・病後児保育 (https://hugnavi.net/child/byouji.php)\n子どもが病気の際、保護者が家庭での保育が難しい場合に、医療機関や保育所等で子どもを一時的に保育します。\n働いているので子どもを保育所で預かってもらいたい．．．\n保育所、認定こども園、認可外子ども施設などで、０歳から子どもを預かってもらえます。施設の利用にはお住まいの市町から利用のための認定を受ける必要があります。市町の役場で相談しましょう。\n一人で子どもを育てています．．．\n経済支援、就労支援のほかに、家事や子育てのサポートが受けられます。\n市町の役場で相談しましょう。\n子どもとお出かけしたい．．．\n地域子育て支援拠点\n地域子育て支援拠点 (https://hugnavi.net/child/base.php)\n子育て中の親子が集い、相互交流や子育ての不安・悩みを相談できる場です。\n児童館\n児童館 (https://hugnavi.net/child/house.php)\n健全な遊びを通して、子どもの発達を援助していく施設です。\n♡滋賀県立びわ湖こどもの国\n滋賀県立びわ湖こどもの国 (http://www.biwa.ne.jp/~kodomo92/sp/index.html)\nたくさんの遊具がある大型の児童館です。　高島市安曇川町北船木\n悩みがあれば、相談しましょう！\n★言葉が心配なときは、「しが外国人相談センター」にお電話ください。\nTEL：077-523-5646\nSHIGA SMILE BABY PROJECT　～ありがとうの贈り物～\nSHIGA SMILE BABY PROJECT　～ありがとうの贈り物～ (https://www.pref.shiga.lg.jp/ippan/kosodatekyouiku/kosodate/319567.html)\n滋賀で生まれた子どもやその家族へ「おめでとう、ありがとう」の思いをこめて、社会全体で出産・子育てを応援しているというメッセージとともに「ありがとうの贈り物」をお届けします。\n対象：１歳未満の赤ちゃん　※事前申し込みが必要です。""}]"
ゴミ収集の仕事をしたい,滋賀県の公的情報源には、ゴミ収集の具体的な就業情報は記載がありません。しかし、自治会や地域のルールがゴミ収集の運用に影響することが案内されています。ゴミの分別や収集日・場所、地域のルールは各市町役場や自治会に確認してください。就業を希望する場合は、ハローワークや滋賀県の農業・環境関連の求人窓口ではなく、一般的な就職情報源（ハローワーク、企業の求人ページ、公的職業支援窓口）を利用し、自治体のごみ収集担当部署や市民課・環境部門へ問い合わせると具体的な募集情報が得られます。就業条件として、地域ごとの分別ルールの理解、現場作業の安全教育、勤務シフト対応などが求められる場合があります。,"[{""sid"": ""S1"", ""question"": ""住む家を探すには？"", ""answer"": ""住まい探しに役立つ情報です。住宅には、「公営住宅」、「賃貸住宅」、「持ち家」などがあります。\n公営住宅\n所得の低い人など一定の条件を満たす人を対象に、公的な住宅があります。定期的に募集をおこない、抽選によって入居が決定します。滋賀県には県営住宅と、市町によって市営や町営住宅があるところもあります。在留資格や所得の要件があるので、確認してください。\n県営住宅\n滋賀県には、県営住宅が県内各地域にあり、年4回（４月、７月、１０月、１月）募集があります。\n市営町営住宅\nお住まいの市町役場に問い合わせてください。\n賃貸住宅\n一般に、日本では不動産屋で物件を探し、書面で契約を結びます。契約時、物件により、礼金や敷金が必要になります。（礼金は家主へのお礼として支払うお金で戻ってきません。敷金とは退去時に原状回復のために使われ、一部戻ってくる場合もあります。）また、連帯保証人が必要な場合と、家賃保証会社を利用する場合があります。その他、不動産屋への仲介手数料の支払いがあります。契約に火災保険の加入が含まれる場合が一般的です。その他、管理費や２年ごとに更新料を支払う必要がある場合が多いです。\nお役立ちサイト\n- [ 不動産情報検索サイト ] （公社）滋賀県宅地建物取引業協会 (https://www.hatomarksite.com/search/shiga/)\n- [ 外国語が話せる不動産店一覧 ] （公財）日本賃貸住宅管理協会 (https://www.jpm.jp/multilingual/index.html)\n- [ 外国人の民間賃貸住宅への円滑な入居について ]　国土交通省 (https://www.mlit.go.jp/jutakukentiku/house/jutakukentiku_house_tk3_000017.html)\n滋賀県の居住支援・住宅セーフティネット制度\n滋賀県での高齢者世帯、障害者世帯、外国人世帯、子育て世帯の入居を受け入れる民間賃貸住宅等の情報です。\n- 滋賀県のセーフティネット住宅 (https://safetynet-jutaku.mlit.go.jp/guest/apart_list.php?pref=25)\n- 滋賀あんしん賃貸住宅 (https://www.pref.shiga.lg.jp/ippan/kendoseibi/zyuutaku/300196.html)\n火災保険\n住宅は賃貸や持ち家にかかわらず、火災保険に加入する必要があります。\n賃貸アパートやマンションなどの場合、入居時や更新時に「大家」と「入居者」がそれぞれ火災保険に加入するケースが一般的です。建物は大家の資産なので、建物に対する火災保険は大家が加入して保険料を支払い、室内の家具や家電などの家財道具に対する保険は、入居者が加入し保険料を支払います。持ち家であれば建物と家財の両方を補償する火災保険に入ります。\n持ち家\n日本では、不動産を購入する際に国籍や在留資格に基づく制限はありません。ただし住宅ローンの借り入れは、永住者や特別永住者の在留資格をお持ちの方に限られています。年齢や所得、勤続年数などの基準を満たし、審査に通ると住宅ローンを組むことができます。また、要件などを満たせば、確定申告で住宅ローン控除を受けることができます。住宅を購入した後、経済状況に変化があった場合は、住宅ローンの借り換えや返済について、銀行に条件変更の相談をしましょう。\nまた、１月１日に住宅を所有している人は、その資産をもとに算定した固定資産税をお住まいの市町役場に支払います。\n空き家バンク\n空き家の賃貸・売却を希望する人が登録した情報を、空き家の利活用を希望する人に紹介する制度です。希望する市町役場の住宅課に空き家バンクがあるかたずねてください。\n- 空き家バンク (https://www.akiya-athome.jp/buy/25/)\n困ったときの相談窓口　（相談無料）\n入居中・契約の解除・明渡し時のトラブルなどの相談窓口：・滋賀県消費生活センター（彦根）/ TEL 0749-23-0999\n住宅取得や不具合、事業者とのトラブルなど様々な住宅についての相談窓口：・住まいるダイヤル/ TEL 03-3556-5147\n引っ越し先が決まったら、何をしたらいいのでしょう？\n届け出\nお住まいの市町役場に転出届を出します。引っ越し後14日以内に、新住所の役場に転居、転入届を出し、在留カードとマイナンバーカードの住所変更も行います。また、子どもさんがおられる方は、新しい保育園、幼稚園、学校への転入手続きも行います。職場、銀行への連絡や、運転免許証の住所変更も必要です。郵便局へ郵便物の転送届を出しておくと、引っ越し前の住所地に届いた郵便物を新住所に転送してもらえます。\n近所との付き合い\n日本では、引っ越した人が近所の人に挨拶をする習慣があります。近所の人と知り合って、ゴミの収集日や収集場所、災害時の避難場所など地域のルールを教えてもらいましょう。\n自治会\n地域ごとに住民が運営する自治会があります。自治会では、住民同士が地域での暮らしを良くするため、防犯、防災、美化活動を行ったり、地域の子どもたちがスポーツや祭りなどを楽しむ「子ども会」があるなど様々な活動をしています。それらの事業の運営のため、会員は自治会費を支払い、役割分担(ぶんたん)もあります。また、細かな地域の情報が掲載された「回覧板」が回ってきます。自治会は任意加入ですが、ゴミ収集場所の管理を自治会がしている場合など、加入が必要になることもあります。災害時などには近所同士の助け合いが必要になるので、近所とのお付き合いは大切にしましょう。\n※地域によって自治会の有無や活動内容、自治会費は異なりますので、必ず確認してください。""}]"
香水の輸入販売をしたい,香水の輸入販売については、提出前に滋賀県国際協会の情報だけでは十分な根拠が得られません。よって、まずは持ち込み・輸入条件の確認や法的要件（薬事法・関税・動物関連でない場合は別）について、関係機関へ直接確認してください。特に輸入販売には化粧品・香料としての規制、表示・成分表示、輸入手続き、検疫要件などが関わる可能性があります。詳細は関係機関の公式情報を確認のうえ、必要に応じて専門家へ相談してください。,"[{""sid"": ""S1"", ""question"": ""ペットを出国、入国させる場合は？"", ""answer"": ""ペットを海外へ連れて行ったり、持ち帰ったりするときは、日本と相手国に入るための条件をクリアする必要があります。手続きに時間がかかるので、できるだけ早く動物検疫所に連絡してください。\n動物検疫所 (http://www.maff.go.jp/aqs/animal/index.html)""}]"
注文した品に関する問題,滋賀県国際協会の情報ベースでは、注文した品に関する具体的な対応案内は公開されていません。よって、郵便局に関連する各言語の案内ページを確認してください。該当ページには問題解決の手順が記載されています。,"[{""sid"": ""S1"", ""question"": ""郵便局について"", ""answer"": ""以下の関連ページに各言語で案内があります。""}]"
来所者の要件確認,滋賀県在住の方は大阪入国管理局大津出張所で在留関係の手続きが行えます。来所時には在留資格・在留期間・目的等の情報を確認される場合があります。外国人在留インフォメーションセンターでも日本語以外の言語で相談可能です。住所・電話は公式案内をご確認ください。,"[{""sid"": ""S1"", ""question"": ""在留について"", ""answer"": ""日本に住む外国人には、それぞれの滞在目的に従って在留資格と在留期間が与えられます。おのおのの「在留資格」には活動できる内容が厳格に規定されています。\n関連ページ\n出入国在留管理庁 (http://www.moj.go.jp/isa/index.html)\n在留関係の手続きについては\n在留関係手続き (https://www.moj.go.jp/isa/applications/index.html)\n入国後の在留関係の手続き\n滋賀県在住の方は、\n大阪入国管理局大津出張所\nで行います。\n大阪入国管理局大津出張所 (http://www.moj.go.jp/isa/about/region/osaka/index.html)\n大津市京町3-1-1 大津びわ湖合同庁舎6階　　℡：077-511-4231\n一般的な内容についての相談\n外国人在留インフォメーションセンター・ワンストップ型相談センター（入国管理局）に外国語で問い合わせることもできます。\n外国人在留インフォメーションセンター (http://www.moj.go.jp/isa/consultation/center/japanese.html)\n℡ 0570-013904（ＩＰ, ＰＨＳ, 海外: 03-5796-7112）\n新しい在留資格への移行により、平成24年7月9日より前の住所は住民票には記載されません。 ※これまで市区町村で保管されていた「外国人登録原票」は、平成24年7月9日から法務省で保管されています。\n外国人登録原票に係る開示請求について（法務省HPへリンク） (http://www.moj.go.jp/isa/applications/disclosure/foreigner.html)""}]"
カテーテルの手術が不安,滋賀県国際協会の情報では、カテーテル手術に関する具体的な解説は公表されていません。一般的な不安感の対処としては、事前に担当医師へ質問し、手術の目的・流れ・リスク・麻酔について詳しく確認すること、術後の回復期間や痛みの管理についても説明を受けることをおすすめします。必要であれば、主治医と相談のうえ、疑問点をメモして持参すると安心です。,[]
労災給付の受給資格を喪失した件について,労災給付の受給資格を喪失した件については、事業主が労災保険に加入していること、業務上の事故や病気が原因であること、医療費や休業補償が適用されることなどの一般的な要件がありますが、具体的な判断は所轄の労働基準監督署へご相談ください。,"[{""sid"": ""S1"", ""question"": ""労働災害"", ""answer"": ""外国人労働者（入国管理法における「不法就労者」を含む）も仕事場でケガをしたり、仕事が理由で病気になったり、死亡したり、あるいは職場への行きかえりに事故にあったりした場合には、医療費、仕事ができない分の補償、傷害が残ったときの補償等を労災保険から受けられます。この保険には、パートタイマー、アルバイトを問わず労働者を1人でも雇っている事業主は加入しなければならず、保険料については事業主が全額負担しなければなりません。 詳しいことは労働基準監督署に相談しましょう。""}]"
在留資格更新,滋賀県国際協会の情報に基づくと、在留資格の更新手続きについては、在留関係手続きの案内を参照してください。具体的には、在留資格の更新や変更などの手続きは出入国在留管理庁の窓口や滋賀県在住の方は大阪入国管理局大津出張所で行います。最新情報は法務省の在留関係手続きページをご確認ください。また、手続きに関する一般的な相談は外国人在留インフォメーションセンター等をご利用ください。滋賀県内の窓口情報や相談先については滋賀労働局の関連窓口も参考になります。必要な書類や要件は在留資格の種類や状況により異なりますので、公式案内を確認のうえ、所在地域の窓口へご相談ください。,"[{""sid"": ""S2"", ""question"": ""在留について"", ""answer"": ""日本に住む外国人には、それぞれの滞在目的に従って在留資格と在留期間が与えられます。おのおのの「在留資格」には活動できる内容が厳格に規定されています。\n関連ページ\n出入国在留管理庁 (http://www.moj.go.jp/isa/index.html)\n在留関係の手続きについては\n在留関係手続き (https://www.moj.go.jp/isa/applications/index.html)\n入国後の在留関係の手続き\n滋賀県在住の方は、\n大阪入国管理局大津出張所\nで行います。\n大阪入国管理局大津出張所 (http://www.moj.go.jp/isa/about/region/osaka/index.html)\n大津市京町3-1-1 大津びわ湖合同庁舎6階　　℡：077-511-4231\n一般的な内容についての相談\n外国人在留インフォメーションセンター・ワンストップ型相談センター（入国管理局）に外国語で問い合わせることもできます。\n外国人在留インフォメーションセンター (http://www.moj.go.jp/isa/consultation/center/japanese.html)\n℡ 0570-013904（ＩＰ, ＰＨＳ, 海外: 03-5796-7112）\n新しい在留資格への移行により、平成24年7月9日より前の住所は住民票には記載されません。 ※これまで市区町村で保管されていた「外国人登録原票」は、平成24年7月9日から法務省で保管されています。\n外国人登録原票に係る開示請求について（法務省HPへリンク） (http://www.moj.go.jp/isa/applications/disclosure/foreigner.html)""}, {""sid"": ""S3"", ""question"": ""派遣労働についての新しいルール等を知って、就労に役立てましょう！"", ""answer"": ""■派遣受け入れ期間の制限と労働契約の申し込み義務について\n一部の業務を除き、派遣先で派遣労働者を受け入れることのできる期間には最長３年の制限があります。期間制限を超えてその業務について派遣労働者を仕事をさせる場合などは、派遣先は派遣労働者へ労働契約の申込みをしなければなりません。 2015年の労働者派遣法改正法で、派遣として、同じ事業所で同じ仕事を３年を超えて働くことは、基本的にできないことになりました。一定の手続きを経れば、３年を超えて働くことはできますが、異なる「課」などへ移動することが必要です。2018年９月より、同じ事業所の同じ「課」などに、継続して３年派遣される見込みとなった場合には、派遣元事業主（派遣会社）から下記の雇用安定措置（義務）を受け取ることが可能です。 （１年以上３年未満派遣見込みの方には、努力義務の対象。「派遣元で無期雇用されている派遣労働者」や「６０歳以上の派遣労働者」などは、雇用安定措置の対象外）\n対象：2015年９月３０日以降に労働者派遣契約を締結・更新した派遣労働者\n△　雇用安定措置の内容（義務）\n派遣元事業主は、以下の1.～4.のいずれかの措置を講じる必要があります。また、1.を講じて直接雇用に結び付かなかった場合には、別途2.～4.のいずれかの措置を講じる必要があります\n1. 派遣先への直接雇用の依頼（派遣先が同意すれば、派遣先の社員となります）\n2. 新たな派遣先の提供（その条件が派遣で働く方の能力、経験に照らして合理的なものに限る）\n3. 派遣元での派遣労働者以外としての無期雇用\n4. その他雇用の安定を図るための措置\n注意\n- 雇用安定措置の対象となるには、派遣元事業主に対し、派遣終了後も継続して就業することを希望することが必要です。雇用安定措置1.～4.のうち、派遣元事業主に講じてもらいたいものを希望することができます。\n- 派遣先が、派遣労働者を禁止業務（港湾運送業務、建設業務、警備業務、医療関連業務）に従事させたり、期間制限に違反して労働者派遣を受け入れたなどの場合には、その派遣労働者に対して労働契約の申し込みをしたとみなされます。\n■無期雇用への転換推進措置について\n2018年４月から無期雇用の申請受付も始まっています。有期労働契約が2013年４月以降、反復して更新されて通算５年を超えたときは、労働者の申し込みにより、次回の契約から期間の定めのない労働契約に転換できます。（詳しくはみみタロウ１２６号）\n労働についての相談窓口\n滋賀労働局総合労働相談コーナー　℡：077-522-6648　（日本語）\n大津市打出浜１４－１５滋賀労働総合庁舎４Ｆ\n「外国人労働者向け相談ダイヤル」10:00～15:00\n- 英語　　　　　月～金　　　℡ 0570-001701\n- 中国語　　　　月～金　　　℡ 0570-001702\n- ポルトガル語　月～金　　　℡ 0570-001703\n- スペイン語　　火、木、金　℡ 0570-001704\n- タガログ語　　火、水　　　℡ 0570-001705""}, {""sid"": ""S4"", ""question"": ""働き方が変わります（2019年４月から）"", ""answer"": ""時間外労働の上限規制が導入されます！（中小企業は２０２０年４月１日から）\n時間外労働の上限が、原則月４５時間、年３６０時間となります。臨時的な特別な事情がある場合でも年７２０時間、月１００時間未満（休日労働を含む）、複数月平均８０時間（休日労働含む）を限度に設定する必要があります。\n年次有給休暇の確実な取得が必要です！\n年次有給休暇は、原則として、労働者が請求する時季に与えることとされていますが、職場への配慮等の理由から取得率が低調な現状があります。\nこのため、全ての企業において、年１０日以上の年次有給休暇が付与される労働者に対して、年次有給休暇の日数のうち年５日については、使用者が時季を指定して取得させることが必要となりました。\n年次有給休暇を５日以上取得済みの労働者に対しては、使用者による時季指定は不要です。\n☛有給休暇は勤務年数等によって異なります。労働者側から希望する日を雇用者に申し出ます。""}]"
彦根労働基準監督署の連絡先について,彦根労働基準監督署の連絡先は、滋賀労働局総合労働相談コーナーとは別に窓口電話が公開されています。詳細な電話番号・所在地は滋賀労働局の公式案内に記載されており、直接の連絡先は滋賀労働局総合労働相談コーナー（電話番号：077-522-6648）から案内を受けられます。必要に応じて同庁の外国人労働者向け相談ダイヤルも利用可能です。,"[{""sid"": ""S2"", ""question"": ""派遣労働についての新しいルール等を知って、就労に役立てましょう！"", ""answer"": ""■派遣受け入れ期間の制限と労働契約の申し込み義務について\n一部の業務を除き、派遣先で派遣労働者を受け入れることのできる期間には最長３年の制限があります。期間制限を超えてその業務について派遣労働者を仕事をさせる場合などは、派遣先は派遣労働者へ労働契約の申込みをしなければなりません。 2015年の労働者派遣法改正法で、派遣として、同じ事業所で同じ仕事を３年を超えて働くことは、基本的にできないことになりました。一定の手続きを経れば、３年を超えて働くことはできますが、異なる「課」などへ移動することが必要です。2018年９月より、同じ事業所の同じ「課」などに、継続して３年派遣される見込みとなった場合には、派遣元事業主（派遣会社）から下記の雇用安定措置（義務）を受け取ることが可能です。 （１年以上３年未満派遣見込みの方には、努力義務の対象。「派遣元で無期雇用されている派遣労働者」や「６０歳以上の派遣労働者」などは、雇用安定措置の対象外）\n対象：2015年９月３０日以降に労働者派遣契約を締結・更新した派遣労働者\n△　雇用安定措置の内容（義務）\n派遣元事業主は、以下の1.～4.のいずれかの措置を講じる必要があります。また、1.を講じて直接雇用に結び付かなかった場合には、別途2.～4.のいずれかの措置を講じる必要があります\n1. 派遣先への直接雇用の依頼（派遣先が同意すれば、派遣先の社員となります）\n2. 新たな派遣先の提供（その条件が派遣で働く方の能力、経験に照らして合理的なものに限る）\n3. 派遣元での派遣労働者以外としての無期雇用\n4. その他雇用の安定を図るための措置\n注意\n- 雇用安定措置の対象となるには、派遣元事業主に対し、派遣終了後も継続して就業することを希望することが必要です。雇用安定措置1.～4.のうち、派遣元事業主に講じてもらいたいものを希望することができます。\n- 派遣先が、派遣労働者を禁止業務（港湾運送業務、建設業務、警備業務、医療関連業務）に従事させたり、期間制限に違反して労働者派遣を受け入れたなどの場合には、その派遣労働者に対して労働契約の申し込みをしたとみなされます。\n■無期雇用への転換推進措置について\n2018年４月から無期雇用の申請受付も始まっています。有期労働契約が2013年４月以降、反復して更新されて通算５年を超えたときは、労働者の申し込みにより、次回の契約から期間の定めのない労働契約に転換できます。（詳しくはみみタロウ１２６号）\n労働についての相談窓口\n滋賀労働局総合労働相談コーナー　℡：077-522-6648　（日本語）\n大津市打出浜１４－１５滋賀労働総合庁舎４Ｆ\n「外国人労働者向け相談ダイヤル」10:00～15:00\n- 英語　　　　　月～金　　　℡ 0570-001701\n- 中国語　　　　月～金　　　℡ 0570-001702\n- ポルトガル語　月～金　　　℡ 0570-001703\n- スペイン語　　火、木、金　℡ 0570-001704\n- タガログ語　　火、水　　　℡ 0570-001705""}, {""sid"": ""S3"", ""question"": ""日本の労働関係法令（事業主側に求められていること ）"", ""answer"": ""国籍を理由とする差別的取り扱いの禁止\n使用者は、労働者の国籍、信条又は社会的身分を理由として、賃金、労働時間、その他の労働条件について、差別的取り扱いをしてはならないとされています。（労働基準法　第3条）\n労働条件の明示\n使用者は、労働契約を締結するにあたって、賃金、労働時間その他の労働条件を労働者に明示しなければなりません。特に賃金に関する事項は、書面で明示することが必要です。（労働基準法15条）\nまた、雇い入れにあたっては、賃金、労働時間等の主要な労働条件について、外国人労働者が理解できるようその内容を明らかにした書面（雇入通知書）を交付するよう求められています。\n強制労働･中間搾取の禁止\n使用者は、暴行や脅迫等で、労働者の意思に反して労働を強制してはなりません。\nまた、法令に基づいて許される場合のほか、業として他人の就職に介入して利益を得てはなりません。\n労働契約の不履行について違約金，損害賠償額を予定する契約の禁止\n契約期間満了前の退職等，労働者側の労働契約不履行について違約金を定めたり、損害賠償の額を予定する契約をすることは禁止されています。（労働基準法第16条）\n労働災害にあって療養中の労働者に対する解雇の制限\n業務上負傷し、又は疾病にかかり療養のために休業する期間及びその後30日間の解雇は禁止されています。(労働基準法第19条)\n解雇の予告\n労働者を解雇する場合には、少なくとも30日前に予告する必要があります。30日前に予告しない場合には30日に不足する日数分の平均賃金 (解雇予告手当)を支払う必要があります。\nただし、天災などのやむを得ない事由のために事業の継続が不可能になった場合や、労働者の責に帰すべき事由により解雇する場合はこの限りではありませんが、その場合、労働基準監督署長による解雇予告の除外認定を受けることが必要です。（労働基準法第20条､第21条）\n賃金の支払い\n賃金は､通貨で､労働者に対し直接に､全額を､毎月1回以上、一定期日を定めて支払わなければなりません。ただし、税金、雇用保険料などの法定控除及び組合費などの労使協定による控除は全額払いの例外となります。(労働基準法第24条)\n最低賃金\n使用者は労働者に対し最低賃金額以上の賃金を支払わなくてはなりません。最低賃金には、地域別最低賃金と産業別最低賃金があります。(最低賃金法)\n労働時間､休日\n法定労働時間は、1日8時間、1週間40時間 (一部の規模・業種の事業場については46時間)となっています。(労働基準法第32条。第40条)法定の休日は、週について１日又は４週について４日以上とされています。(労働基準法第35条)\n時間外・休日労働及び深夜労働の割増賃金\n法定の労働時間を延長し､法定の休日に労働させるには、法令で定められた一定の手続きが必要とされています。（労働基準法第36条）\nまた、法定の労働時間を超える労働に対しては､通常の労働時間または労働日の賃金の25％以上の率、法定の休日における労働に対しては、35％以上の率で計算した割増賃金を支払わなければなりません。\nさらに、深夜（午後10時から午前5時まで）における労働に対しても、25％以上の率で計算した割増賃金を支払わなければなりません。（労働基準法第37条）\n年次有給休暇\n6ヶ月間継続勤務し、全労働の8割以上出勤した労働者に対しては､年次有給休暇を与えなければなりません。（労働基準法第39条）\n金品の返還\n我が国に在留する外国人は、旅券又は外国人登録証明書を常時携帯する必要がある（入管法第23条）ので、事業主は旅券等を保管しないこととされています。\nまた、労働者が退職する際に、請求があった場合、7日以内に当該労働者の権利に属する金品を返還しなければなりません。（労働基準法第23条）\n安全衛生\n労働者の安全と衛生を確保するため、安全衛生教育（雇入れ時の教育等）、健康診断の実施等、労働者の危険又は健康障害を防止するための措置を講じなければなりません。（労働安全衛生法）""}, {""sid"": ""S5"", ""question"": ""高校生はアルバイトできますか？"", ""answer"": ""15歳になって最初の3月31日が過ぎた人は就労が認められます。在籍する高校の校則でアルバイトが許可されていれば高校生も働くことができますが、18歳未満の未成年であり、社会での経験がまだ浅いため、以下のように法律で守られています。\n- 就職に当たって、保護者の同意書、年齢証明書、在留カードの提示が求められます。\n- 仕事の内容では、危険や有害な業務について就業の制限又は禁止されています。\n- 就労時間については、深夜業や時間外・休日労働の制限/変形労働時間制の勤務も禁止されています。\n※不当な労働契約や賃金の未払い、パワハラ、セクハラなど劣悪な環境で働かせるブラックバイトもあるので、雇用契約時には、雇用契約書を取り交わし、内容を確認するようにしてください。\n※犯罪行為によって報酬を受け取る\n闇バイト\nが、SNSなどを通して広まっています。決して「高収入」だから、と軽い気持ちで応募してはいけません。身分証や家族の情報などを提供してしまうことによって犯罪組織から抜け出せない手口になっています。自分の個人情報やプライバシーに関することはむやみに提供しないように気を付けましょう。\nいじめ、いやがらせ、セクハラ、解雇など仕事の相談\n- 滋賀労働局　雇用環境・均等室　Tel 077-523-1190\n- 労働条件相談ほっとライン（多言語相談）\n- 闇バイトの相談　警察相談ダイヤル#9110""}]"
産休給付金について,滋賀県国際協会の情報に基づくと、産休給付金として出産育児一時金と出産手当金があります。出産育児一時金は1児につき50万円（病院の都合で48.8万円の場合もあり）、病院で直接払い手続きを行います。出産手当金は、直近1年間の平均給与の約2/3を、出産日以前42日間（多胎は98日）＋出産日後56日間にわたり受け取れます。申請はそれぞれ病院での手続き（出産育児一時金）と会社を通じた健康保険の申請（出産手当金）で行います。なお、これらの制度は健康保険の給付であり、保険の適用条件を満たす方が対象です。,"[{""sid"": ""S4"", ""question"": ""【健康保険シリーズ5】子どもが生まれたら"", ""answer"": ""健康保険は病気になったときの給付だけではありません。他にもさまざまな給付があります。今日はその中でも、出産にかかわる健康保険からの給付をご紹介します。出産を控えている方にはぜひ知っておいて欲しい制度です。\n出産は保険が使えるの？「出産育児一時金」\n正常な妊娠・出産は病気ではありませんので、健康保険の対象外となります。3割負担での受診はできません。\nしかし「出産育児一時金」の直接払いの手続きをすれば、出産費用が補助されます。\n病院では補助される額を超えた分のみの費用負担で済みます。\n補助額\n一児につき50万円\n（重度の脳性麻痺を保障する制度に加入していない病院では４8.８万円）\n対象者\n妊娠４ヵ月（８５日）以降の出産で、死産を含みます。\n手続き方法\n病院で手続きができます。利用申込の書類に署名してください。\n出産育児一時金 URL: https://www.kyoukaikenpo.or.jp/g6/cat620/r310/ (https://www.kyoukaikenpo.or.jp/g6/cat620/r310/)\n*頁右上の Select language で言語を選択（英語、中国語（簡体字、繁体字）、韓国語、スペイン語、ポルトガル語）\n出産で会社を休んだら？　「出産手当金」\n妊娠や出産で長期間仕事を休むと、お給料が支払われなくなり生活に困ることもあります。しかし会社で健康保険に加入して働いている方は、「出産手当金」を請求すれば生活保障として手当金が支給されます。（扶養家族の出産は対象外です。また市町村の国民健康保険には、この制度はありません）\n給付額\n直近一年間のお給料を平均した額のおおよそ2/3\n対象期間\n出産日以前42日間（多胎妊娠は98日間）＋出産日後56日間\n手続き方法\n会社を通して健康保険に申請してください。\n出産手当金 URL: https://www.kyoukaikenpo.or.jp/g6/cat620/r311/ (https://www.kyoukaikenpo.or.jp/g6/cat620/r311/)\n*頁右上の Select language で言語を選択\nまた毎月のお給料から引かれている社会保険料も、産休中は支払いが免除されます。\n会社の総務の方に相談してみてください。""}, {""sid"": ""S5"", ""question"": ""【健康保険シリーズ5】子どもが生まれたら"", ""answer"": ""健康保険は病気になったときの給付だけではありません。他にもさまざまな給付があります。今日はその中でも、出産にかかわる健康保険からの給付をご紹介します。出産を控えている方にはぜひ知っておいて欲しい制度です。\n出産は保険が使えるの？「出産育児一時金」\n正常な妊娠・出産は病気ではありませんので、健康保険の対象外となります。3割負担での受診はできません。\nしかし「出産育児一時金」の直接払いの手続きをすれば、出産費用が補助されます。\n病院では補助される額を超えた分のみの費用負担で済みます。\n補助額\n一児につき50万円\n（重度の脳性麻痺を保障する制度に加入していない病院では４8.８万円）\n対象者\n妊娠４ヵ月（８５日）以降の出産で、死産を含みます。\n手続き方法\n病院で手続きができます。利用申込の書類に署名してください。\n出産育児一時金 URL: https://www.kyoukaikenpo.or.jp/g6/cat620/r310/ (https://www.kyoukaikenpo.or.jp/g6/cat620/r310/)\n*頁右上の Select language で言語を選択（英語、中国語（簡体字、繁体字）、韓国語、スペイン語、ポルトガル語）\n出産で会社を休んだら？　「出産手当金」\n妊娠や出産で長期間仕事を休むと、お給料が支払われなくなり生活に困ることもあります。しかし会社で健康保険に加入して働いている方は、「出産手当金」を請求すれば生活保障として手当金が支給されます。（扶養家族の出産は対象外です。また市町村の国民健康保険には、この制度はありません）\n給付額\n直近一年間のお給料を平均した額のおおよそ2/3\n対象期間\n出産日以前42日間（多胎妊娠は98日間）＋出産日後56日間\n手続き方法\n会社を通して健康保険に申請してください。\n出産手当金 URL: https://www.kyoukaikenpo.or.jp/g6/cat620/r311/ (https://www.kyoukaikenpo.or.jp/g6/cat620/r311/)\n*頁右上の Select language で言語を選択\nまた毎月のお給料から引かれている社会保険料も、産休中は支払いが免除されます。\n会社の総務の方に相談してみてください。""}]"
結婚手続きの混乱,結婚手続きに関する混乱は、在日大使館・総領事館へ婚姻手続きの要件を確認し、日本国内では届出先の市町村役場の戸籍係へ提出してください。外国人同士の場合は本国法と日本法の適用が関わり、必要書類の日本語訳も用意します。婚姻の具体的手続きは本国の在日領事館へ問い合わせを推奨します。,"[{""sid"": ""S1"", ""question"": ""婚姻届"", ""answer"": ""- 外国人が日本国内で結婚する場合は両人の本国の法律と日本の法律にしたがって婚姻の手続きをしなければなりせん。\n- 本国の在日領事館または、大使館に婚姻の手続きについて問い合わせてください。\n- 婚姻に関しては、本国で定められている婚姻法に従って、必要書類をそろえ手続きをしてください。（書類の日本語訳文も必要です）\n- 婚姻届を届出人の所在地の市町村役場の戸籍係に提出してください。""}]"
遺族年金について,遺族年金は、老齢・障害・死亡時の家族の生活を保障する公的年金制度の一部であり、厚生年金保険の被保険者が死亡した場合に遺族に支給されます。遺族厚生年金として、配偶者や子など一定の遺族に給付され、条件や支給額は加入期間や夫婦の収入等により異なります。国民年金の被保険者にも一定の遺族給付の扱いがありますが、詳確な支給要件・金額は個別のケースで判断され、年金事務所等へ確認してください。なお、本回答は滋賀県国際協会の情報に基づいています。,"[{""sid"": ""S2"", ""question"": ""年金を受け取るために必要な期間が１０年に短縮されました"", ""answer"": ""これまでは、老齢年金を受け取るためには、保険料納付済等期間が25年以上必要でしたが、2017年8月1日から、10年になりました。（遺族年金・障害年金の受給要件はこれまでどおり変更ありません。）\n老齢年金の受給資格は、以下の４項目をあわせた期間が１０年以上です。\n1. 保険料納付期間（国民年金保険料納付済み期間、厚生年金被保険者加入期間）\n2. 保険料免除、学生納付特例等の納付猶予を受けた期間\n3. 第３号被保険者期間（加入者に扶養されている被保険者）\n4. 合算対象期間（カラ期間） ＊\n＊4. のカラ期間は、年金額に反映されませんが、加入期間には計算される合算対象期間です。\n★ 合算対象期間 には、次のようなものがあります。\n日本国籍を取得した方、永住者等が年金の請求手続きをする際、海外在住期間があった場合に、このことを証明する書類が必要となります。このため、これまでのパスポートも大切に保管しておくことが大切です。また、2012年7月9日以前の「外国人登録原票」は、法務省で保管されています。このため、それ以前の出入国を証明するためには、出入(帰)国記録に係わる開示請求することになります。\n出入（帰）国記録に係る開示請求 (http://www.moj.go.jp/isa/applications/disclosure/record.html)""}, {""sid"": ""S3"", ""question"": ""老齢年金"", ""answer"": ""老齢年金では、どの人にも共通な基礎となる年金を老齢基礎年金といいます。国民年金の加入者は、この老齢基礎年金を受給しますが、厚生年金の加入者は、これに厚生年金部分を加算した金額を受給します。老齢基礎年金は、６０歳まで４０年間保険料を全額支払った場合、年間(779,300円（2017年度）の満額の年金額になります。老齢年金を受給するための年齢はこれまでどおりで６５歳からですが、希望すれば繰り上げ支給や繰り下げ支給もあります。また、厚生年金では、６０歳から６５歳まで、生年月日や性別など一定の要件に基づき、特別支給の老齢厚生年金が支給されます。""}, {""sid"": ""S5"", ""question"": ""年金の相談は"", ""answer"": ""- ねんきんダイヤル ℡ 0570-05-1165　　　IP電話・PHS: ℡ 03-6700-1165\n- 街角の年金相談センター草津（草津市渋川1-1-50） ℡　077-564-4311\n- 大津年金事務所（大津市打出浜13-5） ℡ 077-521-1789\n- 草津年金事務所（草津市西渋川1-16-35） ℡ 077-567-2220\n- 彦根年金事務所（彦根市外町169-6） ℡ 0749-23-1114""}]"
相続問題について,相続問題について、滋賀県国際協会の情報には相続に関する具体的な手続きや取り扱いの記載が見当たりません。相続は一般に故人の財産、相続人、遺言の有無、国内外の法の適用などが関係します。日本国内における相続は民法が基本となり、外国要素がある場合には準拠法の問題が生じることがありますが、滋賀県国際協会の提供情報には詳述がありません。信頼できる情報源としては、法務局・弁護士・公証人・専門機関への相談をお勧めします。必要であれば、滋賀県内の法的サポート窓口等を案内します。,"[{""sid"": ""S1"", ""question"": ""離婚届"", ""answer"": ""- それぞれの夫婦が離婚する場合、どの国の法律が適用されるかという準拠法に深くかかわってきます。\n- 日本では、離婚の準拠法について、第一に夫婦の本国方が同一の時はその法律（共通本国法）により、第二にその共通本国法がない場合において夫婦の常居所地法が同一であるときはその法律によるが、第三にそのいずれの法律もない時は夫婦にもっとも密接な関係のある地の法律（密接関連法）による、とされていますが、これには例外があって、夫婦の一方が日本に常居所がある日本人であるときは、日本の法律によって決められます。\n- 日本の法律が適用される場合、協議離婚をすることができます。協議が成立しない場合は、家庭裁判所の調停や審判による離婚、地方裁判所の判決による離婚のいずれの方法もとることができます。\n- 各国の離婚に関する法律については、各在日公館にお問い合わせください。""}]"
娘の高校進学の相談,滋賀県国際協会の情報に基づくと、娘さんの高校進学にはまず入学試験合格と年齢要件などが一般的な条件です。日本の義務教育は中学校までですが、高校進学は本人の意思次第で、進学すると将来の選択肢が広がります。滋賀県内の高等学校には全日制・定時制・通信制があり、各種奨学金・就学支援制度が用意されています。制度や学校選び、申請手続きについては、滋賀県教育委員会事務局や各高校の入学担当に相談することをお勧めします。具体的な学校情報や就学支援の申請については、以下の窓口をご活用ください。- 滋賀県教育委員会事務局：077-528-4573（入学・就学相談を含む）- 学校へ直接お問い合わせ（志望校の入試情報、学費支援など）,"[{""sid"": ""S1"", ""question"": ""高校の入学"", ""answer"": ""一般の日本の高校へ入学するためには、入学試験に合格しなければなりません。\n応募資格\n年齢が入学しようとする年の4月1日までに15才に達していること。\n原則として、外国で9年間の学校教育を終了しているか、日本の中学校を卒業、又は卒業見込であること。\n入学の問い合わせ\n滋賀県教育委員会事務局 ： 077-528-4573""}, {""sid"": ""S4"", ""question"": ""子育て応援シリーズ 5　滋賀県の高等学校等について"", ""answer"": ""日本の義務教育は中学校までなので、高校に進学するかどうかは本人の意思によります。高校に進学すると大学や専門学校への道がひらけ、将来の仕事の選択肢も増えます。ただ中学校と違い、成績や出席状況によっては必要な単位がとれず、留年や卒業できないこともあるので気を付けましょう。\n高等学校には学習の形態により次のようなものがあります。\n全日制：中学校と同様、午前中からはじまり、昼食をはさんで午後まで授業があります。３年制。\n定時制：昼間と夜間の部の特定の時間帯に学習します。４年、または３年で卒業できます。\n通信制：主に自宅で教材を学習し、レポートを提出します。面接指導のため登校することもあります。４年、または３年で卒業できます。\n滋賀県内にある高等学校等の紹介\n- 滋賀県立高校の情報はこちら → 夢の設計図（日本語・ポルトガル語・スペイン語・中国語・タガログ語） (https://www.pref.shiga.lg.jp/edu/school/tokusyoku/104806.html)\n- 滋賀県私立高等学校の情報はこちら → 滋賀県私立高等学校の情報 (https://shiga-shigaku.com/school)\n- 滋賀県立高等技術専門校（テクノカレッジ）\n- 専修学校等　実践的な職業教育や専門的な技術教育を受けられます。中学卒業で入学できる高等課程をもつ学校\n授業料やその他の教育費の支援制度の紹介\n高等学校等就学支援金：国公私立にかかわらず高校の授業料の支援を受けられる国の制度です。（返済不要）学校を通して申請し、保護者に直接支給されるのではなく、学校が受け取り授業料に充当されます。\n高校生等奨学給付金\n授業料以外の教育費を対象に給付金が支給されます。（返済不要）\n対象：高校生がいる生活保護世帯と非課税世帯が申請できます。\n奨学制度\n経済的に勉強をつづけることが困難な人のために、学費を援助する奨学制度があります。\n「滋賀県奨学資金」、「滋賀県高等学校等定時制課程および通信制課程就学奨励金」については在学する高等学校または県教育委員会の教育総務課（077-528-4587）に相談してください。また滋賀県社会福祉協議会（077-567-3903）で生活福祉資金貸付（教育支援資金）の相談も随時できます。\n滋賀県公立高等学校の入学者選抜が2026年度４月入学予定者から新制度に変わります！\nこれまで「推薦選抜」、「スポーツ・文化芸術推薦選抜」、「特色選抜」、「一般選抜」の４つの受検方法でしたが、新制度では受検生の負担を減らすため「一般型選抜」と「学校独自型選抜」の２つになり、一度の受検で２つを併願できるようになります。すべての受検生（全日制・定時制）が２月下旬に学力検査（５教科：国語・数学・社会・理科・外国語（英語））を受けます。\nこのほかWeb出願システムに変わります。\n詳しくは学校や滋賀県教育委員会のHPで確認してください。""}, {""sid"": ""S5"", ""question"": ""小学校、中学校"", ""answer"": ""日本国内に住所を有する外国人の子どもは、日本の小中学校に就学する義務を負うものではありませんが、希望する場合は就学することができます。公立小中学校は授業料はいりませんが、教材費などは必要です。\n就学の問い合わせ\n- 公立小中学校への就学：各市町村教育委員会\n- 私立小中学校への就学：直接、各小中学校""}]"
固定資産税,固定資産税は、毎年1月1日に土地、家屋などを所有している者に課せられます。,"[{""sid"": ""S1"", ""question"": ""様々な税金"", ""answer"": ""不動産取得税\n不動産取得税は不動産の取得者に課せられます。\n自動車税\nすべての自動車の所有者に課せられます。（滋賀県自動車税務署）\n軽自動車税\n軽自動車の所有者に課せられます。（各市町村税務担当課）\n固定資産税\n固定資産税は、毎年1月1日に土地、家屋などを所有しているものに課せられます。""}]"
通訳派遣について,通訳派遣に関する具体的な制度やルールは、提供された情報（S1〜S5）には記載がありません。滋賀県国際協会の情報の根拠として、派遣労働の期間制限・雇用安定措置・無期転換などの一般的な派遣労働の枠組みや外国人相談窓口が挙げられていますが、通訳派遣専用の規定は示されていません。よろしければ、S1〜S5の範囲内で関連する一般的な派遣労働の情報を補足してご案内します。,"[{""sid"": ""S1"", ""question"": ""派遣労働についての新しいルール等を知って、就労に役立てましょう！"", ""answer"": ""■派遣受け入れ期間の制限と労働契約の申し込み義務について\n一部の業務を除き、派遣先で派遣労働者を受け入れることのできる期間には最長３年の制限があります。期間制限を超えてその業務について派遣労働者を仕事をさせる場合などは、派遣先は派遣労働者へ労働契約の申込みをしなければなりません。 2015年の労働者派遣法改正法で、派遣として、同じ事業所で同じ仕事を３年を超えて働くことは、基本的にできないことになりました。一定の手続きを経れば、３年を超えて働くことはできますが、異なる「課」などへ移動することが必要です。2018年９月より、同じ事業所の同じ「課」などに、継続して３年派遣される見込みとなった場合には、派遣元事業主（派遣会社）から下記の雇用安定措置（義務）を受け取ることが可能です。 （１年以上３年未満派遣見込みの方には、努力義務の対象。「派遣元で無期雇用されている派遣労働者」や「６０歳以上の派遣労働者」などは、雇用安定措置の対象外）\n対象：2015年９月３０日以降に労働者派遣契約を締結・更新した派遣労働者\n△　雇用安定措置の内容（義務）\n派遣元事業主は、以下の1.～4.のいずれかの措置を講じる必要があります。また、1.を講じて直接雇用に結び付かなかった場合には、別途2.～4.のいずれかの措置を講じる必要があります\n1. 派遣先への直接雇用の依頼（派遣先が同意すれば、派遣先の社員となります）\n2. 新たな派遣先の提供（その条件が派遣で働く方の能力、経験に照らして合理的なものに限る）\n3. 派遣元での派遣労働者以外としての無期雇用\n4. その他雇用の安定を図るための措置\n注意\n- 雇用安定措置の対象となるには、派遣元事業主に対し、派遣終了後も継続して就業することを希望することが必要です。雇用安定措置1.～4.のうち、派遣元事業主に講じてもらいたいものを希望することができます。\n- 派遣先が、派遣労働者を禁止業務（港湾運送業務、建設業務、警備業務、医療関連業務）に従事させたり、期間制限に違反して労働者派遣を受け入れたなどの場合には、その派遣労働者に対して労働契約の申し込みをしたとみなされます。\n■無期雇用への転換推進措置について\n2018年４月から無期雇用の申請受付も始まっています。有期労働契約が2013年４月以降、反復して更新されて通算５年を超えたときは、労働者の申し込みにより、次回の契約から期間の定めのない労働契約に転換できます。（詳しくはみみタロウ１２６号）\n労働についての相談窓口\n滋賀労働局総合労働相談コーナー　℡：077-522-6648　（日本語）\n大津市打出浜１４－１５滋賀労働総合庁舎４Ｆ\n「外国人労働者向け相談ダイヤル」10:00～15:00\n- 英語　　　　　月～金　　　℡ 0570-001701\n- 中国語　　　　月～金　　　℡ 0570-001702\n- ポルトガル語　月～金　　　℡ 0570-001703\n- スペイン語　　火、木、金　℡ 0570-001704\n- タガログ語　　火、水　　　℡ 0570-001705""}]"
成人年齢について,滋賀県国際協会の情報に基づくと、成年年齢は改正により20歳から18歳に引き下げられました。2004年4月2日生まれ以降の方は18歳の誕生日に成年となります。18歳未満での契約等の扱いには注意が必要です。なお、お酒・たばこ・公営競技の年齢制限は引き下げられていません。,"[{""sid"": ""S1"", ""question"": ""成年年齢が18歳に引き下がります"", ""answer"": ""2022年4月1日に「民法の一部を改正する法律」によって成年年齢が現行の20歳から18歳に引き下がります。\n18歳以上20歳未満の方（2002年4月2日～2004年4月1日生まれ）\n→　2002年4月1日に成年\n2004年4月2日生まれ以降の方\n→　18歳の誕生日に成年\n民法が改正されることで成年・未成年の定義が一部変更され、在留資格や国籍取得など各種申請に係る年齢要件が変更になるため、注意が必要です。\n成年年齢が引き下がることで何が変わるの？\n- 「未成年・未婚の実子」として在留資格「定住者」へ在留資格を変更する場合の年齢制限が18歳未満になります。\n- 帰化できる年齢は20歳以上となっていたところ、18歳以上になります。\n- 日本人の父に認知された子の国籍取得できる年齢は、18歳未満になります。\n- 多重国籍の方は国籍選択が20歳未満（あるいは22歳に達するまで）から18歳未満（あるいは20歳に達するまで）になります。\n- スマートフォンや一人暮らしのためのアパートを借りるための契約，クレジットカードの作成やローンを組んで自動車を購入したりすることが、１８歳から親の同意がなくてもできるようになります。（返済能力を超えるローン契約と認められる場合、契約できないこともあります。）\n- 女性が結婚できる年齢が16歳以上から18歳以上に引き上がります。2022年4月1日の時点で既に16歳以上の女性は、引き続き、18歳未満でも結婚することがきます。\n成年年齢が変わってもお酒を飲んだりたばこを吸ったりすることができるようになる年齢、公営競技（競馬、競輪、オートレース、モーターボート競走）の年齢制限については２０歳のままです。\nまた、国民年金の加入義務も20歳以上のままです。\n民法では、未成年者が親の同意なしに契約をした場合には、原則として、契約を取り消すことができるとされていますが、今回の改正によって18歳で様々な契約を結ぶことが可能になり、その契約に対して責任を負うことにもなります。安易に契約を結ぶのではなく、内容を確認し、納得したうえで契約を結びましょう。契約を結ぶ前に誰かに相談することも大切です。\n消費トラブルに巻き込まれた場合の相談窓口\n- 消費者ホットライン「１８８」（日本語のみ）\n- 法テラス（多言語情報提供サービス）０５７０-０７８３７７　【平日】９時～１７時""}]"
事務所さがしについて,滋賀県国際協会の情報だけを根拠にします。事務所さがしに関して、派遣労働の制度や雇用安定措置、無期転換の制度などの一般的な枠組みを理解することが有用です。派遣の受け入れ期間の制限や、3年を超えた場合の雇用安定措置の可能性、無期雇用への転換推進措置などの制度は事務所探しの際の就労条件の判断材料になります。具体的な求人の案内や手続きは滋賀労働局の窓口や相談ダイヤルを活用してください。外国人労働者向けの相談窓口も案内されています。,"[{""sid"": ""S1"", ""question"": ""派遣労働についての新しいルール等を知って、就労に役立てましょう！"", ""answer"": ""■派遣受け入れ期間の制限と労働契約の申し込み義務について\n一部の業務を除き、派遣先で派遣労働者を受け入れることのできる期間には最長３年の制限があります。期間制限を超えてその業務について派遣労働者を仕事をさせる場合などは、派遣先は派遣労働者へ労働契約の申込みをしなければなりません。 2015年の労働者派遣法改正法で、派遣として、同じ事業所で同じ仕事を３年を超えて働くことは、基本的にできないことになりました。一定の手続きを経れば、３年を超えて働くことはできますが、異なる「課」などへ移動することが必要です。2018年９月より、同じ事業所の同じ「課」などに、継続して３年派遣される見込みとなった場合には、派遣元事業主（派遣会社）から下記の雇用安定措置（義務）を受け取ることが可能です。 （１年以上３年未満派遣見込みの方には、努力義務の対象。「派遣元で無期雇用されている派遣労働者」や「６０歳以上の派遣労働者」などは、雇用安定措置の対象外）\n対象：2015年９月３０日以降に労働者派遣契約を締結・更新した派遣労働者\n△　雇用安定措置の内容（義務）\n派遣元事業主は、以下の1.～4.のいずれかの措置を講じる必要があります。また、1.を講じて直接雇用に結び付かなかった場合には、別途2.～4.のいずれかの措置を講じる必要があります\n1. 派遣先への直接雇用の依頼（派遣先が同意すれば、派遣先の社員となります）\n2. 新たな派遣先の提供（その条件が派遣で働く方の能力、経験に照らして合理的なものに限る）\n3. 派遣元での派遣労働者以外としての無期雇用\n4. その他雇用の安定を図るための措置\n注意\n- 雇用安定措置の対象となるには、派遣元事業主に対し、派遣終了後も継続して就業することを希望することが必要です。雇用安定措置1.～4.のうち、派遣元事業主に講じてもらいたいものを希望することができます。\n- 派遣先が、派遣労働者を禁止業務（港湾運送業務、建設業務、警備業務、医療関連業務）に従事させたり、期間制限に違反して労働者派遣を受け入れたなどの場合には、その派遣労働者に対して労働契約の申し込みをしたとみなされます。\n■無期雇用への転換推進措置について\n2018年４月から無期雇用の申請受付も始まっています。有期労働契約が2013年４月以降、反復して更新されて通算５年を超えたときは、労働者の申し込みにより、次回の契約から期間の定めのない労働契約に転換できます。（詳しくはみみタロウ１２６号）\n労働についての相談窓口\n滋賀労働局総合労働相談コーナー　℡：077-522-6648　（日本語）\n大津市打出浜１４－１５滋賀労働総合庁舎４Ｆ\n「外国人労働者向け相談ダイヤル」10:00～15:00\n- 英語　　　　　月～金　　　℡ 0570-001701\n- 中国語　　　　月～金　　　℡ 0570-001702\n- ポルトガル語　月～金　　　℡ 0570-001703\n- スペイン語　　火、木、金　℡ 0570-001704\n- タガログ語　　火、水　　　℡ 0570-001705""}]"
普通自動車税の分割払いについて,滋賀県情報に基づく文献には、普通自動車税の分割払いについての具体的な記載は見当たりませんでした。したがって、分割払いの可否や手続きの詳細は、滋賀県自動車税務署または所轄の市町村税務担当課へ直接確認してください。,"[{""sid"": ""S1"", ""question"": ""様々な税金"", ""answer"": ""不動産取得税\n不動産取得税は不動産の取得者に課せられます。\n自動車税\nすべての自動車の所有者に課せられます。（滋賀県自動車税務署）\n軽自動車税\n軽自動車の所有者に課せられます。（各市町村税務担当課）\n固定資産税\n固定資産税は、毎年1月1日に土地、家屋などを所有しているものに課せられます。""}]"
診察の形態について,診察の形態には、対面診察が基本ですが、協会けんぽ滋賀支部の案内にあるように、健診や健診関連の案内は郵送や窓口での案内に基づく手続きが中心です。具体的な診察形態の選択肢としては、受診機関の判断により対面診察が最も一般的ですが、健診の費用補助案内は自宅へ案内が届く形式で案内されています。なお、健診の案内を受けた際には、予約して受診することが推奨されています。,"[{""sid"": ""S2"", ""question"": ""【健康保険シリーズ ８】年に１回は健診を受けましょう！"", ""answer"": ""健康診断を受けていますか？健診はからだの異常を早期に発見できる絶好の機会です。まったく自覚症状のない検査数値の異常も、放置しておくと命にかかわる病気に進行してしまう可能性があります。そのため、毎年の健診結果を確認、比較し、からだの変化を読み取ることが大切です。年に１回は必ず健診を受けましょう。\n日本では、４０歳から７４歳までの健康保険の加入者を対象とした「特定健診」を実施しています。加入する健康保険から年に１回健診費用の補助が受けられます。\n★お勤めの方\n年に１回、健康診断を従業員に受けさせることが事業主に義務付けられています。\n会社で健康診断の案内があったら必ず受診しましょう。法で定められた検査項目については、事業主が費用を負担します。\n★協会けんぽの健康保険に加入の扶養家族の方\n４０歳以上のご家族の方には、毎年４月に特定健診の案内が自宅に届きます。\n中には、受診券やパンフレットなどが入っています。事前に受けたい病院や会場を予約して、特定健診を受けましょう。受診券があれば、費用の総額から７,１５０円引きになります。 自己負担なしの無料で受けられる会場もありますので、案内が届いたら、必ず受診しましょう。\n★国民健康保険に加入中の方\n国民健康保険でも特定健診の受診を推進しており、自宅に案内を配付していますので、案内が届いたら必ず受診しましょう。案内の時期や内容については、住んでいる市町村役場に聞いてみましょう。\n協会けんぽに加入の皆様へ ～ お知らせ ～\n２０２３年１月から、協会けんぽの申請書・届出書の様式が変更になりました。\n新しい様式は、協会けんぽのホームページからダウンロードできます。\n古い様式の申請書・届出書をお持ちの方は、使用せず廃棄してください。""}]"
紙オムツ支援,滋賀県国際協会の情報には、紙おむつ支援に関する記載はありません。よって、紙オムツ支援の手続きや対象などの事実ベースの情報は提供できません。必要であれば、滋賀県教育委員会や自治体の福祉窓口など、公式の支援制度を確認してください。,"[{""sid"": ""S1"", ""question"": ""修学支援の手続きについて"", ""answer"": ""～2019年４月からマイナンバーの提出が必要になる手続があります！～\n「高等学校等就学支援金」、「奨学のための給付金」、「特別支援学校の児童生徒に対する就学奨励費」を申請する際、マイナンバーの提出が必要となります。\n◆ 高等学校等就学支援金\n- 高等学校等の授業料を国が支援する給付型の制度。\n- モデル世帯における年収が約910万円未満（県民税所得割額と市町民税所得割額の合計が507,000円未満）の世帯が対象。\n- 在学する学校で申請します。\n- 就学支援金は学校が受け取り、保護者には振り込まれません（私立の場合は学校により取扱いが異なります）。\n☛高等学校等就学支援金について（多言語） (http://www.mext.go.jp/a_menu/shotou/mushouka/detail/1342886.htm)\n◆ 奨学のための給付金（高校生等奨学給付金）\n- 高等学校等の授業料以外の教育費を支援する制度（返済不要）。\n- 県民税所得割額と市町民税所得割額が非課税の世帯が対象。\n- 保護者がお住まいの都道府県で申請します（滋賀県内の学校に在学する場合は学校で申請します）。\n- 給付金は、原則、保護者が受け取ります（私立の場合は学校により取扱いが異なります）。\n問合せ：高等学校等就学支援金・高校生等奨学給付金について\n（公立学校）滋賀県教育委員会事務局　高校教育課 ℡　077-528-4587\n（私立学校）滋賀県総務部　私学・大学振興課　　 ℡　077-528-3271\n◆ 特別支援学校の児童生徒に対する就学奨励費\n- 特別支援学校へ就学のために必要な経費の一部または全部を、世帯の収入状況等に応じて支給する制度。\n- 特別支援学校の児童生徒等の保護者が対象。\n- 在学する学校で申請します。\n- 就学奨励費は、原則、保護者が受け取ります。\n問合せ：滋賀県教育委員会事務局　特別支援教育課　℡　077-528-4641\nマイナンバーとは\n- マイナンバーは住民登録している人が持つ１人１つの番号（１２桁）です。\n- マイナンバーカード、マイナンバー通知カード、マイナンバーが記載されている住民票記載事項証明書で確認することができます。\n- マイナンバーカード、マイナンバー通知カードをなくしてしまった場合は、お住まいの市町役場に　\n相談して下さい。\n☛マイナンバーについて（多言語） (https://www.cao.go.jp/bangouseido/foreigners/index.html)""}]"
カードローンの支払い,滋賀県国際協会の情報にはカードローンの明確な支払い方法の指示は掲載されていません。教育資金貸付制度や教育ローン、一般の教育一般貸付（国の教育ローン、銀行の教育ローン）についての情報はに記載されています。カードローンの支払いについては、契約書の条項や金融機関の案内を確認してください。必要であれば、借入先の窓口へ直接ご相談ください。,"[{""sid"": ""S1"", ""question"": ""教育資金貸付制度、教育ローン"", ""answer"": ""＊在留資格について、制約がある場合があります。\n金利、返済期間等について、確認してから借りましょう。\n生活福祉資金教育貸付 (教育支援金)\n[対象者] 低所得者世帯\n[連絡先・備考] 滋賀県社会福祉協議会 　 TEL：077-567-3903\n＊無利子\nひとり親家庭・寡婦福祉資金の修学資金、就学支度金の貸付\n[対象者] 母子父子家庭\n[連絡先・備考]\n滋賀県健康医療福祉部子ども・青少年局 TEL：077-528-3554\n大津市在住者は大津こども家庭課　 TEL：077-528-2686\n＊無利子\n教育一般貸付 国の教育ローン\n[連絡先・備考]\n日本政策金融公庫 (https://www.jfc.go.jp/n/finance/search/ippan.html)\n教育コールセンター TEL：0570-008656\n＊有利子\n銀行の教育ローン\n[連絡先・備考] 各銀行（銀行により金利が異なります）\n＊有利子""}]"
一時預かりの食事,滋賀県国際協会の情報には「一時預かりの食事」についての記載がありません。そのため、 schools の給食対応や持参品の案内を根拠にした回答は提供できません。必要な場合は、公式の教育委員会または学校の案内をご確認ください。,"[{""sid"": ""S1"", ""question"": ""[小学校デビューQ＆A] 給食について教えてください。"", ""answer"": ""公立の学校では給食があります。食物アレルギーや宗教上などの配慮が必要なお子さんは必ず学校に知らせてください。保護者はお箸やコップなどの給食セットを準備しておきましょう。子どもは給食当番があります。当番で使った給食エプロンは、洗濯してアイロンをかけてまた翌週に持っていきます。""}]"
障害児福祉手当,滋賀県の障害児福祉手当についての記載は、提供された情報には具体的な「障害児福祉手当」の項目としては明記されていません。S1には障害福祉サービスや各種手当の概要が含まれており、手当の支給区分や所得制限の可能性などが触れられていますが、障害児福祉手当そのものの詳細は記されていません。したがって、障害児福祉手当の有無・支給条件・支給額などの確定的な情報は、滋賀県公式の窓口や市町村の障害福祉担当窓口でご確認ください。,"[{""sid"": ""S1"", ""question"": ""障害者手帳を取得すると次のようなサービスを受けられます"", ""answer"": ""自立支援医療\n心身の障害を除去・軽減するための医療について、医療費の自己負担額が軽減されます。\n障害福祉サービス\n居宅介護、重度訪問介護、行動援護、同行援護、短期入所、グループホーム、療養介護、生活介護、施設入所支援などがあります。\n障害児通所支援給付サービス\n児童発達支援、医療型児童発達)支援、放課後等デイサービスなどがあります。\n福祉手当\n手帳の区分及び等級等に応じ、手当や年金が支給される場合があります。（所得制限などあり。重複して手当等受給できない場合があります）\nその他\n各種所得控除、公共施設の利用料の減免、交通機関の運賃割引、公営住宅の優先入居どがあるほか、就労支援や就職時に障害に応じた配慮を受けやすくなることがあります。""}]"
妻子のパスポート,ご質問の“妻子のパスポート”に関する情報は、提供資料(S1)には直接の記載がありません。滋賀県国際協会の情報のみを根拠として事実ベースで回答するため、S1の内容を超える具体的な回答はできません。必要であれば、在日公館やパスポート発行機関の公式情報をご案内します。,"[{""sid"": ""S1"", ""question"": ""離婚届"", ""answer"": ""- それぞれの夫婦が離婚する場合、どの国の法律が適用されるかという準拠法に深くかかわってきます。\n- 日本では、離婚の準拠法について、第一に夫婦の本国方が同一の時はその法律（共通本国法）により、第二にその共通本国法がない場合において夫婦の常居所地法が同一であるときはその法律によるが、第三にそのいずれの法律もない時は夫婦にもっとも密接な関係のある地の法律（密接関連法）による、とされていますが、これには例外があって、夫婦の一方が日本に常居所がある日本人であるときは、日本の法律によって決められます。\n- 日本の法律が適用される場合、協議離婚をすることができます。協議が成立しない場合は、家庭裁判所の調停や審判による離婚、地方裁判所の判決による離婚のいずれの方法もとることができます。\n- 各国の離婚に関する法律については、各在日公館にお問い合わせください。""}]"
奨学金申請について,奨学金の申請には、主に日本学生支援機構（JASSO）や各大学の独自奨学金、自治体奨学金などが利用できます。募集時期は大学ごとに異なり、入学後の募集が一般的ですが、入学前に予約型奨学金を行う大学もあります。給付型と貸与型があり、重複受給不可の場合もあるため、志望校の担当課や公式サイトで最新の募集要項と審査基準を早めに確認してください。資格要件は世帯収入、学力、専攻分野などで異なります。申請時には在籍機関の案内や窓口に問い合わせて、必要書類と締切日を把握しましょう。,"[{""sid"": ""S1"", ""question"": ""奨学金"", ""answer"": ""各大学での奨学生の募集は、入学後、４月、５月に行われることが一般的ですが、入学前に予約型奨学金の募集をする大学もあります。このため、希望校が決まれば、早めに奨学金の情報を収集しましょう。\n奨学金には、大きく分けて、（1）日本学生支援機構の奨学金（2）各大学が独自に設けている奨学金（3）民間企業や財団法人などの奨学金（4）地方自治体の奨学金があります。募集対象や受給条件はまちまちですが、世帯の経済状況、学力や専攻分野などが審査基準になることが多いです。奨学金には返済の必要のない「給付」と返済が必要な「貸与」の二種類があります。また重複して受給できない奨学金もあります。学校の担当課やホームページなどで情報を収集しましょう。\n＊在留資格について、制約がある場合があります。\n日本学生支援機構（JASSO）\n[対象者] 大学院・大学・短期大学・高等専門学校・専修学校(専門課程)に在学する学生\n日本学生支援機構（JASSO）には、有利子、無利子の奨学金（貸与型）の他、経済的に困難な状況にある優秀な学生に対する給付型の奨学金もあります。\n[連絡先・備考]\n日本学生支援機構（JASSO） (https://www.jasso.go.jp/about/shogakukin)\n＊給付・貸与\n自治体の奨学金\n[対象者] 対象はそれぞれ異なります\n[連絡先・備考] 市町役場（奨学金のない自治体もあります）\n＊給付・貸与\n新聞奨学金\n[対象者] 新聞配達の仕事をする学生\n[連絡先・備考] 各新聞社\n＊給付・貸与\n交通遺児育英会奨学金\n[対象者] 交通事故の遺児や保護者に著しい障がいのある学生\n[連絡先・備考]\n交通遺児育英会奨学金 (http://www.kotsuiji.com/howto/)\n＊給付\n日本教育公務員弘済会\n[対象者] 大学院・大学・高等専門学校・専修学校専門課程の学生\n[連絡先・備考] 滋賀支部　　 　TEL： 077-526-1356\n＊給付・貸与\n坪井一郎・仁子学生支援プログラム\n[対象者] 大学生(3年生以上)や大学院生(入学予定者も可)難民や日系定住者及び中国帰国者の子弟\n[連絡先・備考]\n（社福）さぽうと２１ (http://support21.or.jp)\nTEL：03-5449-1331\n＊給付\nPP奨学金\n[対象者] 日本国籍、永住者、特別永住者\n[連絡先・備考]\n（社福）さぽうと２１ (http://support21.or.jp)\nTEL：03-5449-1331\n＊給付\nびわこ奨学金\n[対象者] 滋賀県内の留学生\n[連絡先・備考]\n（公財）滋賀県国際協会 (http://www.s-i-a.or.jp/index.php/projects/multicultural)\nTEL：077-526-0931\n＊給付""}]"
奨学金オンライン申請について,奨学金のオンライン申請に関する具体的な案内はS1に含まれる一般情報のみで、オンライン申請手続きの詳細は記載されていません。各大学の担当課や公式ホームページでオンライン申請の要件・手順を確認してください。S1ではJASSOを含む奨学金種別と募集時期の目安、情報収集の重要性が示されています。オンライン申請の可否や手続き方法は、所属機関ごとに異なるため、希望校の公式情報を参照してください。,"[{""sid"": ""S1"", ""question"": ""奨学金"", ""answer"": ""各大学での奨学生の募集は、入学後、４月、５月に行われることが一般的ですが、入学前に予約型奨学金の募集をする大学もあります。このため、希望校が決まれば、早めに奨学金の情報を収集しましょう。\n奨学金には、大きく分けて、（1）日本学生支援機構の奨学金（2）各大学が独自に設けている奨学金（3）民間企業や財団法人などの奨学金（4）地方自治体の奨学金があります。募集対象や受給条件はまちまちですが、世帯の経済状況、学力や専攻分野などが審査基準になることが多いです。奨学金には返済の必要のない「給付」と返済が必要な「貸与」の二種類があります。また重複して受給できない奨学金もあります。学校の担当課やホームページなどで情報を収集しましょう。\n＊在留資格について、制約がある場合があります。\n日本学生支援機構（JASSO）\n[対象者] 大学院・大学・短期大学・高等専門学校・専修学校(専門課程)に在学する学生\n日本学生支援機構（JASSO）には、有利子、無利子の奨学金（貸与型）の他、経済的に困難な状況にある優秀な学生に対する給付型の奨学金もあります。\n[連絡先・備考]\n日本学生支援機構（JASSO） (https://www.jasso.go.jp/about/shogakukin)\n＊給付・貸与\n自治体の奨学金\n[対象者] 対象はそれぞれ異なります\n[連絡先・備考] 市町役場（奨学金のない自治体もあります）\n＊給付・貸与\n新聞奨学金\n[対象者] 新聞配達の仕事をする学生\n[連絡先・備考] 各新聞社\n＊給付・貸与\n交通遺児育英会奨学金\n[対象者] 交通事故の遺児や保護者に著しい障がいのある学生\n[連絡先・備考]\n交通遺児育英会奨学金 (http://www.kotsuiji.com/howto/)\n＊給付\n日本教育公務員弘済会\n[対象者] 大学院・大学・高等専門学校・専修学校専門課程の学生\n[連絡先・備考] 滋賀支部　　 　TEL： 077-526-1356\n＊給付・貸与\n坪井一郎・仁子学生支援プログラム\n[対象者] 大学生(3年生以上)や大学院生(入学予定者も可)難民や日系定住者及び中国帰国者の子弟\n[連絡先・備考]\n（社福）さぽうと２１ (http://support21.or.jp)\nTEL：03-5449-1331\n＊給付\nPP奨学金\n[対象者] 日本国籍、永住者、特別永住者\n[連絡先・備考]\n（社福）さぽうと２１ (http://support21.or.jp)\nTEL：03-5449-1331\n＊給付\nびわこ奨学金\n[対象者] 滋賀県内の留学生\n[連絡先・備考]\n（公財）滋賀県国際協会 (http://www.s-i-a.or.jp/index.php/projects/multicultural)\nTEL：077-526-0931\n＊給付""}]"
家族訪問ビザについて,滋賀県国際協会の情報には、家族訪問ビザ（家族訪問ビザに関する具体的な案内）は記載されていません。したがって、家族訪問ビザの要件や手続きについては、該当する公的機関の公式情報を確認してください。,"[{""sid"": ""S1"", ""question"": ""健康保険の被扶養者は「国内居住者」に限定されます"", ""answer"": ""2020年４月より、企業の従業員が入る公的医療保険「健康保険」の被扶養者の認定要件に、「原則として国内に居住していること」が追加され、海外在住の被扶養者は外れることになりました。ただし、日本に居住していない被扶養者のうち、日本に生活の基礎があると認められるもの（海外留学、海外赴任の同行家族、観光ボランティア等のための一時的渡航者など）については、 例外的に要件を満たすこととされています。一方、国内に住所があっても、医療滞在ビザで来日した者や観光・保養を目的とするロングステイビザで来日した者は被扶養者認定されません。""}]"
ポルトガル語で相談したい,"Você pode ligar para o serviço de D_SECRET: A orientação de Direitos Humanos para estrangeiros está disponível pelo Foreigners’ Rights Hotline (Tel 0570-090911). Idiomas disponíveis: inglês, chinês, coreano, filipino, português, vietnamita. Se preferir, contate a Justiça de Jerusal? (Não aplicável) Sugiro usar o número informado para obter atendimento em português ou solicitar encaminhamento para intérprete.","[{""sid"": ""S1"", ""question"": ""人権侵害について"", ""answer"": ""外国人人権ダイヤル\nTel 0570-090911\n対応言語：英語，中国語，韓国語，フィリピノ語，ポルトガル語、ベトナム語\n(English, Chinese, Korean, Filipino, Portuguese, Vietnamese)""}]"
弁護士相談について,滋賀県には法テラスを通じた弁護士相談の案内があり、滋賀弁護士会の窓口も利用できます。法テラスの多言語ダイヤルは0570-078-377、滋賀の法テラス窓口は050-3383-5454、滋賀弁護士会の連絡先は要請時に案内されます（当番弁護士制度あり）。経済的状況に応じて国選弁護人の制度も利用可能です。詳しくは法テラス滋賀及び滋賀弁護士会の案内をご確認ください。,"[{""sid"": ""S1"", ""question"": ""法律についての相談は"", ""answer"": ""法テラス\n℡　0570-078374（日本語）\n℡　0570-078377（英語、中国語、韓国語、スペイン語、ポルトガル語、ベトナム語、タガログ語)\n℡　03-5366-6008（多言語ダイヤル）\n法テラス滋賀\n大津市浜大津1-2-22　大津商中日生ビル５Ｆ\n℡　050-3383-5454\n滋賀弁護士会\n大津市梅林１-３-３""}, {""sid"": ""S2"", ""question"": ""刑事事件を起こしてしまったら （事件・事故）"", ""answer"": ""被疑者の権利\n被疑者の権利として３つの権利が保障されています。\n1. 事実を知る権利\n2. 黙秘権\n3. 弁護人依頼権\n当番弁護士制度\n警察に逮捕、拘留された被疑者や家族の求めに応じて弁護士会が速やかに弁護士を被疑者のところに派遣する「当番弁護士」の制度があります。要請する場合ははっきりと申し出てください。\n滋賀弁護士会　当番弁護士専用電話　　TEL　077-522-2013\n民事法律扶助制度\n経済的に困っている人には、日本司法支援センター　(法テラス)　がありますので、当番弁護士が接見に来た際に相談してください 。\n法テラス [多言語ダイヤル]　TEL 0570-078-377\n法テラス [多言語] (http://www.houterasu.or.jp/multilingual/)\n国選弁護人\n起訴後、被告人は裁判のための弁護人を依頼することができます。経済的に無理な場合は、依頼すれば政府の国選弁護人をつけてくれます。""}]"
貸付金の返済について,滋賀県社会福祉協議会や教育ローン情報に基づき、貸付金の返済については、借入時に金利・返済期間を確認し、返済計画を立てることが重要です。制度ごとに利子の有無や返済条件が異なるため、以下の点を確認してください。 ・教育資金貸付（無利子の場合あり）や教育一般貸付（有利子）の返済条件を事前に把握する。 ・無利子の制度でも滞納時の取り扱いは通常通り利子が発生しないが、滞納や契約違反がないよう計画的に返済する。 ・国の教育ローン等、複数の選択肢を比較し、返済計画が立てられるようにする。 返済の具体的な手続きや金額は、借入先の窓口へ問い合わせてください。,"[{""sid"": ""S2"", ""question"": ""教育資金貸付制度、教育ローン"", ""answer"": ""＊在留資格について、制約がある場合があります。\n金利、返済期間等について、確認してから借りましょう。\n生活福祉資金教育貸付 (教育支援金)\n[対象者] 低所得者世帯\n[連絡先・備考] 滋賀県社会福祉協議会 　 TEL：077-567-3903\n＊無利子\nひとり親家庭・寡婦福祉資金の修学資金、就学支度金の貸付\n[対象者] 母子父子家庭\n[連絡先・備考]\n滋賀県健康医療福祉部子ども・青少年局 TEL：077-528-3554\n大津市在住者は大津こども家庭課　 TEL：077-528-2686\n＊無利子\n教育一般貸付 国の教育ローン\n[連絡先・備考]\n日本政策金融公庫 (https://www.jfc.go.jp/n/finance/search/ippan.html)\n教育コールセンター TEL：0570-008656\n＊有利子\n銀行の教育ローン\n[連絡先・備考] 各銀行（銀行により金利が異なります）\n＊有利子""}]"
家庭裁判所での調停について,家庭裁判所の調停で話し合うことができます。大津家庭裁判所、彦根支部、長浜支部の調停窓口に連絡してください。必要に応じて京都外国人の夫婦と親子に関する紛争解決センターも利用可能です。,"[{""sid"": ""S1"", ""question"": ""離婚についての話し合いがうまくいきません。"", ""answer"": ""家庭裁判所の調停で話し合うことができます。（日本語）\n- 大津家庭裁判所 　℡　077-503-8151\n- 大津家庭裁判所 彦根支部 　℡　0749-22-0167\n- 大津家庭裁判所 長浜支部 　℡　0749-62-0240\n- 京都外国人の夫婦と親子に関する紛争解決センター 　℡　075-692-3555""}]"
離婚について,滋賀県国際協会の情報に基づくと、離婚に関しては次の点が挙げられます。日本国内における離婚の準拠法は、夫婦の本国方が同一であればその法律、同一でない場合は常居所地法、いずれも該当しない場合は密接関連法ですが、夫婦の一方が日本に常居所がある日本人であるときには日本の法律が適用されるという例外があります。日本の法律が適用される場合には協議離婚が可能で、協議が成立しない場合は家庭裁判所の調停・審判・判決のいずれかの方法が取られます。各国の離婚に関する法律については在日公館へ問い合わせてください。,"[{""sid"": ""S1"", ""question"": ""離婚届"", ""answer"": ""- それぞれの夫婦が離婚する場合、どの国の法律が適用されるかという準拠法に深くかかわってきます。\n- 日本では、離婚の準拠法について、第一に夫婦の本国方が同一の時はその法律（共通本国法）により、第二にその共通本国法がない場合において夫婦の常居所地法が同一であるときはその法律によるが、第三にそのいずれの法律もない時は夫婦にもっとも密接な関係のある地の法律（密接関連法）による、とされていますが、これには例外があって、夫婦の一方が日本に常居所がある日本人であるときは、日本の法律によって決められます。\n- 日本の法律が適用される場合、協議離婚をすることができます。協議が成立しない場合は、家庭裁判所の調停や審判による離婚、地方裁判所の判決による離婚のいずれの方法もとることができます。\n- 各国の離婚に関する法律については、各在日公館にお問い合わせください。""}]"
課税・納税証明書,滋賀県国際協会の情報だけを根拠に、課税・納税証明書に関する記述は見当たりません。よって、提供できる具体的な事実はありません。,"[{""sid"": ""S1"", ""question"": ""様々な税金"", ""answer"": ""不動産取得税\n不動産取得税は不動産の取得者に課せられます。\n自動車税\nすべての自動車の所有者に課せられます。（滋賀県自動車税務署）\n軽自動車税\n軽自動車の所有者に課せられます。（各市町村税務担当課）\n固定資産税\n固定資産税は、毎年1月1日に土地、家屋などを所有しているものに課せられます。""}]"
登校予定日の確認,登校予定日の確認については、滋賀県国際協会の情報 source に限定して提供します。まず、学校からの通知や公式連絡（学校の発表、保護者宛の連絡、学校ホームページの告知）を確認してください。必要に応じて、学校の担当窓口または滋賀県教育委員会の連絡先に問い合わせてください。,"[{""sid"": ""S1"", ""question"": ""自分の年金情報をチェック！"", ""answer"": ""毎年1回、誕生月に国民年金および厚生年金保険の加入者（被保険者）には、年金加入記録の確認のため、「ねんきん定期便」が届きます。届出住所が現住所と異なっている場合、「ねんきん定期便」が届きませんので、住所が変った場合は住所変更を届け出ましょう。\n年金記録の確認は\nねんきんネット (https://www.nenkin.go.jp/n_net/index.html)\n年金定期便・年金専用ダイヤル　℡　0570-058-555\n★\t保険料納付期間が１０年に満たない方も年金事務所で確認しましょう！ 年金記録に漏れがないか。（基礎年金番号が他にないか。別の氏名で登録されたものがないか。 合算対象期間がないか。（特に永住者、日本国籍の方は海外の滞在期間が合算されます。）\n★\t資格期間を満たすために次のような方法があります。 ６０歳から６５歳まで国民年金に任意加入する。（1965年4月1日以前生まれの方は最長７０歳まで任意加入できます） 国民年金後納制度を使い未納期間を解消する。（2018年9月30日まで５年後納制度が適用されます）""}]"
通訳の依頼,滋賀県国際協会の情報には、通訳依頼に関する直接の案内は記載されていません。技術実習や法的相談などの窓口情報は提供されていますが、通訳依頼の具体的な連絡先は示されていません。必要に応じて、関連する窓口（ OTIT、法テラス、滋賀弁護士会 など）を通じて通訳サービスの紹介を受けることをお勧めします。,"[{""sid"": ""S1"", ""question"": ""技能実習について"", ""answer"": ""OTIT外国人技能実習機構　母国語相談\nTel 0120-250-147（英語 English）\nTel 0120-250-169 （中国語 中文）\nTel 0120-250-197（タガログ語 Tagalog）\nTel 0120-250-197（タガログ語 Tagalog）\nTel 0120-250-168（ベトナム語 Tiếng Việt）\nTel 0120-250-192（インドネシア語 Indonesia）　 　等々""}]"
近所トラブル,近所トラブルは、まず相手と話し合いを試みることが基本です。解決が難しい場合は、滋賀県国際協会の情報に基づく窓口として、労働トラブルでは労働基準監督署、法律相談は法テラスを案内します。犯罪や緊急事態の場合は交番・警察へ相談してください。具体的な事案の詳細や相談先は、滋賀県内の公的機関の案内を参照してください。,"[{""sid"": ""S3"", ""question"": ""労働トラブルの相談"", ""answer"": ""労働関係のトラブルがあった場合は、下記の労働基準監督署に相談しましょう。（労働契約、就労規則、給料明細などがあれば持参してください）""}, {""sid"": ""S4"", ""question"": ""犯罪や交通事故にあったとき （事件・事故）"", ""answer"": ""交番\n日本では街角などに「交番」があり、警察官が駐在しています。地域のパトロールや犯罪の防止、家出人や落し物などの届け出を受け付けたり、道案内などを行っていますので、困ったことがあったら気軽に立ち寄ってみましょう。\n盗難や暴行にあったとき\n留守中に泥棒に入られたり、暴力の被害にあったときは、近くの交番や警察署に届けてください。\n緊急に助けを求めたい時は、110番に電話をしましょう。預金通帳，クレジットカードを盗まれた時は、銀行やカードの発行会社に届け出て、支払停止の手続きを要請することが必要です。\n交通事故にあったとき\n交通事故にあったら、どんな小さな事故でも警察に届けましょう。ケガ人がいる時は救急車を呼んでください。""}, {""sid"": ""S5"", ""question"": ""法律についての相談は"", ""answer"": ""法テラス\n℡　0570-078374（日本語）\n℡　0570-078377（英語、中国語、韓国語、スペイン語、ポルトガル語、ベトナム語、タガログ語)\n℡　03-5366-6008（多言語ダイヤル）\n法テラス滋賀\n大津市浜大津1-2-22　大津商中日生ビル５Ｆ\n℡　050-3383-5454\n滋賀弁護士会\n大津市梅林１-３-３""}]"
会社からバイクの運転を禁止されたことについて,会社からバイクの運転を禁止された場合、就業規則や社内規程に基づく懲戒処分の範囲で対応します。滋賀県国際協会の情報源には、バイクの運転禁止の具体的な法的根拠や処分方法の記載はありません。運転禁止が就業規則上の規定に基づくものか、別途社内の規程や労働契約の内容を確認してください。必要に応じて就業規則の条文や労働契約の有効性について専門家へ相談することを推奨します。,"[{""sid"": ""S4"", ""question"": ""正社員と非正規社員との間の不合理な待遇差が禁止されました！（2020年４月１日施行。中小企業における適用は、2021年４月１日。）"", ""answer"": ""同一企業内における正社員（無期雇用フルタイム労働者）とパートタイム労働者・有期 雇用労働者との間の不合理な待遇の差をなくし、どのような雇用形態を選択しても待遇 に納得して働き続けることができるよう、パートタイム・有期雇用労働法や施行規則、 同一労働同一賃金ガイドライン、パートタイム・有期雇用労働指針が施行されます。\n１ 不合理な待遇差の禁止\n同一企業内において、正社員と非正規雇用労働者との間で、基本給や賞与などの あらゆる待遇について、不合理な待遇差を設けることが禁止されます。 ガイドライン（指針）において、どのような待遇差が不合理に当たるかを例示します。\n２ 労働者に対する待遇に関する説明義務の強化\n非正規雇用労働者は、「正社員との待遇差の内容や理由」などについて、事業主に 説明を求めることができるようになります。 事業主は、非正規雇用労働者から求めがあった場合は、説明をしなければなりません。\n３　行政による事業主への助言・指導等や裁判外紛争解決手続き（行政ADR）の整備\n都道府県労働局において、無料非公開の紛争解決手続きを行います。　「均等待遇」や「待遇差の内容・理由に関する説明」についても、行政ADRの対象となります。\nお問い合わせ　滋賀労働局　077-522-6648""}, {""sid"": ""S5"", ""question"": ""運転免許証について"", ""answer"": ""滋賀県運転免許センター\n守山市木浜町2294番地　　℡　077-585-1255""}]"
家庭裁判所からの書類,家庭裁判所の調停で話し合うことができます。大津家庭裁判所（電話: 077-503-8151）をはじめ、彦根支部（0749-22-0167）・長浜支部（0749-62-0240）へご相談ください。必要に応じて京都外国人の夫婦と親子に関する紛争解決センター（075-692-3555）もご案内します。,"[{""sid"": ""S1"", ""question"": ""離婚についての話し合いがうまくいきません。"", ""answer"": ""家庭裁判所の調停で話し合うことができます。（日本語）\n- 大津家庭裁判所 　℡　077-503-8151\n- 大津家庭裁判所 彦根支部 　℡　0749-22-0167\n- 大津家庭裁判所 長浜支部 　℡　0749-62-0240\n- 京都外国人の夫婦と親子に関する紛争解決センター 　℡　075-692-3555""}]"
診療後の通訳,滋賀県国際協会の情報に基づくと、診療後の通訳についての具体的な案内はS3/S4には記載がなく、外国語対応医療機関の情報は別サイトを参照するよう案内されています。したがって、診療後の通訳を確実に利用したい場合は、OTIT外国人技能実習機構の母国語相談窓口や、対応言語別の連絡先を活用して事前に手配するのが確実です。Tel等の連絡先はS2に記載されています。,"[{""sid"": ""S2"", ""question"": ""技能実習について"", ""answer"": ""OTIT外国人技能実習機構　母国語相談\nTel 0120-250-147（英語 English）\nTel 0120-250-169 （中国語 中文）\nTel 0120-250-197（タガログ語 Tagalog）\nTel 0120-250-197（タガログ語 Tagalog）\nTel 0120-250-168（ベトナム語 Tiếng Việt）\nTel 0120-250-192（インドネシア語 Indonesia）　 　等々""}]"
法律相談について,滋賀県国際協会の情報だけを根拠に簡潔にお伝えします。法律相談には法テラスと滋賀弁護士会が情報提供先として挙げられています。法テラスには日本語・多言語ダイヤルがあり、滋賀県内の窓口として法テラス滋賀の連絡先も案内されています。就業や離婚などの具体的な法的問題については、適切な窓口へ連絡して案内を受けてください。,"[{""sid"": ""S1"", ""question"": ""法律についての相談は"", ""answer"": ""法テラス\n℡　0570-078374（日本語）\n℡　0570-078377（英語、中国語、韓国語、スペイン語、ポルトガル語、ベトナム語、タガログ語)\n℡　03-5366-6008（多言語ダイヤル）\n法テラス滋賀\n大津市浜大津1-2-22　大津商中日生ビル５Ｆ\n℡　050-3383-5454\n滋賀弁護士会\n大津市梅林１-３-３""}]"
自分の権利について,自分の権利として、事実を知る権利・黙秘権・弁護人依頼権が保障されています（当番弁護士制度あり）。滋賀弁護士会の当番弁護士専用電話は077-522-2013、法テラスの多言語案内は0570-078-377です。起訴後には国選弁護人を依頼する権利もあります。,"[{""sid"": ""S1"", ""question"": ""刑事事件を起こしてしまったら （事件・事故）"", ""answer"": ""被疑者の権利\n被疑者の権利として３つの権利が保障されています。\n1. 事実を知る権利\n2. 黙秘権\n3. 弁護人依頼権\n当番弁護士制度\n警察に逮捕、拘留された被疑者や家族の求めに応じて弁護士会が速やかに弁護士を被疑者のところに派遣する「当番弁護士」の制度があります。要請する場合ははっきりと申し出てください。\n滋賀弁護士会　当番弁護士専用電話　　TEL　077-522-2013\n民事法律扶助制度\n経済的に困っている人には、日本司法支援センター　(法テラス)　がありますので、当番弁護士が接見に来た際に相談してください 。\n法テラス [多言語ダイヤル]　TEL 0570-078-377\n法テラス [多言語] (http://www.houterasu.or.jp/multilingual/)\n国選弁護人\n起訴後、被告人は裁判のための弁護人を依頼することができます。経済的に無理な場合は、依頼すれば政府の国選弁護人をつけてくれます。""}]"
親知らずの抜歯,滋賀県国際協会の情報には、親知らずの抜歯の具体的な医療手技や治療方針の詳細は掲載されていません。抜歯を検討する際は、歯科医院での個別診断と専門医の判断が必要です。痛みや腫れ、感染リスクなどの症状がある場合は、早速受診してください。治療費や保険適用、術式の選択肢などの一般的情報は、担当の歯科医療機関に直接確認してください。,[]
生活費が不足している,滋賀県内で生活費が不足している場合、公的支援として以下の制度があります。就学援助（小中学校の学用品・通学用品等の一部を援助。生活保護対象等が対象、申請は在籍校・教育委員会経由）、児童手当（生後～中学校卒業まで。状況により同居家族等へ支給されます）、幼児教育・保育・3～5歳クラスの利用料の無償化、住居確保給付金（家賃の一部を自治体を通じて家主へ支給。原則3か月、最長9か月。ただし滋賀県では県営住宅の一時受け入れも実施）、高等学校等就学支援制度・高校生等奨学給付金・高等教育の修学支援新制度など、収入状況に応じて授業料・費用の免除・減額・給付型奨学金の支援があります。お住まいの市町の福祉課、教育委員会、または社会福祉協議会に相談・申請してください。,"[{""sid"": ""S4"", ""question"": ""子どもたちが安心して育つために　～公的援助制度について～"", ""answer"": ""子育てには養育費・教育費などたくさんのお金がかかります。日本には、子育てを経済的に援助する様々な公的制度があります。申請の必要なものもありますので、それぞれの申請時期を確認してうまく利用しましょう。\n児童手当制度\n生後から中学校卒業年齢までの児童を養育している方へ児童手当が支給されます。父母が別居している場合は、児童と同居している方に優先的に支給され、また、父母が海外に住んでいる場合、日本国内で児童を養育している方を指定すれば、その方に支給されます。\n[ 問合せ ]\n各市町\n幼児教育、保育、小中学校の授業料の無償化\n幼稚園、保育園、認定こども園の３～５歳児クラスの利用料は無料です。住民税非課税世帯は　０～２歳児クラスでも無料になります。また就労等の保育の必要性の認定を受ければ、預かり保育の利用にも補助が出ます。公立小中学校の授業料も無償化の対象です。\n[ 問合せ ]\n各市町　内閣府HP\n内閣府HP (https://www8.cao.go.jp/shoushi/shinseido/musyouka/about/index.html)\n就学援助制度\n公立の小中学校に就学している児童生徒の保護者に、学用品、通学用品、PTA会費等就学に必要な費用の一部を援助する制度です。生活保護対象の保護者、およびそれに準ずる保護者が対象です。\n[ 問合せ ]\n在籍している小中学校や市町教育委員会\n高等学校等就学支援制度\n年収９１０万円未満の世帯に対して、高校等（高専、高等専修学校等を含む）に在学する生徒の授業料について支援されます。保護者の方に直接支給されるのではなく、学校が受け取り、授業料に充当されます。\n[ 問合せ ]\n在籍している学校を通じて申請\n高校生等奨学給付金\n授業料以外の教育費負担を軽減するため、高校生等がいる低所得者世帯を対象に支援があります。\n[ 問合せ ]\n在学している学校を通じて、私立の場合は滋賀県総務部私学・県立大学振興課、国公立の場合は、滋賀県教育委員会教育総務課\n高等教育の修学支援新制度（授業料等減免と給付型奨学金）\n世帯収入等により、大学や専門学校などの授業料・入学金の免除または減額や給付型の奨学金の支給支援があります。高等学校在学中にも申請できます。\n[ 問合せ ]\n在籍、入学予定の学校・日本学生支援機構\n高等教育の修学支援新制度（授業料等減免と給付型奨学金）\n世帯収入等により、大学や専門学校などの授業料・入学金の免除または減額や給付型の奨学金の支給支援があります。高等学校在学中にも申請できます。\n[ 問合せ ]\n在籍、入学予定の学校・日本学生支援機構""}, {""sid"": ""S5"", ""question"": ""新型コロナウイルス感染症の影響を受けた方への生活支援について"", ""answer"": ""住居確保給付金（家主さんに直接支払われる家賃）\n対象\n離職・廃業から２年以内または休業等により収入が減少し、離職等と同程度の状況にある方\n支給期間\n原則３カ月（最長９カ月まで）\n支給額\n家賃相当額を自治体から家主さんに支給\n申請方法\n市にお住まいの方は各市。町にお住まいの方は各町の社会福祉協議会\nご案内\n住居確保給付金のご案内はこちらから (https://www.mhlw.go.jp/content/000626236.pdf)\n★滋賀県では県営住宅での一時的な受入れを行っています。\n対象\n新型コロナウイルスの感染症に起因する解雇等により住宅の退去を余儀なくされた方\n入居期間\n最長一年間\n申込方法\n県庁土木交通部住宅課へお電話　（℡　０７７－５２８－４２３４）\nその他、生活にお困りの方は、お住まいの市町の福祉課や社会福祉事務所で相談しましょう！""}]"
退職に伴う社宅費用および退職証明書について,お尋ねの「退職に伴う社宅費用および退職証明書」について、滋賀県国際協会の情報だけを根拠として事実ベースで簡潔に回答します。社宅費用については、S2の賃貸住居情報において敷金・礼金・仲介手数料などの基本的な契約要素が記載されていますが、社宅特有の取扱いや費用負担の規定（退職後の清算や退去時の原状回復の扱いなど）については、滋賀県国際協会の提供情報には具体的な記載はありません。従って、社宅費用の取り扱いは契約書の条項および貸主・管理会社との契約条件を確認してください。退職証明書については、提供情報には記載がありません。一般的には退職に伴う証明書発行は雇用契約・就業規則・所属機関の案内に従うべきですが、滋賀県国際協会の情報源には詳述がありません。必要な場合は、所属先の人事部門または社宅管理部門へ問い合わせてください。,"[{""sid"": ""S2"", ""question"": ""賃貸住居"", ""answer"": ""家やアパートを借りたい場合は、不動産業者に相談してください。\n\n契約に必要とされるのは\n敷金\n家賃支払いの担保として家主に預けておくお金です。退去する際に返金されるものです。未払い賃料および借りていた家の中に損害がある場合は、その修理費をさし引かれますが、残高が戻ります。\n礼金\n家主に支払う一時金で返金されないもの。\n報酬\n不動産業者に仲介を依頼した時は、通常1ヶ月分が必要です。""}]"
不法滞在者の今後について,滋賀県国際協会の情報では、在留期間を経過した不法滞在者は原則として5年間日本への再入国が不可となり、場合により退去強制や永久入国不可の事由が生じることがあります。自主出頭の場合は帰国手続き、逮捕された場合は入国管理法違反として起訴の可能性があり、判決まで約1か月半程度拘置・移管の流れを経ることがあります。期間がやむを得ない事情で短期間の不法滞在であれば、期間更新の手続き後に出国します。なお具体的な今後の実務対応や個別の手続きは、法務当局の判断に従います。,"[{""sid"": ""S1"", ""question"": ""在留期間を経過するとどうなるのですか？"", ""answer"": ""在留期間が経過すると入国管理法における「不法滞在」になります。この場合、原則として5年間は日本への再入国ができません。退去強制処分を受けた事由（犯罪行為の種類、刑の軽重等）によっては、永久に入国できない場合もあります。\n退去強制\n在留期間切れのまま、故意にとどまっている場合に適用されます。自主出頭の場合と逮捕された場合で手続き等が異なります。\n自主出頭の場合\n警察に捕まる前に入国管理局に出頭した場合、起訴はされずに自分で帰国することになります。\n逮捕された場合\n入国管理法違反ということで、10日以内に入国管理局に引き渡される場合と起訴される場合があります。起訴された場合は裁判になりますので、判決が出るまで通常約１カ月半、拘置所又は警察署で拘置された後、入国管理局に移管され、強制送還となります。\n通常出国\n本人が病気等、やむを得ない事でごく短期間「不法滞在」の状態になっている場合は、期間更新の手続きをとり、その後出国することになります。""}]"
職場での悩みについて,滋賀県国際協会の情報に基づくと、高校生のアルバイトは18歳未満でも条件を満たせば就労が認められますが、就労には保護者の同意書・年齢証明書・在留カードの提示が求められ、危険や有害な業務の就労制限、深夜・時間外・休日の労働制限などの規定があります。雇用契約書を交わし、内容を確認することが重要です。万が一、いじめ・パワハラ・セクハラ・ブラックバイトなどの問題があれば、滋賀労働局 雇用環境・均等室へ相談してください。闇バイトには絶対に応募しないこと、個人情報の取扱いに注意してください。必要な相談先としては滋賀労働局 TEL077-523-1190、労働条件相談ほっとライン、警察相談ダイヤル#9110があります。なお、職業紹介や就労に関する一般的な相談はハローワークを活用してください。,"[{""sid"": ""S1"", ""question"": ""こんな悩み抱えていませんか？"", ""answer"": ""中学を卒業してからは勉強すること、働くこと、いろいろなことを自分で選択する機会が増えます。家や学校以外の居場所もでき、交友関係も広くなります。自由が多くなる分、自己責任も増えていきます。自分のことを守れるように、困ったときの相談先をいくつか紹介します。\n高校生はアルバイトできますか？\n15歳になって最初の3月31日が過ぎた人は就労が認められます。在籍する高校の校則でアルバイトが許可されていれば高校生も働くことができますが、18歳未満の未成年であり、社会での経験がまだ浅いため、以下のように法律で守られています。\n- 就職に当たって、保護者の同意書、年齢証明書、在留カードの提示が求められます。\n- 仕事の内容では、危険や有害な業務について就業の制限又は禁止されています。\n- 就労時間については、深夜業や時間外・休日労働の制限/変形労働時間制の勤務も禁止されています。\n※不当な労働契約や賃金の未払い、パワハラ、セクハラなど劣悪な環境で働かせるブラックバイトもあるので、雇用契約時には、雇用契約書を取り交わし、内容を確認するようにしてください。\n※犯罪行為によって報酬を受け取る\n闇バイト\nが、SNSなどを通して広まっています。決して「高収入」だから、と軽い気持ちで応募してはいけません。身分証や家族の情報などを提供してしまうことによって犯罪組織から抜け出せない手口になっています。自分の個人情報やプライバシーに関することはむやみに提供しないように気を付けましょう。\nいじめ、いやがらせ、セクハラ、解雇など仕事の相談\n- 滋賀労働局　雇用環境・均等室　Tel 077-523-1190\n- 労働条件相談ほっとライン（多言語相談）\n- 闇バイトの相談　警察相談ダイヤル#9110""}]"
納税課税証明書の発行,滋賀県内の税務署発行の納税証明書（納税課税証明書）については、管轄の税務署で申請できます。窓口での申請のほか、郵送やオンライン申請の可否・手続き方法は各税務署の案内をご確認ください。なお、具体的な発行手数料や用紙、必要書類は税務署ごとに異なるため、事前にお電話で確認されることを推奨します。,"[{""sid"": ""S1"", ""question"": ""滋賀県内の税務署"", ""answer"": ""大津税務署　TEL：077-524-1111\n管轄区域：大津市\n草津税務署　TEL：077-562-1315\n管轄区域：草津市、守山市、栗東市、野洲市\n水口税務署　 TEL：0748-62-0314\n管轄区域：甲賀市、湖南市\n近江八幡税務署　TEL：0748-33-3141\n管轄区域：近江八幡市、東近江市、蒲生郡\n彦根税務署　TEL：0749-22-7640\n管轄区域：彦根市、愛知郡、犬上郡\n長浜税務署　 TEL：0749-62-6144\n管轄区域：長浜市、米原市\n今津税務署　TEL：0740-22-2561\n管轄区域：高島市""}]"
滋賀県で仕事を探したい,滋賀県内の仕事探しには、民間賃貸住宅情報と同様に就職支援情報は本ガイドの住宅情報と直接関係しません。滋賀県内の一般的な就職情報としては、滋賀県が提供する就労支援窓口や求人情報サイト、ハローワーク等を活用してください。必要であれば、就労支援窓口の連絡先や手順を案内します。,"[{""sid"": ""S1"", ""question"": ""住宅を探しています。"", ""answer"": ""県営住宅や市営住宅の他、民間の住宅もあります。市営住宅については市町役場にたずねましょう。\n- 県営住宅 滋賀県営住宅管理センター (https://shiga-kenei.com) ℡　077-510-1500 ℡　077-510-1501　(外国人専用)\n- 滋賀あんしん賃貸支援事業 (https://www.shiga-anshin.net/)\n- 日本賃貸住宅管理協会 (https://www.jpm.jp/) 日本賃貸住宅管理協会 English (https://www.jpm.jp/foreigner/)\n- ＵＲ賃貸住宅 (https://www.ur-net.go.jp/chintai/kansai/shiga/counter/)\n- VILLAGE HOUSE (ENG, POR) (https://www.villagehouse.jp)\n- 大東建託(多言語 Multilingual) (http://e-heya.kentaku.net/shiga/)\n民間賃貸住宅についての相談は\n滋賀県土木交通部住宅課 (http://www.pref.shiga.lg.jp/h/jutaku/sumai_machi/safetynet/soudan.html)\n℡077-528-4235""}]"
生徒について,滋賀県内の中学校は、市町立・国立・県立・私立・義務教育学校・特別支援学校など多様な選択肢があり、進学先は学区や受験の有無により決まります。中学校の教科は主に9科目で、年4–5回の定期試験と実力テストがあります。部活動は自由加入で、放課後や休日に活動します。制服や体操服の着用、通学方法は学校により自転車・電車通学が認められ、通学の安全確保が重要です。中学2年時には「中学生チャレンジウィーク」として職場体験を行い、三者面談を含む進路相談が進学に影響します。授業料・教科書代は基本無料ですが、入学準備費用や年間の諸費用が必要です。就学援助制度の対象となる場合があります。,"[{""sid"": ""S1"", ""question"": ""子育て応援シリーズ④ 日本の中学生活とは？"", ""answer"": ""中学校では、小学校の時とは授業内容や学校生活で様々な変化があります。安心して中学生活が送れるよう、中学校について少しご紹介しましょう！\n滋賀県には市町立中学校が93校あります。その他に国立中学校、県立中学校、私立中学校、義務教育学校（小中一貫校）、または特別支援学校あります。（2024年4月1日現在）\n市町立中学校はお住まいの学区によって行く学校が決まっています。\n国立・県立・私立中学への進学を希望する場合は受験があります。受験を希望する人は、小学校高学年くらいから学校の先生と相談して進路を決めていきましょう。\n学校生活について\nQ　中学校ではどのような教科を学びますか？\nA　中学校では主に９つの科目（国語、数学、社会、理科、英語、音楽、美術、保健体育、技術・家庭）を勉強し、教科によって先生が違います。年に4，5回定期試験（中間試験、期末試験）があります。また年に数回実力テストもあり、このテストの結果は進学先を考えるときに参考にします。成績は定期試験の結果、授業への参加状況や遅刻、欠席の状況、提出物（ノートや宿題）で評価され、高校進学にも関わる重要なものです。中学校は義務教育なので落第はありません。\nQ　部活動とは何ですか？\nA　生徒の自主的な活動として部活動があり、基本的に加入は自由です。運動部（野球、サッカー、バスケットボール、陸上、テニスなど）と文化部（美術、吹奏楽、手芸、演劇など）があり、部活動の種類は学校によって異なります。主に放課後や休日に活動します。異なる学年の生徒との交流もあり、大会やコンクールに参加することもあります。\nQ　その他学校生活について教えてください。\nA　多くの中学校では学校ごとに制服があります。制服には夏服と冬服があり、夏服は6月から１０月、冬服は10月から6月まで着ます。体操服も学校で決められたものを着ます。\n通学は学校によって自転車や電車通学が認められているところもあります。自転車通学では、鍵の取り付けやヘルメットの着用、自転車保険への加入が必要です。交通ルールを守って登下校しましょう。\n「中学生チャレンジウィーク」があります。働く大人の姿にふれ、自分の生き方を考える機会として中学２年の時期に５日間の職場体験を経験します。（滋賀県内のすべての公立中学校で実施しています）\nQ　子どもの学校での様子が気になります…。\nA　個人面談の時などで子どもの学校生活や学習についての相談ができます。中学３年生になると、三者面談があり、卒業後の進路や高校受験について生徒・保護者・先生で話し合います。また心配なことがあればその都度先生に相談しましょう。\nQ　中学校でかかる費用にはどのようなものがありますか？\nA　授業料、教科書代は無料ですが、入学準備の費用（制服、体操着、水着、体育館シューズ、カバン、部活動の道具など）や、通年の費用（給食費、副教材・学用品費、PTA会費、遠足・修学旅行費、部活動費、通学関連費など）が必要です。\n※就学援助制度：公立の中学校に就学している生徒の保護者に学用品、通学用品、PTA会費等就学に必要な費用の一部を援助する制度です。生活保護対象の保護者、およびそれに準ずる保護者が対象です。在籍している学校、または市町教育委員会にお問い合わせください。""}]"
在留資格の更新について,滋賀県在住の方の在留資格更新に関する具体的手続き情報は、滋賀県国際協会の提供する情報源には記載がありません。一般的には出入国在留管理庁の在留関係手続きページおよび最寄りの入管窓口での手続きとなります。滋賀県在住者の窓口として大阪入国管理局大津出張所が案内されていますが、更新自体の手続き方法の詳細は公式サイトをご確認ください。必要な場合は外国人在留インフォメーションセンターへの問い合わせも利用できます。,"[{""sid"": ""S1"", ""question"": ""在留について"", ""answer"": ""日本に住む外国人には、それぞれの滞在目的に従って在留資格と在留期間が与えられます。おのおのの「在留資格」には活動できる内容が厳格に規定されています。\n関連ページ\n出入国在留管理庁 (http://www.moj.go.jp/isa/index.html)\n在留関係の手続きについては\n在留関係手続き (https://www.moj.go.jp/isa/applications/index.html)\n入国後の在留関係の手続き\n滋賀県在住の方は、\n大阪入国管理局大津出張所\nで行います。\n大阪入国管理局大津出張所 (http://www.moj.go.jp/isa/about/region/osaka/index.html)\n大津市京町3-1-1 大津びわ湖合同庁舎6階　　℡：077-511-4231\n一般的な内容についての相談\n外国人在留インフォメーションセンター・ワンストップ型相談センター（入国管理局）に外国語で問い合わせることもできます。\n外国人在留インフォメーションセンター (http://www.moj.go.jp/isa/consultation/center/japanese.html)\n℡ 0570-013904（ＩＰ, ＰＨＳ, 海外: 03-5796-7112）\n新しい在留資格への移行により、平成24年7月9日より前の住所は住民票には記載されません。 ※これまで市区町村で保管されていた「外国人登録原票」は、平成24年7月9日から法務省で保管されています。\n外国人登録原票に係る開示請求について（法務省HPへリンク） (http://www.moj.go.jp/isa/applications/disclosure/foreigner.html)""}]"
国保税の滞納について,滋賀県国際協会の情報ベースには国民健康保険料（国保税）の滞納に関する具体的な記載がありません。よって、国保税の滞納対応については、滋賀県または市区町村の国民健康保険窓口の案内をご確認ください。一般的には、滞納時の延滞金や分割払いの案内、猶予や減免制度などが案内されることがありますが、公式情報をご確認ください。,"[{""sid"": ""S1"", ""question"": ""所得税"", ""answer"": ""所得のある人は所得税を納めなければなりません。所得は国籍に関わらず1月1日から1年間に得た個人所得のすべてに課税されます。しかし外国人の税金は滞在期間や職種などにより、次のとおりの方法で扱われます。\n- 日本に住所を持ち、または日本に引き続き1年以上居所を有する者や日本に永住しようとしている者で現在まで引き続き5年以上滞在しているものは、外国と日本の所得の両方に基づく税を支払います。\n- 日本に住所を有し、または現在まで引き続いて1年以上居所を有する個人で、日本に永住するつもりがなくかつ現在まで引き続いて5年以内滞在の一時的な居住者は、日本の所得と海外から送られてきたお金に基づく税を支払います。\n- 日本に1年以内の滞在期間で住所を持たないものは、日本の所得だけに基づく税を払います。\n納税者は管轄されている税務署で確定申告を提出します。申告の期間は2月16日から3月15日です。給与収入2000万円以下の給与所得の場合の所得税は、給与から直接差し引かれますので、通常給与所得者は所得税の申告書を提出する必要はありません。""}]"
保険料について,滋賀県国際協会の情報に基づくと、保険料は各制度や契約内容により決まります。火災保険は建物の所有者が加入する保険料と、室内の家財を対象に入居者が加入する保険料に分かれます。医療保険（健康保険・国民健康保険）では、健康保険は所得に応じて決まり、本人負担は原則3割、保険料の半分は事業主が負担します。国民健康保険は世帯の所得などに基づき毎年決定され、医療費自己負担は3割です。雇用保険は労働者と事業主が保険料を負担します。これらの点はS1/S2/S3/S4/S5に記載されています。,"[{""sid"": ""S1"", ""question"": ""火災保険について"", ""answer"": ""住宅は賃貸や持ち家にかかわらず、火災保険に加入する必要があります。 賃貸アパートやマンションなどの場合、入居時や更新時に「大家」と「入居者」がそれぞれ火災保険に加入するケースが一般的です。建物は大家の資産なので、建物に対する火災保険は大家が加入して保険料を支払い、室内の家具や家電などの家財道具に対する保険は、入居者が加入し保険料を支払います。持ち家であれば建物と家財の両方を補償する火災保険に入ります。""}, {""sid"": ""S2"", ""question"": ""医療保険制度"", ""answer"": ""日本の医療保険制度には、大きく分けて「健康保険」と「国民健康保険」があります。外国人も1年以上在留する場合はいずれかの保険に加入しなければなりません。医療保険に加入することにより、被保険者やその被扶養者が病気やけがをして診療を受ける場合に医療給付が受けられます。\n健康保険\n会社で常時雇用されている人は健康保険制度が適用されます。被保険者とその扶養者が加入し給付が受けられます。保険料は、加入者の所得によって決まりますが、本人が負担するのは半分で、残りの半分は雇用主が支払います。\n医療費自己負担　　3割\n- その他の給付：傷病給付、出産育児一時金、出産手当金など\n国民健康保険\n一年以上日本に居住し，健康保険に加入していない場合、居住地の市町村で国民健康保険に加入しなければなりません。\n 保険料は、加入世帯の所得、固定資産税額、世帯の人数などをもとに毎年決めています。\n医療費自己負担　　3割\n- その他の給付：出産一時金、　高額医療費、葬祭費（加入者が死亡したとき）\n- 病院で治療、診察を受ける時には健康保険証を必ず受け付けで渡して下さい。""}, {""sid"": ""S3"", ""question"": ""医療保険制度"", ""answer"": ""日本の医療保険制度には、大きく分けて「健康保険」と「国民健康保険」があります。外国人も1年以上在留する場合はいずれかの保険に加入しなければなりません。医療保険に加入することにより、被保険者やその被扶養者が病気やけがをして診療を受ける場合に医療給付が受けられます。\n健康保険\n会社で常時雇用されている人は健康保険制度が適用されます。被保険者とその扶養者が加入し給付が受けられます。保険料は、加入者の所得によって決まりますが、本人が負担するのは半分で、残りの半分は雇用主が支払います。\n医療費自己負担　　3割\n- その他の給付：傷病給付、出産育児一時金、出産手当金など\n国民健康保険\n一年以上日本に居住し，健康保険に加入していない場合、居住地の市町村で国民健康保険に加入しなければなりません。\n 保険料は、加入世帯の所得、固定資産税額、世帯の人数などをもとに毎年決めています。\n医療費自己負担　　3割\n- その他の給付：出産一時金、　高額医療費、葬祭費（加入者が死亡したとき）\n- 病院で治療、診察を受ける時には健康保険証を必ず受け付けで渡して下さい。""}, {""sid"": ""S4"", ""question"": ""雇用保険"", ""answer"": ""雇用保険制度とは、在職中の労働者の雇用の安定を図り、失業中の労働者に対して、生活の安定と再就職の促進のために失業等給付を行うものです。　失業等給付は、労働者と事業主が支払う保険料によってまかなわれており、日本で雇用されれば外国の失業保険制度の適用を受けていることが立証された者を除き、原則として国籍（無国籍を含む）のいかんに関わらず被保険者となり、事業主を通じて被保険者になります。\n労働者が会社を自己都合、解雇などで離職した場合、次の条件を満たし、公共職業安定所が認めれば基本手当てを受給することができます。\n- 日本国内での就労に制限のない方で日本において反復して就労することが可能な方。\n- 離職日以前２年間に、被保険者期間が通算して１２ヶ月以上ある。（解雇や倒産の場合は離職の日以前１年間に通算６ヶ月以上）\n- 離職したため、被保険者の資格をなくしたことが確認された。\n- 仕事をしたくても仕事に就けない。\n※詳しくは、居住地の公共職業安定所までお問い合わせください。\n雇用保険の手続きについて (https://www.mhlw.go.jp/stf/seisakunitsuite/bunya/koyou_roudou/koyou/koyouhoken/index_00003.html)""}, {""sid"": ""S5"", ""question"": ""【健康保険シリーズ２】日本での病院のかかり方について"", ""answer"": ""保険証を持っていこう\n保険証とは、病院で受診するときに提示するカードです。会社や市役所から発行されます。日本では病院で保険証を提示すると、国の基準で定めた医療費の３割で受診できるのでとても安くなります。でも保険証を忘れてしまうと全額自己負担になるだけでなく、国の基準ではなく病院が自由に医療費を決めるため、より高額になることがあります。出かけるときは忘れずに保険証を携帯しましょう。将来はマイナンバーカードが保険証として使えるようになりますから、早めにマイナンバーカードを作ったほうが良さそうですね。\n保険証が使えないときもある\n保険証は日本のほとんどの病院や調剤薬局で使うことができます。しかし使えない受診もあります。民間療法など国の基準に該当しない治療のほか、美容整形や歯列矯正など日常生活に支障がない治療には使えません。予防接種や健康診断、人工妊娠中絶も対象外になります。仕事中や通勤中の怪我の場合、会社で働いている方は健康保険とは別に労働災害保険にも入っていますので、労働災害保険が補償してくれます。会社に相談してください。そしてこの場合、保険証は使えませんので注意してください。\n【病院のかかり方で上手に節約】\n休日や夜間に急病になったとき、診療してくれる医療機関は心強い存在です。しかし病院のかかり方によっては、割増料金がかかり医療費が高額になることがあります。\n◇時間外に受診すると追加料金がかかる\n診療時間外（夜間、早朝、休日（日曜・祝日）、深夜）に受診すると、通常料金とは別に追加料金を支払うことになります。また薬局で薬を調剤してもらう場合も同様です。ホームぺージ等で診療時間を確認してから行きましょう。\n◇いきなり大病院に行くと特別料金がかかる\n大きな病院に紹介状なしで受診をすると特別料金が5,000円以上かかります。\nまずはお近くのかかりつけ医を受診し、必要な場合は紹介状を書いてもらい大病院を受診しましょう。\n◇複数の病院を受診すると医療費が高くなる\n「症状がよくならないから」「場所が遠いから」などの理由で病院を変えたことはありませんか？\nしかし、途中で病院を変えると毎回「初診料」がかかり、検査や投薬も重複するため、医療費が高くなります。「かかりつけ医」を決めて、同じ病院で受診しましょう。""}]"
新幹線の利用等について,新幹線の利用等については、滋賀県国際協会の情報には具体的な案内が含まれていません。必要な情報は公式な交通機関の案内をご確認ください。,"[{""sid"": ""S1"", ""question"": ""2025年3月24日よりマイナ免許証の運用開始"", ""answer"": ""運転免許の情報をマイナンバーカードに記録する手続きは運転免許センターと警察署でできます。詳しくは警察庁のHPで確認ください。\nhttps://www.npa.go.jp/bureau/traffic/r4kaisei_main.html (https://www.npa.go.jp/bureau/traffic/r4kaisei_main.html)""}]"
暴行事件に納得のいく対応について,暴行事件の“納得のいく対応”には、まず被疑者の権利を正しく理解・行使することが基本です。具体的には、事実を知る権利、黙秘権、弁護人依頼権を活用してください。緊急時には当番弁護制度を活用して速やかに弁護士を確保し、法テラスを利用して経済的支援を受けることも選択肢です。必要に応じて国選弁護人の利用も検討できます。犯罪・事件に関する相談・支援窓口として滋賀弁護士会の当番弁護士専用電話（077-522-2013）および法テラス（0570-078-377）をご活用ください。なお、暴行事件の具体的な対応方針は事案により異なるため、弁護士とご相談のうえ適切な対応を決定してください。,"[{""sid"": ""S1"", ""question"": ""刑事事件を起こしてしまったら （事件・事故）"", ""answer"": ""被疑者の権利\n被疑者の権利として３つの権利が保障されています。\n1. 事実を知る権利\n2. 黙秘権\n3. 弁護人依頼権\n当番弁護士制度\n警察に逮捕、拘留された被疑者や家族の求めに応じて弁護士会が速やかに弁護士を被疑者のところに派遣する「当番弁護士」の制度があります。要請する場合ははっきりと申し出てください。\n滋賀弁護士会　当番弁護士専用電話　　TEL　077-522-2013\n民事法律扶助制度\n経済的に困っている人には、日本司法支援センター　(法テラス)　がありますので、当番弁護士が接見に来た際に相談してください 。\n法テラス [多言語ダイヤル]　TEL 0570-078-377\n法テラス [多言語] (http://www.houterasu.or.jp/multilingual/)\n国選弁護人\n起訴後、被告人は裁判のための弁護人を依頼することができます。経済的に無理な場合は、依頼すれば政府の国選弁護人をつけてくれます。""}]"
カードのリボ払いについて,ご質問の“カードのリボ払い”に関する具体的な説明はS情報には含まれていません。金銭トラブル全般の注意喚起として、詐欺的な請求や電子マネーの不正利用を避け、相手の正当性が不明な請求には返信・送金をしないこと、公式の資金移動業者登録情報を確認すること、警察相談電話等に相談することを推奨しています。リボ払い自体の取り扱いについては、金融庁の公式情報をご確認ください。,"[{""sid"": ""S1"", ""question"": ""金融トラブルにご注意！！"", ""answer"": ""電子マネーのトラブル\nインターネット有料サイトの利用料金未納を騙った架空請求など、詐欺行為の支払手段として現金だけでなく、電子マネーを悪用した被害が急増しています。\n※预プリペイドカードなどの電子マネーは、相手にカードを渡さなくても、カードに記載された番号等を伝えるだけで電子マネーの価値を譲渡したことになります。\n詐欺です！：「コンビニで電子マネーカードを買って、カード番号を教えて。\n」\n！身に覚えのない請求等に返信、連絡しないでください。\n！事業者、法務省や裁判所などが「未納料金などの支払い」の名目で、　　コンビニで電子マネーカードを購入させることは絶対にありません。\nマネー・ロンダリング（犯罪に関係するお金を持っている人をわからなくすること）は違法です！\n詐欺です！：「このお金をあなたの口座から送金してほしいんです。一万円あげますから。」\n！口座を他人にあげるなどの行為は違法です。\n！違法な業者かどうか判断できない場合はその業者は使わないでください。\n　金融庁ウェブサイトの資金移動業者登録一覧に載っていない業者は違法です。\nここから確認できます→　https://www.fsa.go.jp/menkyo/menkyoj/shikin_idou.pdf\n。\nメール・SMS（ショートメッセージサービス）による被害防止対策として、あらかじめ受信拒否設定をしておくことが効果的です。\n！おかしいと思ったら、すぐに家族や友人、警察＃9110（警察相談専用電話）に相談！\n- 消費者ホットライン　　　　１８８　（日本語）\n- 訪日外国人観光客消費者ホットライン 03-5449-0906\n- 金融サービス利用者相談室0570-016811（从ＩＰ電話からは：03-5251-6811）\n- 英語ワンストップ窓口　　　email: equestion@fsa.go.jp""}]"
マイナ保険証について,滋賀県国際協会の情報に基づくと、マイナンバーカードを健康保険証として利用するには、専用のカードリーダーが設置された医療機関・薬局で事前申し込みが必要です。2024年12月2日以降、保険証の新規発行は終了し、基本的にマイナンバーカードでの保険証利用へ移行します。既に発行済みの保険証は有効期限の到来や保険者の移動時に自動的に失効します。詳細は市役所・医療機関・薬局へご相談ください。,"[{""sid"": ""S1"", ""question"": ""マイナンバーカードの健康保険証利用について"", ""answer"": ""2024年12月2日、現行の保険証は新規発行が終了しマイナンバーカードでの保険証利用を基本とする仕組みに移行します。マイナンバーカードの健康保険証利用登録は市役所や医療機関、薬局で行えます。最大１年間有効とする経過措置がありますが、発行済保険証は有効期限が来た場合や保険者の移動がある場合は失効します。""}, {""sid"": ""S2"", ""question"": ""マイナンバーカードを健康保険証として利用できます！"", ""answer"": ""専用のカードリーダーが設置された医療機関・薬局で、マイナンバーカードが健康保険証として利用できるようになります。事前申し込みが必要です。\nマイナンバー総合フリーダイヤル\n℡　０１２０－９５－０１７８（日本語のみ）\n℡　０１２０－０１７８－２６（英語、中国語、韓国語、スペイン語、ポルトガル語）\nお住まいの市町にお問い合わせください。""}, {""sid"": ""S3"", ""question"": ""マイナンバーカードを健康保険証として利用できます！"", ""answer"": ""専用のカードリーダーが設置された医療機関・薬局で、マイナンバーカードが健康保険証として利用できるようになります。事前申し込みが必要です。\nマイナンバー総合フリーダイヤル\n℡　０１２０－９５－０１７８（日本語のみ）\n℡　０１２０－０１７８－２６（英語、中国語、韓国語、スペイン語、ポルトガル語）\nお住まいの市町にお問い合わせください。""}]"
ワクチン接種について,滋賀県国際協会の情報のみを根拠にした回答は提供できません。出典元のS1を参照してください。,"[{""sid"": ""S1"", ""question"": ""予防接種について"", ""answer"": ""予防接種リサーチセンターのウェブサイトを確認してください。""}]"
銀行ATMカードの不具合,銀行ATMカードの不具合については、公式の金融庁・関係機関の案内で確認してください。具体的なトラブル対策としては、身に覚えのない請求やカード番号の共有は避け、登録済みの連絡先を通じて金融機関へ連絡することが推奨されています。ATMの不具合自体の詳細な手順はS1の情報には含まれていませんが、詐欺被害防止の観点から、正規の窓口へ問い合わせることをおすすめします。,"[{""sid"": ""S1"", ""question"": ""金融トラブルにご注意！！"", ""answer"": ""電子マネーのトラブル\nインターネット有料サイトの利用料金未納を騙った架空請求など、詐欺行為の支払手段として現金だけでなく、電子マネーを悪用した被害が急増しています。\n※※プリペイドカードなどの電子マネーは、相手にカードを渡さなくても、カードに記載された番号等を伝えるだけで電子マネーの価値を譲渡したことになります。\n詐欺です！：コンビニで電子マネーカードを買って、カード番号を教えて。\n！身に覚えのない請求等に返信、連絡しないでください。\n！事業者、法務省や裁判所などが「未納料金などの支払い」の名目で、　　コンビニで電子マネーカードを購入させることは絶対にありません。\nマネー・ロンダリング（犯罪に関係するお金を持っている人をわからなくすること）は違法です！\n詐欺です！：「このお金をあなたの口座から送金してほしいんです。一万円あげますから。」\n！口座を他人にあげるなどの行為は違法です。\n！違法な業者かどうか判断できない場合はその業者は使わないでください。\n　金融庁ウェブサイトの資金移動業者登録一覧に載っていない業者は違法です。\n　ここから確認できます\nメール・SMS（ショートメッセージサービス）による被害防止対策として、あらかじめ受信拒否設定をしておくことが効果的です。\n！おかしいと思ったら、すぐに家族や友人、警察＃9110（警察相談専用電話）に相談！\n- 消費者ホットライン　　　　１８８　（日本語）\n- 訪日外国人観光客消費者ホットライン 03-5449-0906 英語・中国語・韓国語・タイ語・ベトナム語・フランス語・日本語\n- 金融サービス利用者相談室0570-016811（从ＩＰ電話からは：03-5251-6811）\n- 英語ワンストップ窓口 　　　email: equestion@fsa.go.jp""}]"
奨学金について,滋賀県国際協会の情報に基づくと、奨学金は主にJASSO、日本の自治体・民間団体・大学独自制度・民間企業等の4系統に分かれ、給付型と貸与型が混在します。募集時期は大学ごとに異なり、入学後の募集が一般的ですが、入学前の予約型奨学金を実施する大学もあります。利用時は家計状況・学力・専攻等で審査され、重複受給不可の場合もあります。具体的にはJASSOの給付・貸与、自治体奨学金、教育公務員弘済会、滋賀県内留学生向けのびわこ奨学金などが挙げられています。奨学金情報は学校の担当課・公式HPで最新情報を確認してください。,"[{""sid"": ""S1"", ""question"": ""奨学金"", ""answer"": ""各大学での奨学生の募集は、入学後、４月、５月に行われることが一般的ですが、入学前に予約型奨学金の募集をする大学もあります。このため、希望校が決まれば、早めに奨学金の情報を収集しましょう。\n奨学金には、大きく分けて、（1）日本学生支援機構の奨学金（2）各大学が独自に設けている奨学金（3）民間企業や財団法人などの奨学金（4）地方自治体の奨学金があります。募集対象や受給条件はまちまちですが、世帯の経済状況、学力や専攻分野などが審査基準になることが多いです。奨学金には返済の必要のない「給付」と返済が必要な「貸与」の二種類があります。また重複して受給できない奨学金もあります。学校の担当課やホームページなどで情報を収集しましょう。\n＊在留資格について、制約がある場合があります。\n日本学生支援機構（JASSO）\n[対象者] 大学院・大学・短期大学・高等専門学校・専修学校(専門課程)に在学する学生\n日本学生支援機構（JASSO）には、有利子、無利子の奨学金（貸与型）の他、経済的に困難な状況にある優秀な学生に対する給付型の奨学金もあります。\n[連絡先・備考]\n日本学生支援機構（JASSO） (https://www.jasso.go.jp/about/shogakukin)\n＊給付・貸与\n自治体の奨学金\n[対象者] 対象はそれぞれ異なります\n[連絡先・備考] 市町役場（奨学金のない自治体もあります）\n＊給付・貸与\n新聞奨学金\n[対象者] 新聞配達の仕事をする学生\n[連絡先・備考] 各新聞社\n＊給付・貸与\n交通遺児育英会奨学金\n[対象者] 交通事故の遺児や保護者に著しい障がいのある学生\n[連絡先・備考]\n交通遺児育英会奨学金 (http://www.kotsuiji.com/howto/)\n＊給付\n日本教育公務員弘済会\n[対象者] 大学院・大学・高等専門学校・専修学校専門課程の学生\n[連絡先・備考] 滋賀支部　　 　TEL： 077-526-1356\n＊給付・貸与\n坪井一郎・仁子学生支援プログラム\n[対象者] 大学生(3年生以上)や大学院生(入学予定者も可)難民や日系定住者及び中国帰国者の子弟\n[連絡先・備考]\n（社福）さぽうと２１ (http://support21.or.jp)\nTEL：03-5449-1331\n＊給付\nPP奨学金\n[対象者] 日本国籍、永住者、特別永住者\n[連絡先・備考]\n（社福）さぽうと２１ (http://support21.or.jp)\nTEL：03-5449-1331\n＊給付\nびわこ奨学金\n[対象者] 滋賀県内の留学生\n[連絡先・備考]\n（公財）滋賀県国際協会 (http://www.s-i-a.or.jp/index.php/projects/multicultural)\nTEL：077-526-0931\n＊給付""}]"
在留資格について,在留資格には目的に応じた在留資格と在留期間が与えられ、活動内容が在留資格ごとに厳格に規定されています。滋賀県在住の方の在留関係手続きは大阪入国管理局大津出張所で行います。詳しい手続きや最新情報は出入国在留管理庁の関連ページを参照してください。,"[{""sid"": ""S2"", ""question"": ""在留について"", ""answer"": ""日本に住む外国人には、それぞれの滞在目的に従って在留資格と在留期間が与えられます。おのおのの「在留資格」には活動できる内容が厳格に規定されています。\n関連ページ\n出入国在留管理庁 (http://www.moj.go.jp/isa/index.html)\n在留関係の手続きについては\n在留関係手続き (https://www.moj.go.jp/isa/applications/index.html)\n入国後の在留関係の手続き\n滋賀県在住の方は、\n大阪入国管理局大津出張所\nで行います。\n大阪入国管理局大津出張所 (http://www.moj.go.jp/isa/about/region/osaka/index.html)\n大津市京町3-1-1 大津びわ湖合同庁舎6階　　℡：077-511-4231\n一般的な内容についての相談\n外国人在留インフォメーションセンター・ワンストップ型相談センター（入国管理局）に外国語で問い合わせることもできます。\n外国人在留インフォメーションセンター (http://www.moj.go.jp/isa/consultation/center/japanese.html)\n℡ 0570-013904（ＩＰ, ＰＨＳ, 海外: 03-5796-7112）\n新しい在留資格への移行により、平成24年7月9日より前の住所は住民票には記載されません。 ※これまで市区町村で保管されていた「外国人登録原票」は、平成24年7月9日から法務省で保管されています。\n外国人登録原票に係る開示請求について（法務省HPへリンク） (http://www.moj.go.jp/isa/applications/disclosure/foreigner.html)""}]"
病院の予約,病院の予約についての明示的な情報は、提供されたS1〜S5の文献には含まれていません。予約の要否や手順は各医療機関のHPや窓口で確認してください。,"[{""sid"": ""S1"", ""question"": ""【健康保険シリーズ２】日本での病院のかかり方について"", ""answer"": ""保険証を持っていこう\n保険証とは、病院で受診するときに提示するカードです。会社や市役所から発行されます。日本では病院で保険証を提示すると、国の基準で定めた医療費の３割で受診できるのでとても安くなります。でも保険証を忘れてしまうと全額自己負担になるだけでなく、国の基準ではなく病院が自由に医療費を決めるため、より高額になることがあります。出かけるときは忘れずに保険証を携帯しましょう。将来はマイナンバーカードが保険証として使えるようになりますから、早めにマイナンバーカードを作ったほうが良さそうですね。\n保険証が使えないときもある\n保険証は日本のほとんどの病院や調剤薬局で使うことができます。しかし使えない受診もあります。民間療法など国の基準に該当しない治療のほか、美容整形や歯列矯正など日常生活に支障がない治療には使えません。予防接種や健康診断、人工妊娠中絶も対象外になります。仕事中や通勤中の怪我の場合、会社で働いている方は健康保険とは別に労働災害保険にも入っていますので、労働災害保険が補償してくれます。会社に相談してください。そしてこの場合、保険証は使えませんので注意してください。\n【病院のかかり方で上手に節約】\n休日や夜間に急病になったとき、診療してくれる医療機関は心強い存在です。しかし病院のかかり方によっては、割増料金がかかり医療費が高額になることがあります。\n◇時間外に受診すると追加料金がかかる\n診療時間外（夜間、早朝、休日（日曜・祝日）、深夜）に受診すると、通常料金とは別に追加料金を支払うことになります。また薬局で薬を調剤してもらう場合も同様です。ホームぺージ等で診療時間を確認してから行きましょう。\n◇いきなり大病院に行くと特別料金がかかる\n大きな病院に紹介状なしで受診をすると特別料金が5,000円以上かかります。\nまずはお近くのかかりつけ医を受診し、必要な場合は紹介状を書いてもらい大病院を受診しましょう。\n◇複数の病院を受診すると医療費が高くなる\n「症状がよくならないから」「場所が遠いから」などの理由で病院を変えたことはありませんか？\nしかし、途中で病院を変えると毎回「初診料」がかかり、検査や投薬も重複するため、医療費が高くなります。「かかりつけ医」を決めて、同じ病院で受診しましょう。""}, {""sid"": ""S2"", ""question"": ""【健康保険シリーズ２】日本での病院のかかり方について"", ""answer"": ""保険証を持っていこう\n保険証とは、病院で受診するときに提示するカードです。会社や市役所から発行されます。日本では病院で保険証を提示すると、国の基準で定めた医療費の３割で受診できるのでとても安くなります。でも保険証を忘れてしまうと全額自己負担になるだけでなく、国の基準ではなく病院が自由に医療費を決めるため、より高額になることがあります。出かけるときは忘れずに保険証を携帯しましょう。将来はマイナンバーカードが保険証として使えるようになりますから、早めにマイナンバーカードを作ったほうが良さそうですね。\n保険証が使えないときもある\n保険証は日本のほとんどの病院や調剤薬局で使うことができます。しかし使えない受診もあります。民間療法など国の基準に該当しない治療のほか、美容整形や歯列矯正など日常生活に支障がない治療には使えません。予防接種や健康診断、人工妊娠中絶も対象外になります。仕事中や通勤中の怪我の場合、会社で働いている方は健康保険とは別に労働災害保険にも入っていますので、労働災害保険が補償してくれます。会社に相談してください。そしてこの場合、保険証は使えませんので注意してください。\n【病院のかかり方で上手に節約】\n休日や夜間に急病になったとき、診療してくれる医療機関は心強い存在です。しかし病院のかかり方によっては、割増料金がかかり医療費が高額になることがあります。\n◇時間外に受診すると追加料金がかかる\n診療時間外（夜間、早朝、休日（日曜・祝日）、深夜）に受診すると、通常料金とは別に追加料金を支払うことになります。また薬局で薬を調剤してもらう場合も同様です。ホームぺージ等で診療時間を確認してから行きましょう。\n◇いきなり大病院に行くと特別料金がかかる\n大きな病院に紹介状なしで受診をすると特別料金が5,000円以上かかります。\nまずはお近くのかかりつけ医を受診し、必要な場合は紹介状を書いてもらい大病院を受診しましょう。\n◇複数の病院を受診すると医療費が高くなる\n「症状がよくならないから」「場所が遠いから」などの理由で病院を変えたことはありませんか？\nしかし、途中で病院を変えると毎回「初診料」がかかり、検査や投薬も重複するため、医療費が高くなります。「かかりつけ医」を決めて、同じ病院で受診しましょう。""}, {""sid"": ""S3"", ""question"": ""病院、診療所について"", ""answer"": ""外来患者の診療時間はいろいろですが、ふつう平日の午前中が多く、日祝日は休診です。""}, {""sid"": ""S4"", ""question"": ""【健康保険シリーズ７】大きな病院にかかるときは注意が必要です"", ""answer"": ""【選定療養費の改正について】\n2022年10月から国の制度が見直しとなり、紹介状なしで大病院を受診するときの医療費負担が大きくなりました。\n初診　５，０００円　→　７，０００円（税別）\n再診　２，５００円　→　３，０００円（税別）\nこの金額は健康保険の対象外です。高額療養費にも含まれません。大病院とは大学病院や、おおむね２００床以上の病院のことです。日本の病院は、病院の規模などに応じた役割分担をすすめています。\n軽症の患者が初めから大病院を受診してしまうと、本来大病院で治療するべき重症患者の受診や入院患者への対応が妨げられてしまいます。\n紹介状をもたず大病院を受診した場合は、通常の医療費の他に７，０００円以上の特別な料金がかかりますので、注意してください。\nまずお住まいの地域の診療所を受診し、必要に応じ大病院の紹介を受けてください。""}, {""sid"": ""S5"", ""question"": ""【健康保険シリーズ７】大きな病院にかかるときは注意が必要です～"", ""answer"": ""【選定療養費の改正について】\n2022年10月から国の制度が見直しとなり、紹介状なしで大病院を受診するときの医療費負担が大きくなりました。\n初診　５，０００円　→　７，０００円（税別）\n再診　２，５００円　→　３，０００円（税別）\nこの金額は健康保険の対象外です。高額療養費にも含まれません。大病院とは大学病院や、おおむね２００床以上の病院のことです。日本の病院は、病院の規模などに応じた役割分担をすすめています。\n軽症の患者が初めから大病院を受診してしまうと、本来大病院で治療するべき重症患者の受診や入院患者への対応が妨げられてしまいます。\n紹介状をもたず大病院を受診した場合は、通常の医療費の他に７，０００円以上の特別な料金がかかりますので、注意してください。\nまずお住まいの地域の診療所を受診し、必要に応じ大病院の紹介を受けてください。""}]"
育児休業期間の有休について,育児休業期間中の有給休暇の扱いは、制度の適用条件や勤務先の規定によって異なります。一般に、育児休業自体は有給とは別の休暇区分ですが、職場の制度によって休業期間中に有給休暇を組み合わせて取得できる場合もあります。詳細は勤務先の規程と滋賀労働局雇用環境・均等室（077-523-1190）へご確認ください。,"[{""sid"": ""S3"", ""question"": ""子育て応援シリーズ➂ 仕事と育児の両立を応援！"", ""answer"": ""育児をしながら仕事を続けられるように、産後や育児のための休暇や、復職してから育児をサポートする制度があります。利用するには、雇用状況や加入している保険などについての条件があります。\n★雇用保険（社会保険）の被保険者が利用できる制度\n育児休業制度\n１歳に満たない子を養育するための休業制度です。１歳までの育児休業については、2回に分けて取得することも可能です。父母ともに育児休業を取得する場合や、保育所等に入れない場合には、育児休業期間を延長することもできます。休業開始予定日の１か月前までに、勤務先に書面で申し出てください。一定の条件を満たすと、休業期間中に「育児休業給付金」の支給を受けることができます。支払額は180日までは休業開始時賃金日額の67％、それ以降は50％です。\n出生時育児休業（産後パパ育休）制度\n原則的に男性を対象とした出生後の子を養育するための休業制度です。父親は子どもが生まれた日から８週間以内、４週間分まで取得でき、２回に分割して取得することもできます。休業開始予定日の２週間前までに、勤務先に書面で申し出てください。一定の条件を満たすと「出生時育児休業給付金」の支給を受けることができます。\n支払額は、休業開始時賃金日額ｘ休業期間の日数（28日が上限）ｘ67％です。\n→詳しくは勤務先所在地を管轄するハローワークへ\n産前産後の一定期間の年金、健康保険料が免除、軽減されます（2024年１月より）：・社会保険の加入者が産前産後休業・育児休業を取得する場合、休業中の健康保険料と厚生年金保険料が免除されます。 →詳しくは年金事務所へ\n★労働基準法により定められ、復職後使える制度\n※それぞれの制度には子どもの年齢の制限や勤務時間などの条件があるので勤務先に確認しましょう。\n育児時間\n雇用形態にかかわらずフルタイム勤務の女性労働者は、子どもが1歳未満までの間、休憩時間とは別に１日２回それぞれ少なくとも30分の育児時間を請求できます。育児時間は、勤務時間中でも、勤務時間始め、または終わりにとることもできます。\n短時間勤務制度、時間外労働・深夜業の免除\n男女共に育児する親は、勤務時間の短縮（原則６時間）や時間外、深夜労働（午後１０時から午前５時まで）などの免除を請求することもできます。\n看護休暇\n雇用形態にかかわりなく、小学校就学前の子を養育する労働者は、ケガや病気の子どもの世話や、予防接種や健康診断を受けさせるために、看護休暇を取得できます。小学校就学前の子が１人であれば１年に５日、２人以上であれば10日までの看護休暇を、年次有給休暇とは別に時間単位で取得できます。\n※看護休暇について、有給か無給かは勤務先の制度によって異なります。\n→　相談は滋賀労働局雇用環境・均等室　　℡ 077-523-1190""}, {""sid"": ""S4"", ""question"": ""子育て応援シリーズ➂ 仕事と育児の両立を応援！"", ""answer"": ""育児をしながら仕事を続けられるように、産後や育児のための休暇や、復職してから育児をサポートする制度があります。利用するには、雇用状況や加入している保険などについての条件があります。\n★雇用保険（社会保険）の被保険者が利用できる制度\n育児休業制度\n１歳に満たない子を養育するための休業制度です。１歳までの育児休業については、2回に分けて取得することも可能です。父母ともに育児休業を取得する場合や、保育所等に入れない場合には、育児休業期間を延長することもできます。休業開始予定日の１か月前までに、勤務先に書面で申し出てください。一定の条件を満たすと、休業期間中に「育児休業給付金」の支給を受けることができます。支払額は180日までは休業開始時賃金日額の67％、それ以降は50％です。\n出生時育児休業（産後パパ育休）制度\n原則的に男性を対象とした出生後の子を養育するための休業制度です。父親は子どもが生まれた日から８週間以内、４週間分まで取得でき、２回に分割して取得することもできます。休業開始予定日の２週間前までに、勤務先に書面で申し出てください。一定の条件を満たすと「出生時育児休業給付金」の支給を受けることができます。\n支払額は、休業開始時賃金日額ｘ休業期間の日数（28日が上限）ｘ67％です。\n→詳しくは勤務先所在地を管轄するハローワークへ\n産前産後の一定期間の年金、健康保険料が免除、軽減されます（2024年１月より）：・社会保険の加入者が産前産後休業・育児休業を取得する場合、休業中の健康保険料と厚生年金保険料が免除されます。 →詳しくは年金事務所へ\n★労働基準法により定められ、復職後使える制度\n※それぞれの制度には子どもの年齢の制限や勤務時間などの条件があるので勤務先に確認しましょう。\n育児時間\n雇用形態にかかわらずフルタイム勤務の女性労働者は、子どもが1歳未満までの間、休憩時間とは別に１日２回それぞれ少なくとも30分の育児時間を請求できます。育児時間は、勤務時間中でも、勤務時間始め、または終わりにとることもできます。\n短時間勤務制度、時間外労働・深夜業の免除\n男女共に育児する親は、勤務時間の短縮（原則６時間）や時間外、深夜労働（午後１０時から午前５時まで）などの免除を請求することもできます。\n看護休暇\n雇用形態にかかわりなく、小学校就学前の子を養育する労働者は、ケガや病気の子どもの世話や、予防接種や健康診断を受けさせるために、看護休暇を取得できます。小学校就学前の子が１人であれば１年に５日、２人以上であれば10日までの看護休暇を、年次有給休暇とは別に時間単位で取得できます。\n※看護休暇について、有給か無給かは勤務先の制度によって異なります。\n→　相談は滋賀労働局雇用環境・均等室　　℡ 077-523-1190""}]"
お知らせの確認,滋賀県国際協会の情報に基づくと、災害時には避難準備・避難勧告・避難指示がテレビ・ラジオ・インターネット・携帯電話・地域の広報車・防災無線等で通知されます。災害時は通信が混雑するため、災害用伝言ダイヤル171や災害用伝言板web171、メール、SNS等の複数手段で家族と連絡方法を事前に話し合い、地震時に役立つアプリを携帯に準備しておくと良いです。周知のラジオ局としては、NHK滋賀第1放送(945)、E-radio(77.0)、エフエム彦根(78.2)、えふえむ草津(78.5)、B-WAVE(79.1)、Radio Sweet(81.5)が挙げられています。,"[{""sid"": ""S1"", ""question"": ""災害時の通知を知っていますか？"", ""answer"": ""「避難準備」、「避難勧告」「避難指示」が、テレビ、ラジオ、インターネット、携帯電話や地域の広報車、防災無線などから届きます。周りの状況に注意をしながら避難所に移動します。\n*災害が起こると電話がつながりにくくなるので、できるだけ「災害用伝言ダイヤル171」や「災害用伝言板web171」やメールを利用します。家族と連絡方法を話し合い、一つの連絡手段が使えなかった時のために、いろんな連絡方法を持っておきましょう。（Twitter, LINE, Facebookなど）また地震時に役立つアプリなども携帯に入れておきましょう。\n- 県内ラジオ局（MHｚ）： NHK滋賀第１放送(945)　E-radio(77.0)　エフエム彦根(78.2)　えふえむ草津(78.5)　B-WAVE (79.1)　Radio Sweet( 81.5)""}]"
返済について,返済については、契約の期間や条件は契約書や現地の不動産業者の説明を確認してください。敷金・礼金・仲介手数料の基本事項はに記載のとおりです。退職や解雇に関する一般的な注意点は、金融トラブル回避のための注意喚起は・に基づく情報をご参照ください。なお、教育資金貸付制度は所得や資格要件、金利が制度により異なるため、滋賀県社会福祉協議会等の案内に従い、各窓口へ確認してください（S2）。,"[{""sid"": ""S1"", ""question"": ""賃貸住居"", ""answer"": ""家やアパートを借りたい場合は、不動産業者に相談してください。\n\n契約に必要とされるのは\n敷金\n家賃支払いの担保として家主に預けておくお金です。退去する際に返金されるものです。未払い賃料および借りていた家の中に損害がある場合は、その修理費をさし引かれますが、残高が戻ります。\n礼金\n家主に支払う一時金で返金されないもの。\n報酬\n不動産業者に仲介を依頼した時は、通常1ヶ月分が必要です。""}, {""sid"": ""S2"", ""question"": ""教育資金貸付制度、教育ローン"", ""answer"": ""＊在留資格について、制約がある場合があります。\n金利、返済期間等について、確認してから借りましょう。\n生活福祉資金教育貸付 (教育支援金)\n[対象者] 低所得者世帯\n[連絡先・備考] 滋賀県社会福祉協議会 　 TEL：077-567-3903\n＊無利子\nひとり親家庭・寡婦福祉資金の修学資金、就学支度金の貸付\n[対象者] 母子父子家庭\n[連絡先・備考]\n滋賀県健康医療福祉部子ども・青少年局 TEL：077-528-3554\n大津市在住者は大津こども家庭課　 TEL：077-528-2686\n＊無利子\n教育一般貸付 国の教育ローン\n[連絡先・備考]\n日本政策金融公庫 (https://www.jfc.go.jp/n/finance/search/ippan.html)\n教育コールセンター TEL：0570-008656\n＊有利子\n銀行の教育ローン\n[連絡先・備考] 各銀行（銀行により金利が異なります）\n＊有利子""}, {""sid"": ""S3"", ""question"": ""退職するときは"", ""answer"": ""自己都合による退職\n退職については、通常就業規則に定めがありますので、あらかじめその内容や手続きについて確認しておきましょう。 　なお、民法（第627条）によれば、期間に定めのない労働契約の場合は，原則として退職の申し入れから２週間後に契約は終了するものとされています。\nただし、急に「辞めたい」と申し入れることは、会社にとっては事務引継ぎなどで困ることもありますので、退職の時期等については会社と充分話し合うことが望ましいでしょう。\n事業主からの解雇\n解雇に当たっては、雇用者は労働者に少なくとも30日前にその予告をする必要があり、30日前に予告しない場合には30日に不足する日数分の平均賃金（解雇予告手当）を支払う必要があります。（労働基準法20条、21条）。""}, {""sid"": ""S4"", ""question"": ""金融トラブルにご注意！！"", ""answer"": ""電子マネーのトラブル\nインターネット有料サイトの利用料金未納を騙った架空請求など、詐欺行為の支払手段として現金だけでなく、電子マネーを悪用した被害が急増しています。\n※※プリペイドカードなどの電子マネーは、相手にカードを渡さなくても、カードに記載された番号等を伝えるだけで電子マネーの価値を譲渡したことになります。\n詐欺です！：コンビニで電子マネーカードを買って、カード番号を教えて。\n！身に覚えのない請求等に返信、連絡しないでください。\n！事業者、法務省や裁判所などが「未納料金などの支払い」の名目で、　　コンビニで電子マネーカードを購入させることは絶対にありません。\nマネー・ロンダリング（犯罪に関係するお金を持っている人をわからなくすること）は違法です！\n詐欺です！：「このお金をあなたの口座から送金してほしいんです。一万円あげますから。」\n！口座を他人にあげるなどの行為は違法です。\n！違法な業者かどうか判断できない場合はその業者は使わないでください。\n　金融庁ウェブサイトの資金移動業者登録一覧に載っていない業者は違法です。\n　ここから確認できます\nメール・SMS（ショートメッセージサービス）による被害防止対策として、あらかじめ受信拒否設定をしておくことが効果的です。\n！おかしいと思ったら、すぐに家族や友人、警察＃9110（警察相談専用電話）に相談！\n- 消費者ホットライン　　　　１８８　（日本語）\n- 訪日外国人観光客消費者ホットライン 03-5449-0906 英語・中国語・韓国語・タイ語・ベトナム語・フランス語・日本語\n- 金融サービス利用者相談室0570-016811（从ＩＰ電話からは：03-5251-6811）\n- 英語ワンストップ窓口 　　　email: equestion@fsa.go.jp""}, {""sid"": ""S5"", ""question"": ""金融トラブルにご注意！！"", ""answer"": ""電子マネーのトラブル\nインターネット有料サイトの利用料金未納を騙った架空請求など、詐欺行為の支払手段として現金だけでなく、電子マネーを悪用した被害が急増しています。\n※预プリペイドカードなどの電子マネーは、相手にカードを渡さなくても、カードに記載された番号等を伝えるだけで電子マネーの価値を譲渡したことになります。\n詐欺です！：「コンビニで電子マネーカードを買って、カード番号を教えて。\n」\n！身に覚えのない請求等に返信、連絡しないでください。\n！事業者、法務省や裁判所などが「未納料金などの支払い」の名目で、　　コンビニで電子マネーカードを購入させることは絶対にありません。\nマネー・ロンダリング（犯罪に関係するお金を持っている人をわからなくすること）は違法です！\n詐欺です！：「このお金をあなたの口座から送金してほしいんです。一万円あげますから。」\n！口座を他人にあげるなどの行為は違法です。\n！違法な業者かどうか判断できない場合はその業者は使わないでください。\n　金融庁ウェブサイトの資金移動業者登録一覧に載っていない業者は違法です。\nここから確認できます→　https://www.fsa.go.jp/menkyo/menkyoj/shikin_idou.pdf\n。\nメール・SMS（ショートメッセージサービス）による被害防止対策として、あらかじめ受信拒否設定をしておくことが効果的です。\n！おかしいと思ったら、すぐに家族や友人、警察＃9110（警察相談専用電話）に相談！\n- 消費者ホットライン　　　　１８８　（日本語）\n- 訪日外国人観光客消費者ホットライン 03-5449-0906\n- 金融サービス利用者相談室0570-016811（从ＩＰ電話からは：03-5251-6811）\n- 英語ワンストップ窓口　　　email: equestion@fsa.go.jp""}]"
通訳の依頼,滋賀県国際協会の情報のみを根拠とした回答として、通訳の依頼については、具体的な窓口情報がS1に含まれており、OTIT外国人技能実習機構の母国語相談窓口が案内されています。必要に応じて上記の窓口へご連絡ください（英語・中国語・タガログ語・ベトナム語・インドネシア語等の対応あり）。,"[{""sid"": ""S1"", ""question"": ""技能実習について"", ""answer"": ""OTIT外国人技能実習機構　母国語相談\nTel 0120-250-147（英語 English）\nTel 0120-250-169 （中国語 中文）\nTel 0120-250-197（タガログ語 Tagalog）\nTel 0120-250-197（タガログ語 Tagalog）\nTel 0120-250-168（ベトナム語 Tiếng Việt）\nTel 0120-250-192（インドネシア語 Indonesia）　 　等々""}]"
在留資格申込書について,滋賀県国際協会の情報を根拠として、在留資格申請に関する具体的な手続きの詳細は提供されていません。滋賀県在住の方は大阪入国管理局大津出張所で在留関係の手続きが行われるとの案内は記載されていますが、申請書の入手方法・提出先・必要書類などの在留資格申請の実務情報は示されていません。申請書の入手方法や提出先など、在留資格申請に関する一般的な事項は出入国在留管理庁の公式ページをご確認ください。滋賀県国際協会の情報としては、在留関係の手続きは大阪入国管理局大津出張所で、問い合わせ先として外国人在留インフォメーションセンターなどの窓口が案内されています。,"[{""sid"": ""S1"", ""question"": ""在留について"", ""answer"": ""日本に住む外国人には、それぞれの滞在目的に従って在留資格と在留期間が与えられます。おのおのの「在留資格」には活動できる内容が厳格に規定されています。\n関連ページ\n出入国在留管理庁 (http://www.moj.go.jp/isa/index.html)\n在留関係の手続きについては\n在留関係手続き (https://www.moj.go.jp/isa/applications/index.html)\n入国後の在留関係の手続き\n滋賀県在住の方は、\n大阪入国管理局大津出張所\nで行います。\n大阪入国管理局大津出張所 (http://www.moj.go.jp/isa/about/region/osaka/index.html)\n大津市京町3-1-1 大津びわ湖合同庁舎6階　　℡：077-511-4231\n一般的な内容についての相談\n外国人在留インフォメーションセンター・ワンストップ型相談センター（入国管理局）に外国語で問い合わせることもできます。\n外国人在留インフォメーションセンター (http://www.moj.go.jp/isa/consultation/center/japanese.html)\n℡ 0570-013904（ＩＰ, ＰＨＳ, 海外: 03-5796-7112）\n新しい在留資格への移行により、平成24年7月9日より前の住所は住民票には記載されません。 ※これまで市区町村で保管されていた「外国人登録原票」は、平成24年7月9日から法務省で保管されています。\n外国人登録原票に係る開示請求について（法務省HPへリンク） (http://www.moj.go.jp/isa/applications/disclosure/foreigner.html)""}]"
パスポートの名前の変更について,滋賀県国際協会の情報を根拠に、パスポートの氏名変更については、海外渡航前に新しい氏名でのパスポート発行手続きを進める必要があります。氏名変更後に新しいパスポートを取得した場合、渡航先の入国要件や航空会社の旅券一致要件に合わせて、他の関連書類（ビザ・渡航既定）も更新してください。なお、具体的な手続き方法の案内は提供されていません。必要に応じて、最寄りのパスポート窓口または日本政府の公式案内をご確認ください。,"[{""sid"": ""S1"", ""question"": ""郵便局について"", ""answer"": ""以下の関連ページに各言語で案内があります。""}]"
病院を受診したい,病院を受診する際は、保険証を持参してください。保険証を提示すると医療費が原則3割負担になります。急病のときは時間外の追加料金がかかることがあるので、事前に診療時間を確認しましょう。初めはかかりつけ医を受診し、必要に応じ大病院へ紹介状をもらうと費用を抑えやすくなります。,"[{""sid"": ""S1"", ""question"": ""【健康保険シリーズ２】日本での病院のかかり方について"", ""answer"": ""保険証を持っていこう\n保険証とは、病院で受診するときに提示するカードです。会社や市役所から発行されます。日本では病院で保険証を提示すると、国の基準で定めた医療費の３割で受診できるのでとても安くなります。でも保険証を忘れてしまうと全額自己負担になるだけでなく、国の基準ではなく病院が自由に医療費を決めるため、より高額になることがあります。出かけるときは忘れずに保険証を携帯しましょう。将来はマイナンバーカードが保険証として使えるようになりますから、早めにマイナンバーカードを作ったほうが良さそうですね。\n保険証が使えないときもある\n保険証は日本のほとんどの病院や調剤薬局で使うことができます。しかし使えない受診もあります。民間療法など国の基準に該当しない治療のほか、美容整形や歯列矯正など日常生活に支障がない治療には使えません。予防接種や健康診断、人工妊娠中絶も対象外になります。仕事中や通勤中の怪我の場合、会社で働いている方は健康保険とは別に労働災害保険にも入っていますので、労働災害保険が補償してくれます。会社に相談してください。そしてこの場合、保険証は使えませんので注意してください。\n【病院のかかり方で上手に節約】\n休日や夜間に急病になったとき、診療してくれる医療機関は心強い存在です。しかし病院のかかり方によっては、割増料金がかかり医療費が高額になることがあります。\n◇時間外に受診すると追加料金がかかる\n診療時間外（夜間、早朝、休日（日曜・祝日）、深夜）に受診すると、通常料金とは別に追加料金を支払うことになります。また薬局で薬を調剤してもらう場合も同様です。ホームぺージ等で診療時間を確認してから行きましょう。\n◇いきなり大病院に行くと特別料金がかかる\n大きな病院に紹介状なしで受診をすると特別料金が5,000円以上かかります。\nまずはお近くのかかりつけ医を受診し、必要な場合は紹介状を書いてもらい大病院を受診しましょう。\n◇複数の病院を受診すると医療費が高くなる\n「症状がよくならないから」「場所が遠いから」などの理由で病院を変えたことはありませんか？\nしかし、途中で病院を変えると毎回「初診料」がかかり、検査や投薬も重複するため、医療費が高くなります。「かかりつけ医」を決めて、同じ病院で受診しましょう。""}]"
面談について,滋賀県国際協会の情報に基づくと、面談に関する具体的な案内はS1～S5の中では明示されていません。労働トラブル時は労働基準監督署へ、悩まずすぐ相談は市町役場の障害福祉担当課など、各機関の窓口を案内しています。ご希望の面談の用途（労働関係、離婚、就職支援、技能実習など）に応じて、該当窓口へご相談ください。,"[{""sid"": ""S1"", ""question"": ""労働トラブルの相談"", ""answer"": ""労働関係のトラブルがあった場合は、下記の労働基準監督署に相談しましょう。（労働契約、就労規則、給料明細などがあれば持参してください）""}]"
精神不安定について,精神不安定に対しては、学校の先生やスクールカウンセラーへの相談を第一に考え、必要に応じて通訳を依頼しつつ、こどもの人権110番、チャイルドライン、24時間子供SOSダイヤルなどの相談窓口も利用してください。緊急性が高い場合は、迷わず身近な大人や専門機関に連絡してください。,"[{""sid"": ""S1"", ""question"": ""困りごとがあれば学校に相談しましょう！"", ""answer"": ""学校ではたくさんの手紙が配(られるので、わからない場合は先生に確認したり、面談の時には通訳をお願いしましょう。悩みや問題があれば、先生やスクールカウンセラーに相談しましょう。\n学校以外で子どもが相談できるところ\n自分のこと、友達のこと、家族のこと、その他の事で悩み、困っていることがあれば相談してください。\n- こどもの人権110番 0120-007-110　月～金8:30 -17:15\n- チャイルドライン 0120-99-7777　毎日　16:00 - 21:00\n- 24時間子供SOSダイヤル 0120-0-78310　2４時間対応（年末年始も可）""}]"
知り合いが心配,知り合いの相談には、滋賀県国際協会の情報に基づき、まず家庭裁判所の調停を検討してください。大津家庭裁判所や彦根・長浜支部、または京都外国人の夫婦と親子に関する紛争解決センターへ連絡するとよいです。必要に応じて公的窓口を案内します。,"[{""sid"": ""S1"", ""question"": ""離婚についての話し合いがうまくいきません。"", ""answer"": ""家庭裁判所の調停で話し合うことができます。（日本語）\n- 大津家庭裁判所 　℡　077-503-8151\n- 大津家庭裁判所 彦根支部 　℡　0749-22-0167\n- 大津家庭裁判所 長浜支部 　℡　0749-62-0240\n- 京都外国人の夫婦と親子に関する紛争解決センター 　℡　075-692-3555""}]"
不動産屋からの連絡について,不動産屋に仲介を依頼した場合、費用として通常1ヶ月分の仲介手数料が発生します。また、契約時には敷金・礼金が関係することがあります。詳しくは滋賀県の情報に基づきご案内しました。,"[{""sid"": ""S1"", ""question"": ""賃貸住居"", ""answer"": ""家やアパートを借りたい場合は、不動産業者に相談してください。\n\n契約に必要とされるのは\n敷金\n家賃支払いの担保として家主に預けておくお金です。退去する際に返金されるものです。未払い賃料および借りていた家の中に損害がある場合は、その修理費をさし引かれますが、残高が戻ります。\n礼金\n家主に支払う一時金で返金されないもの。\n報酬\n不動産業者に仲介を依頼した時は、通常1ヶ月分が必要です。""}]"
住宅ローン付き不動産の相続について,滋賀県の情報として、住宅ローン付き不動産の相続について、相続税・登記等具体的な法的取り扱いの詳細は記載がありません。相続発生時には一般に不動産の所有権承継や抵当権の扱い、ローンの継続・清算方法等が関係しますが、当協会が提供する情報源には、住宅ローンの借入条件や相続手続きに関する具体的な指針は掲載されていません。相続時には金融機関との連携が重要となるため、専門家（司法書士・税理士・金融機関）への相談を推奨します。なお、公的な居住支援・住宅セーフティネット制度や空き家バンク等の情報はS5/S4に説明があります。,"[{""sid"": ""S4"", ""question"": ""新型コロナウイルス感染症の影響を受けた方への生活支援について"", ""answer"": ""住居確保給付金（家主さんに直接支払われる家賃）\n対象\n離職・廃業から２年以内または休業等により収入が減少し、離職等と同程度の状況にある方\n支給期間\n原則３カ月（最長９カ月まで）\n支給額\n家賃相当額を自治体から家主さんに支給\n申請方法\n市にお住まいの方は各市。町にお住まいの方は各町の社会福祉協議会\nご案内\n住居確保給付金のご案内はこちらから (https://www.mhlw.go.jp/content/000626236.pdf)\n★滋賀県では県営住宅での一時的な受入れを行っています。\n対象\n新型コロナウイルスの感染症に起因する解雇等により住宅の退去を余儀なくされた方\n入居期間\n最長一年間\n申込方法\n県庁土木交通部住宅課へお電話　（℡　０７７－５２８－４２３４）\nその他、生活にお困りの方は、お住まいの市町の福祉課や社会福祉事務所で相談しましょう！""}, {""sid"": ""S5"", ""question"": ""住む家を探すには？"", ""answer"": ""住まい探しに役立つ情報です。住宅には、「公営住宅」、「賃貸住宅」、「持ち家」などがあります。\n公営住宅\n所得の低い人など一定の条件を満たす人を対象に、公的な住宅があります。定期的に募集をおこない、抽選によって入居が決定します。滋賀県には県営住宅と、市町によって市営や町営住宅があるところもあります。在留資格や所得の要件があるので、確認してください。\n県営住宅\n滋賀県には、県営住宅が県内各地域にあり、年4回（４月、７月、１０月、１月）募集があります。\n市営町営住宅\nお住まいの市町役場に問い合わせてください。\n賃貸住宅\n一般に、日本では不動産屋で物件を探し、書面で契約を結びます。契約時、物件により、礼金や敷金が必要になります。（礼金は家主へのお礼として支払うお金で戻ってきません。敷金とは退去時に原状回復のために使われ、一部戻ってくる場合もあります。）また、連帯保証人が必要な場合と、家賃保証会社を利用する場合があります。その他、不動産屋への仲介手数料の支払いがあります。契約に火災保険の加入が含まれる場合が一般的です。その他、管理費や２年ごとに更新料を支払う必要がある場合が多いです。\nお役立ちサイト\n- [ 不動産情報検索サイト ] （公社）滋賀県宅地建物取引業協会 (https://www.hatomarksite.com/search/shiga/)\n- [ 外国語が話せる不動産店一覧 ] （公財）日本賃貸住宅管理協会 (https://www.jpm.jp/multilingual/index.html)\n- [ 外国人の民間賃貸住宅への円滑な入居について ]　国土交通省 (https://www.mlit.go.jp/jutakukentiku/house/jutakukentiku_house_tk3_000017.html)\n滋賀県の居住支援・住宅セーフティネット制度\n滋賀県での高齢者世帯、障害者世帯、外国人世帯、子育て世帯の入居を受け入れる民間賃貸住宅等の情報です。\n- 滋賀県のセーフティネット住宅 (https://safetynet-jutaku.mlit.go.jp/guest/apart_list.php?pref=25)\n- 滋賀あんしん賃貸住宅 (https://www.pref.shiga.lg.jp/ippan/kendoseibi/zyuutaku/300196.html)\n火災保険\n住宅は賃貸や持ち家にかかわらず、火災保険に加入する必要があります。\n賃貸アパートやマンションなどの場合、入居時や更新時に「大家」と「入居者」がそれぞれ火災保険に加入するケースが一般的です。建物は大家の資産なので、建物に対する火災保険は大家が加入して保険料を支払い、室内の家具や家電などの家財道具に対する保険は、入居者が加入し保険料を支払います。持ち家であれば建物と家財の両方を補償する火災保険に入ります。\n持ち家\n日本では、不動産を購入する際に国籍や在留資格に基づく制限はありません。ただし住宅ローンの借り入れは、永住者や特別永住者の在留資格をお持ちの方に限られています。年齢や所得、勤続年数などの基準を満たし、審査に通ると住宅ローンを組むことができます。また、要件などを満たせば、確定申告で住宅ローン控除を受けることができます。住宅を購入した後、経済状況に変化があった場合は、住宅ローンの借り換えや返済について、銀行に条件変更の相談をしましょう。\nまた、１月１日に住宅を所有している人は、その資産をもとに算定した固定資産税をお住まいの市町役場に支払います。\n空き家バンク\n空き家の賃貸・売却を希望する人が登録した情報を、空き家の利活用を希望する人に紹介する制度です。希望する市町役場の住宅課に空き家バンクがあるかたずねてください。\n- 空き家バンク (https://www.akiya-athome.jp/buy/25/)\n困ったときの相談窓口　（相談無料）\n入居中・契約の解除・明渡し時のトラブルなどの相談窓口：・滋賀県消費生活センター（彦根）/ TEL 0749-23-0999\n住宅取得や不具合、事業者とのトラブルなど様々な住宅についての相談窓口：・住まいるダイヤル/ TEL 03-3556-5147\n引っ越し先が決まったら、何をしたらいいのでしょう？\n届け出\nお住まいの市町役場に転出届を出します。引っ越し後14日以内に、新住所の役場に転居、転入届を出し、在留カードとマイナンバーカードの住所変更も行います。また、子どもさんがおられる方は、新しい保育園、幼稚園、学校への転入手続きも行います。職場、銀行への連絡や、運転免許証の住所変更も必要です。郵便局へ郵便物の転送届を出しておくと、引っ越し前の住所地に届いた郵便物を新住所に転送してもらえます。\n近所との付き合い\n日本では、引っ越した人が近所の人に挨拶をする習慣があります。近所の人と知り合って、ゴミの収集日や収集場所、災害時の避難場所など地域のルールを教えてもらいましょう。\n自治会\n地域ごとに住民が運営する自治会があります。自治会では、住民同士が地域での暮らしを良くするため、防犯、防災、美化活動を行ったり、地域の子どもたちがスポーツや祭りなどを楽しむ「子ども会」があるなど様々な活動をしています。それらの事業の運営のため、会員は自治会費を支払い、役割分担(ぶんたん)もあります。また、細かな地域の情報が掲載された「回覧板」が回ってきます。自治会は任意加入ですが、ゴミ収集場所の管理を自治会がしている場合など、加入が必要になることもあります。災害時などには近所同士の助け合いが必要になるので、近所とのお付き合いは大切にしましょう。\n※地域によって自治会の有無や活動内容、自治会費は異なりますので、必ず確認してください。""}]"
自主退職を促された,滋賀県国際協会の情報に基づくと、自主退職を促された場合でも、退職時の手続きは就業規則の定めや雇用契約の内容に従います。民法第627条により、期間の定めのない労働契約では退職の申し出から原則として2週間後に契約が終了します。退職時期については会社と充分話し合うのが望ましいです。解雇の場合は30日前予告が必要で、予告日数が不足する場合には不足日数分の平均賃金を支払います。,"[{""sid"": ""S1"", ""question"": ""退職するときは"", ""answer"": ""自己都合による退職\n退職については、通常就業規則に定めがありますので、あらかじめその内容や手続きについて確認しておきましょう。 　なお、民法（第627条）によれば、期間に定めのない労働契約の場合は，原則として退職の申し入れから２週間後に契約は終了するものとされています。\nただし、急に「辞めたい」と申し入れることは、会社にとっては事務引継ぎなどで困ることもありますので、退職の時期等については会社と充分話し合うことが望ましいでしょう。\n事業主からの解雇\n解雇に当たっては、雇用者は労働者に少なくとも30日前にその予告をする必要があり、30日前に予告しない場合には30日に不足する日数分の平均賃金（解雇予告手当）を支払う必要があります。（労働基準法20条、21条）。""}]"
運転免許証の持ち方変更について,滋賀県国際協会の情報としては、運転免許証の持ち方変更について直接の記述はS1～S5には含まれていません。運転免許に関する情報は、運転免許センター所在地や免許の取得・切替手続き、マイナンバーカードへの記録、二輪車のルール等が示されています。持ち方変更に関する詳しい手続きは、上記の情報源には記載がありません。,"[{""sid"": ""S1"", ""question"": ""運転免許証について"", ""answer"": ""滋賀県運転免許センター\n守山市木浜町2294番地　　℡　077-585-1255""}, {""sid"": ""S2"", ""question"": ""運転免許証の取得"", ""answer"": ""外国の免許がなく新しく日本の運転免許を取るには、日本人と同様の方法で試験を受けてください。 この場合の筆記試験は、日本語、英語、ポルトガル語、中国語から選択できます。\n日本の交通ルールについては、Rules of Road’( 「交通の教則本」JAF発行）が、英語，中国語、スペイン語、ポルトガル語で発行されています。""}, {""sid"": ""S3"", ""question"": ""外国の運転免許証から日本の運転免許証への切り替え"", ""answer"": ""- 外国の運転免許証から日本の運転免許証への切替手続について (https://www.pref.shiga.lg.jp/police/menkyo/kokugai/301012.html)\n- CONVERTING YOUR OVERSEAS DRIVER’S LICENSE TO A JAPANESE LICENSE (https://www.pref.shiga.lg.jp/police/menkyo/kokugai/301012.html#%E8%8B%B1%E8%AA%9E)\n- 외국 운전면허를 국내 운전면허로 교체 신청하시는 분께 (https://www.pref.shiga.lg.jp/police/menkyo/kokugai/301012.html#%E9%9F%93%E5%9B%BD%E8%AA%9E)\n- 外国驾照换领日本驾照须知 (https://www.pref.shiga.lg.jp/police/menkyo/kokugai/301012.html#%E4%B8%AD%E5%9B%BD%E8%AA%9E)\n- TROCA DA CARTEIRA DE HABILITAÇÃO ESTRANGEIRA PARA A CARTEIRA DE HABILITAÇÃO DO JAPÃO (https://www.pref.shiga.lg.jp/police/menkyo/kokugai/301012.html#%E3%83%9D%E3%83%AB%E3%83%88%E3%82%AC%E3%83%AB%E8%AA%9E)\n- CAMBIO DE SU LICENCIA DE CONDUCIR EXTRANJERA A LA LICENCIA JAPONESA (https://www.pref.shiga.lg.jp/police/menkyo/kokugai/301012.html#%E3%82%B9%E3%83%9A%E3%82%A4%E3%83%B3%E8%AA%9E)""}, {""sid"": ""S4"", ""question"": ""2025年3月24日よりマイナ免許証の運用開始"", ""answer"": ""運転免許の情報をマイナンバーカードに記録する手続きは運転免許センターと警察署でできます。詳しくは警察庁のHPで確認ください。\nhttps://www.npa.go.jp/bureau/traffic/r4kaisei_main.html (https://www.npa.go.jp/bureau/traffic/r4kaisei_main.html)""}, {""sid"": ""S5"", ""question"": ""二輪車のルールを知ってますか？"", ""answer"": ""自転車用ヘルメットの着用について\n道路交通法の一部を改正する法律の施行により、2023年4月1日から\n自転車利用者のヘルメット着用が努力義務になりました。\n。\n【自転車の運転者等の遵守事項】\n1. 自転車の運転者は、乗車用ヘルメットをかぶるよう努めなければなりません。\n2. 自転車の運転者は、子どもを乗せる場合、または他人に自転車を貸す場合は、その人に乗車用ヘルメットをかぶらせるよう努(つと)めなければなりません。\n3. 保護者の方は、児童や幼児が自転車を運転するときは、ヘルメットをかぶらせるよう努めなければなりません。\nバイク購入時の手続きについて\n販売店で原付バイクを購入すれば手続きはすべて行ってくれます。しかし、知人や友人、ネットオークションなどで中古バイクを譲り受けた場合は、自分で名義変更等の手続きをします。\n名義変更（登録）の手続きをする方法\nバイクの名義変更（登録）の方法は、バイクの排気量によって異なります。\n☆☆\t☆\t原付バイク（50～125cc）\n新しい所有者が住民登録をしている市役所で手続きできます。\n☆☆\t☆\t軽二輪バイク、中型・大型バイク（12６cc以上）\n新しい所有者の住所を管轄している運輸支局（陸運局）で手続きをします。\n滋賀運輸支局：守山市木浜町2298番地の5\n登録検査手続き案内：050-5540-2064\n! \t\t個人売買の基本ルールとしては買い手側が名義変更の手続きを行いますが、友人から買う場合は一緒に陸運局や役所に手続きに行く方法もあります。\n自賠責保険への加入\nバイク保険は「自賠責保険」と「任意保険」の二種類があります。\nバイクを購入すると自賠責保険への加入が必須です。\n自賠責保険は人身事故の補償を対象とした強制加入のもので、未加入運転の場合には罰則があります。また、加入は義務ではありませんが、被害者と加害者両方を補償できる任意保険に加入しておくと安心です。""}]"
解雇について,滋賀県国際協会の情報に基づくと、解雇には次のポイントがあります。事業主が解雇する場合、労働基準法上、少なくとも30日前に予告する義務があり、予告日がない場合には不足日数分の平均賃金を支払う必要があります（解雇予告手当）。また、退職時の自己都合と解雇では手続きや期間の取り扱いが異なるため、就業規則の定めと事業主との話し合いが望ましいとされています。詳しくは滋賀労働局などの窓口へ相談してください。,"[{""sid"": ""S1"", ""question"": ""退職するときは"", ""answer"": ""自己都合による退職\n退職については、通常就業規則に定めがありますので、あらかじめその内容や手続きについて確認しておきましょう。 　なお、民法（第627条）によれば、期間に定めのない労働契約の場合は，原則として退職の申し入れから２週間後に契約は終了するものとされています。\nただし、急に「辞めたい」と申し入れることは、会社にとっては事務引継ぎなどで困ることもありますので、退職の時期等については会社と充分話し合うことが望ましいでしょう。\n事業主からの解雇\n解雇に当たっては、雇用者は労働者に少なくとも30日前にその予告をする必要があり、30日前に予告しない場合には30日に不足する日数分の平均賃金（解雇予告手当）を支払う必要があります。（労働基準法20条、21条）。""}]"
永住申請の書類の確認,永住申請に関する書類の確認について、滋賀県国際協会が提供する情報には直接の手続き要件・提出書類リストは含まれていません。よって、当協会の情報を根拠として事実ベースで回答できる項目はありません。具体的な書類の確認方法や必要書類は、日本の入管や自治体の案内、または専門の行政窓口にご確認ください。,"[{""sid"": ""S1"", ""question"": ""自分の年金情報をチェック！"", ""answer"": ""毎年1回、誕生月に国民年金および厚生年金保険の加入者（被保険者）には、年金加入記録の確認のため、「ねんきん定期便」が届きます。届出住所が現住所と異なっている場合、「ねんきん定期便」が届きませんので、住所が変った場合は住所変更を届け出ましょう。\n年金記録の確認は\nねんきんネット (https://www.nenkin.go.jp/n_net/index.html)\n年金定期便・年金専用ダイヤル　℡　0570-058-555\n★\t保険料納付期間が１０年に満たない方も年金事務所で確認しましょう！ 年金記録に漏れがないか。（基礎年金番号が他にないか。別の氏名で登録されたものがないか。 合算対象期間がないか。（特に永住者、日本国籍の方は海外の滞在期間が合算されます。）\n★\t資格期間を満たすために次のような方法があります。 ６０歳から６５歳まで国民年金に任意加入する。（1965年4月1日以前生まれの方は最長７０歳まで任意加入できます） 国民年金後納制度を使い未納期間を解消する。（2018年9月30日まで５年後納制度が適用されます）""}]"
家庭裁判所のお知らせ,"家庭裁判所のお知らせとしては、離婚に関する話し合いは家庭裁判所の調停で進めることができます。連絡先は以下の通りです。
- 大津家庭裁判所: 077-503-8151
- 大津家庭裁判所 彦根支部: 0749-22-0167
- 大津家庭裁判所 長浜支部: 0749-62-0240
- 京都外国人の夫婦と親子に関する紛争解決センター: 075-692-3555
これらを通じて調停の申立てや相談を行うことができます。","[{""sid"": ""S1"", ""question"": ""離婚についての話し合いがうまくいきません。"", ""answer"": ""家庭裁判所の調停で話し合うことができます。（日本語）\n- 大津家庭裁判所 　℡　077-503-8151\n- 大津家庭裁判所 彦根支部 　℡　0749-22-0167\n- 大津家庭裁判所 長浜支部 　℡　0749-62-0240\n- 京都外国人の夫婦と親子に関する紛争解決センター 　℡　075-692-3555""}]"
貸付金についてのお知らせ,滋賀県内の教育資金貸付制度として、生活福祉資金教育貸付（教育支援金）などがあり、対象は低所得世帯で無利子。ひとり親家庭・寡婦福祉資金の就学関連貸付・修学資金・就学支度金、無利子。教育一般貸付は国の教育ローンで有利子。銀行の教育ローンは有利子。詳しくは滋賀県社会福祉協議会（TEL：077-567-3903）や滋賀県健康医療福祉部子ども・青少年局（TEL：077-528-3554）へ。,"[{""sid"": ""S2"", ""question"": ""教育資金貸付制度、教育ローン"", ""answer"": ""＊在留資格について、制約がある場合があります。\n金利、返済期間等について、確認してから借りましょう。\n生活福祉資金教育貸付 (教育支援金)\n[対象者] 低所得者世帯\n[連絡先・備考] 滋賀県社会福祉協議会 　 TEL：077-567-3903\n＊無利子\nひとり親家庭・寡婦福祉資金の修学資金、就学支度金の貸付\n[対象者] 母子父子家庭\n[連絡先・備考]\n滋賀県健康医療福祉部子ども・青少年局 TEL：077-528-3554\n大津市在住者は大津こども家庭課　 TEL：077-528-2686\n＊無利子\n教育一般貸付 国の教育ローン\n[連絡先・備考]\n日本政策金融公庫 (https://www.jfc.go.jp/n/finance/search/ippan.html)\n教育コールセンター TEL：0570-008656\n＊有利子\n銀行の教育ローン\n[連絡先・備考] 各銀行（銀行により金利が異なります）\n＊有利子""}]"
日系4世に関するお問い合わせ,滋賀県国際協会の情報には、日系4世に特化した記載はありません。日系4世に関する具体的な在留資格や制度については、出入国在留管理庁および市区町村窓口の案内をご確認ください。必要に応じて、外国人在留インフォメーションセンターへ問い合わせることが推奨されています。,"[{""sid"": ""S1"", ""question"": ""在留について"", ""answer"": ""日本に住む外国人には、それぞれの滞在目的に従って在留資格と在留期間が与えられます。おのおのの「在留資格」には活動できる内容が厳格に規定されています。\n関連ページ\n出入国在留管理庁 (http://www.moj.go.jp/isa/index.html)\n在留関係の手続きについては\n在留関係手続き (https://www.moj.go.jp/isa/applications/index.html)\n入国後の在留関係の手続き\n滋賀県在住の方は、\n大阪入国管理局大津出張所\nで行います。\n大阪入国管理局大津出張所 (http://www.moj.go.jp/isa/about/region/osaka/index.html)\n大津市京町3-1-1 大津びわ湖合同庁舎6階　　℡：077-511-4231\n一般的な内容についての相談\n外国人在留インフォメーションセンター・ワンストップ型相談センター（入国管理局）に外国語で問い合わせることもできます。\n外国人在留インフォメーションセンター (http://www.moj.go.jp/isa/consultation/center/japanese.html)\n℡ 0570-013904（ＩＰ, ＰＨＳ, 海外: 03-5796-7112）\n新しい在留資格への移行により、平成24年7月9日より前の住所は住民票には記載されません。 ※これまで市区町村で保管されていた「外国人登録原票」は、平成24年7月9日から法務省で保管されています。\n外国人登録原票に係る開示請求について（法務省HPへリンク） (http://www.moj.go.jp/isa/applications/disclosure/foreigner.html)""}]"
書類の確認,"滋賀県国際協会の情報を根拠に事実ベースで回答します。
- 書類の確認に関して、年末調整や各種申告書（扶養控除等申告書など）は国税庁の外国語版が公開されています（英語、中国語、ポルトガル語、スペイン語、ベトナム語、フィリピノ語）ので、該当する申告書を確認してください。
- 確定申告の期間は2025年2月17日（月）～3月17日（月）で、控除額の訂正や複数の所得がある場合は税務署での申告が勧められています。
- 郵便局の案内は関連ページの多言語版を参照してください。
- 自分の年金情報の確認は、ねんきんネット等を利用し、住所変更があれば年金定期便が届かないことに留意してください。
- 健康診断については、年に1回の受診が推奨され、協会けんぽ・国民健康保険等の案内に従って受診してください。
以上、申告書の確認や関連手続きは国税庁の提供情報を参照してください。","[{""sid"": ""S1"", ""question"": ""年末調整の各種申告書（扶養控除等申告書など）について"", ""answer"": ""国税庁のウェブサイト内で、《外国語版》各種申告書（扶養控除等申告書など）が公開されています。\n【６言語版】\n英語、中国語、ポルトガル語、スペイン語、ベトナム語、フィリピノ語\nご活用ください。""}, {""sid"": ""S2"", ""question"": ""確定申告　2025年2月17日（月）～3月17日（月）"", ""answer"": ""多額の医療費を支払った、住宅ローンがあるなど控除額に訂正がある場合や事業所得者、複数の場所で所得がある方は税務署で確定申告をしましょう。""}, {""sid"": ""S3"", ""question"": ""郵便局について"", ""answer"": ""以下の関連ページに各言語で案内があります。""}, {""sid"": ""S4"", ""question"": ""自分の年金情報をチェック！"", ""answer"": ""毎年1回、誕生月に国民年金および厚生年金保険の加入者（被保険者）には、年金加入記録の確認のため、「ねんきん定期便」が届きます。届出住所が現住所と異なっている場合、「ねんきん定期便」が届きませんので、住所が変った場合は住所変更を届け出ましょう。\n年金記録の確認は\nねんきんネット (https://www.nenkin.go.jp/n_net/index.html)\n年金定期便・年金専用ダイヤル　℡　0570-058-555\n★\t保険料納付期間が１０年に満たない方も年金事務所で確認しましょう！ 年金記録に漏れがないか。（基礎年金番号が他にないか。別の氏名で登録されたものがないか。 合算対象期間がないか。（特に永住者、日本国籍の方は海外の滞在期間が合算されます。）\n★\t資格期間を満たすために次のような方法があります。 ６０歳から６５歳まで国民年金に任意加入する。（1965年4月1日以前生まれの方は最長７０歳まで任意加入できます） 国民年金後納制度を使い未納期間を解消する。（2018年9月30日まで５年後納制度が適用されます）""}, {""sid"": ""S5"", ""question"": ""【健康保険シリーズ ８】年に１回は健診を受けましょう！"", ""answer"": ""健康診断を受けていますか？健診はからだの異常を早期に発見できる絶好の機会です。まったく自覚症状のない検査数値の異常も、放置しておくと命にかかわる病気に進行してしまう可能性があります。そのため、毎年の健診結果を確認、比較し、からだの変化を読み取ることが大切です。年に１回は必ず健診を受けましょう。\n日本では、４０歳から７４歳までの健康保険の加入者を対象とした「特定健診」を実施しています。加入する健康保険から年に１回健診費用の補助が受けられます。\n★お勤めの方\n年に１回、健康診断を従業員に受けさせることが事業主に義務付けられています。\n会社で健康診断の案内があったら必ず受診しましょう。法で定められた検査項目については、事業主が費用を負担します。\n★協会けんぽの健康保険に加入の扶養家族の方\n４０歳以上のご家族の方には、毎年４月に特定健診の案内が自宅に届きます。\n中には、受診券やパンフレットなどが入っています。事前に受けたい病院や会場を予約して、特定健診を受けましょう。受診券があれば、費用の総額から７,１５０円引きになります。 自己負担なしの無料で受けられる会場もありますので、案内が届いたら、必ず受診しましょう。\n★国民健康保険に加入中の方\n国民健康保険でも特定健診の受診を推進しており、自宅に案内を配付していますので、案内が届いたら必ず受診しましょう。案内の時期や内容については、住んでいる市町村役場に聞いてみましょう。\n協会けんぽに加入の皆様へ ～ お知らせ ～\n２０２３年１月から、協会けんぽの申請書・届出書の様式が変更になりました。\n新しい様式は、協会けんぽのホームページからダウンロードできます。\n古い様式の申請書・届出書をお持ちの方は、使用せず廃棄してください。""}]"
DVに関する相談について,滋賀県国際協会の情報を根拠とした回答です。DVに関する相談先として、デートDVを含む配偶者間・パートナー間の暴力に関する相談は、デートDV110番などの相談窓口や各種支援機関を利用するのが推奨されています。滋賀県内の具体的な窓口としては、滋賀県の公的機関が案内する窓口を確認してください。関連情報として、デートDVに関する支援情報や相談先は、デートDV110番（https://ddv110.org/）が代表的な窓口として挙げられています。,"[{""sid"": ""S1"", ""question"": ""「デートDV」のこと知っていますか？"", ""answer"": ""恋人同士の間に起こる暴力のことを「デートDV」と言います。暴力には身体的、精神的、性的や経済的暴力があります。相手を思いどおりにしたり、相手をバカにしたり無視をするといった行為もDVです。親しい間柄でも自分と相手の気持ちを大切にしましょう。\n- 内閣府　「人と人とのよりよい関係をつくるために」\n- 文部科学省　「生命の安全教育」\nパートナーとの悩みの相談\n- デートDV110番 https://ddv110.org/ (https://ddv110.org/)\n- にんしんSOS滋賀　（滋賀県子育て支援課）""}]"
郵便受けにあった物について,郵便受けにあった物については、滋賀県国際協会の情報として特定の案内は示されていません。関連する一般的な助言としては、身に覚えのない郵便物や不審な封筒を受け取った場合は開封せず、最寄りの警察署や配送元へ連絡して指示を仰ぐことが推奨されます。滋賀県国際協会の案内ページには、郵便局に関する言語案内と金融トラブルの注意喚起が含まれていますが、郵便物の扱いに関する具体的な指示は記載されていません。,"[{""sid"": ""S1"", ""question"": ""郵便局について"", ""answer"": ""以下の関連ページに各言語で案内があります。""}, {""sid"": ""S5"", ""question"": ""犯罪や交通事故にあったとき （事件・事故）"", ""answer"": ""交番\n日本では街角などに「交番」があり、警察官が駐在しています。地域のパトロールや犯罪の防止、家出人や落し物などの届け出を受け付けたり、道案内などを行っていますので、困ったことがあったら気軽に立ち寄ってみましょう。\n盗難や暴行にあったとき\n留守中に泥棒に入られたり、暴力の被害にあったときは、近くの交番や警察署に届けてください。\n緊急に助けを求めたい時は、110番に電話をしましょう。預金通帳，クレジットカードを盗まれた時は、銀行やカードの発行会社に届け出て、支払停止の手続きを要請することが必要です。\n交通事故にあったとき\n交通事故にあったら、どんな小さな事故でも警察に届けましょう。ケガ人がいる時は救急車を呼んでください。""}]"
引っ越しによる問題発生について,引っ越し後の問題発生時には、まず転出・転居・転入届などの届出が適切に済んでいるかを確認しましょう。転居後14日以内に新住所の役場で届出を行い、在留カード・マイナンバーカードの住所変更、子どもの転入手続き、運転免許の住所変更、郵便物の転送届を済ませることが基本です。近所との付き合いと自治会の活動は地域のルールや防災情報の把握に役立ちます。自治会費の支払い等、地域の運営上の注意点は地域ごとに異なるため、必ず確認してください。万一のトラブル時には行政窓口や自治会、必要に応じて在留関連の窓口へ相談してください。,"[{""sid"": ""S1"", ""question"": ""引っ越し先が決まったら、何をしたらいいのでしょう？"", ""answer"": ""届け出\nお住まいの市町役場に転出届を出します。引っ越し後14日以内に、新住所の役場に転居、転入届を出し、在留カードとマイナンバーカードの住所変更も行います。\nまた、子どもさんがおられる方は、新しい保育園、幼稚園、学校への転入手続きも行います。職場、銀行への連絡や、運転免許証の住所変更も必要です。郵便局へ郵便物の転送届を出しておくと、引っ越し前の住所地に届いた郵便物を新住所に転送してもらえます。\n近所との付き合い\n日本では、引っ越した人が近所の人に挨拶をする習慣があります。近所の人と知り合って、ゴミの収集日や収集場所、災害時の避難場所など地域のルールを教えてもらいましょう。\n自治会\n地域ごとに住民が運営する自治会があります。自治会では、住民同士が地域での暮らしを良くするため、防犯、防災、美化活動を行ったり、地域の子どもたちがスポーツや祭りなどを楽しむ「子ども会」があるなど様々な活動をしています。それらの事業の運営のため、会員は自治会費を支払い、役割分担もあります。また、細かな地域の情報が掲載された「回覧板」が回ってきます。自治会は任意加入ですが、ゴミ収集場所の管理を自治会がしている場合など、加入が必要になることもあります。災害時などには近所同士の助け合いが必要になるので、近所とのお付き合いは大切にしましょう。\n※地域によって自治会の有無や活動内容、自治会費は異なりますので、必ず確認してください。""}]"
受診の際の通訳について,滋賀県国際協会の情報のみを根拠として、通訳対応については以下の情報が提供されています。受診時の直接的な通訳サービスの案内は、出典S5の保健所の匿名・無料検査・相談の記載およびS4のOTIT外国人技能実習機構の母国語相談の案内には明確な“通訳サービス”の記載はありません。したがって、公式には“通訳必要時は本人の事情に応じて電話相談窓口や対応窓口に相談”という具体的な指示は示されていません。必要であれば、県内保健所やしが外国人相談センターへ日本語以外の言語による対応可否を確認してください。通訳に関する具体的な手配方法は公式情報として提供されていませんので、最新情報は各窓口へ直接ご確認ください。,"[{""sid"": ""S4"", ""question"": ""技能実習について"", ""answer"": ""OTIT外国人技能実習機構　母国語相談\nTel 0120-250-147（英語 English）\nTel 0120-250-169 （中国語 中文）\nTel 0120-250-197（タガログ語 Tagalog）\nTel 0120-250-197（タガログ語 Tagalog）\nTel 0120-250-168（ベトナム語 Tiếng Việt）\nTel 0120-250-192（インドネシア語 Indonesia）　 　等々""}, {""sid"": ""S5"", ""question"": ""エイズ検査と相談"", ""answer"": ""エイズやHIV感染について不安に思うとき、抗体検査を保健所で受けましょう。相談、検査とも匿名、無料（原則）で受けられます。\n\nまた、滋賀県健康医療福祉部薬務感染症対策課内には専用電話を設置し、カウンセラーによる電話相談と面接を受け付けています。\nエイズ専用電話\n- 077-524-0051\n- 受付時間: 毎週月、水曜日　午前9時～12時""}]"
提出書類について,滋賀県国際協会の情報のみを根拠に事実ベースで回答します。提出書類については、国税庁の外国語版申告書の案内に関する情報は提供されていますが、提出書類の具体的な内容や枚数などの詳細は本項目のS1には含まれていません。国税庁の外国語版申告書の案内ついては、英語、中国語、ポルトガル語、スペイン語、ベトナム語、フィリピノ語の6言語版が公開されていることが確認できます。具体的な提出書類の記載事項や様式の英語版などの参照は国税庁の公式サイトをご確認ください。,"[{""sid"": ""S1"", ""question"": ""年末調整の各種申告書（扶養控除等申告書など）について"", ""answer"": ""国税庁のウェブサイト内で、《外国語版》各種申告書（扶養控除等申告書など）が公開されています。\n【６言語版】\n英語、中国語、ポルトガル語、スペイン語、ベトナム語、フィリピノ語\nご活用ください。""}]"
離婚調停の通訳について,離婚調停の際の通訳については、滋賀県内の公的機関を通じて調整が可能です。まずは大津家庭裁判所または彦根支部へ連絡し、必要な通訳サービスの手配を相談してください。公的な調停には言語サポートが提供される場合があり、依頼方法や費用について具体的な案内を受けられます。電話番号は下記参照：大津家庭裁判所 077-503-8151、彦根支部 0749-22-0167。適切な通訳手配が難しい場合は、京都外国人の夫婦と親子に関する紛争解決センターへ相談してください。電話番号は075-692-3555です。,"[{""sid"": ""S1"", ""question"": ""離婚についての話し合いがうまくいきません。"", ""answer"": ""家庭裁判所の調停で話し合うことができます。（日本語）\n- 大津家庭裁判所 　℡　077-503-8151\n- 大津家庭裁判所 彦根支部 　℡　0749-22-0167\n- 大津家庭裁判所 長浜支部 　℡　0749-62-0240\n- 京都外国人の夫婦と親子に関する紛争解決センター 　℡　075-692-3555""}]"
病院の予約変更,病院の予約変更について、滋賀県国際協会の情報からは直接の案内は見当たりません。S1〜S5の情報には、紹介状の要否や時間外受診の追加料金、かかりつけ医の重要性などが記載されていますが、予約変更の具体的手順や規定は記載されていません。よって、予約変更の一般的な注意点としては、受診先の診療所・病院へ直接連絡し、希望日時の変更を依頼すること、混雑時には待機や再予約が必要になる場合があることが挙げられます。詳しい手順は、お住まいの地域の医療機関に確認してください。,"[{""sid"": ""S3"", ""question"": ""【健康保険シリーズ２】日本での病院のかかり方について"", ""answer"": ""保険証を持っていこう\n保険証とは、病院で受診するときに提示するカードです。会社や市役所から発行されます。日本では病院で保険証を提示すると、国の基準で定めた医療費の３割で受診できるのでとても安くなります。でも保険証を忘れてしまうと全額自己負担になるだけでなく、国の基準ではなく病院が自由に医療費を決めるため、より高額になることがあります。出かけるときは忘れずに保険証を携帯しましょう。将来はマイナンバーカードが保険証として使えるようになりますから、早めにマイナンバーカードを作ったほうが良さそうですね。\n保険証が使えないときもある\n保険証は日本のほとんどの病院や調剤薬局で使うことができます。しかし使えない受診もあります。民間療法など国の基準に該当しない治療のほか、美容整形や歯列矯正など日常生活に支障がない治療には使えません。予防接種や健康診断、人工妊娠中絶も対象外になります。仕事中や通勤中の怪我の場合、会社で働いている方は健康保険とは別に労働災害保険にも入っていますので、労働災害保険が補償してくれます。会社に相談してください。そしてこの場合、保険証は使えませんので注意してください。\n【病院のかかり方で上手に節約】\n休日や夜間に急病になったとき、診療してくれる医療機関は心強い存在です。しかし病院のかかり方によっては、割増料金がかかり医療費が高額になることがあります。\n◇時間外に受診すると追加料金がかかる\n診療時間外（夜間、早朝、休日（日曜・祝日）、深夜）に受診すると、通常料金とは別に追加料金を支払うことになります。また薬局で薬を調剤してもらう場合も同様です。ホームぺージ等で診療時間を確認してから行きましょう。\n◇いきなり大病院に行くと特別料金がかかる\n大きな病院に紹介状なしで受診をすると特別料金が5,000円以上かかります。\nまずはお近くのかかりつけ医を受診し、必要な場合は紹介状を書いてもらい大病院を受診しましょう。\n◇複数の病院を受診すると医療費が高くなる\n「症状がよくならないから」「場所が遠いから」などの理由で病院を変えたことはありませんか？\nしかし、途中で病院を変えると毎回「初診料」がかかり、検査や投薬も重複するため、医療費が高くなります。「かかりつけ医」を決めて、同じ病院で受診しましょう。""}]"
母国語での相談について,滋賀県国際協会の情報に基づくと、母国語での相談はOTIT外国人技能実習機構の母国語相談が案内されています。英語・中国語・タガログ語・ベトナム語・インドネシア語など複数の言語で対応窓口があり、電話番号は以下の通りです。- 英語 0120-250-147、- 中国語 0120-250-169、- タガログ語 0120-250-197、- ベトナム語 0120-250-168、- インドネシア語 0120-250-192 等々。必要に応じて該当言語の窓口へ連絡してください。,"[{""sid"": ""S1"", ""question"": ""技能実習について"", ""answer"": ""OTIT外国人技能実習機構　母国語相談\nTel 0120-250-147（英語 English）\nTel 0120-250-169 （中国語 中文）\nTel 0120-250-197（タガログ語 Tagalog）\nTel 0120-250-197（タガログ語 Tagalog）\nTel 0120-250-168（ベトナム語 Tiếng Việt）\nTel 0120-250-192（インドネシア語 Indonesia）　 　等々""}]"
生活保護にかかる相談について,生活保護にかかる相談については、居住する市町の福祉課または社会福祉事務所で相談してください。,"[{""sid"": ""S1"", ""question"": ""生活に困ったら"", ""answer"": ""市役所の福祉の窓口または、社会福祉協議会に相談しましょう。\n社会的包摂サポートセンター　よりそいホットライン\nTel: 0120-279-338""}]"
法テラスについて,法テラスについて、滋賀県の情報として以下を提供します。法テラスは法的紛争や法律相談の窓口で、日本語と多言語の案内があります。滋賀での連絡先は、法テラス滋賀の電話番号は050-3383-5454です。所在地は大津市浜大津1-2-22 大津商中日生ビル5Fで、一般的な法的支援や情報提供を行います。必要に応じて、法テラス本案内の電話番号も案内されています（日本語0570-078374、英語など多言語0570-078377、多言語ダイヤル03-5366-6008）。滋賀弁護士会も地域の法的支援窓口として案内されています。,"[{""sid"": ""S1"", ""question"": ""法律についての相談は"", ""answer"": ""法テラス\n℡　0570-078374（日本語）\n℡　0570-078377（英語、中国語、韓国語、スペイン語、ポルトガル語、ベトナム語、タガログ語)\n℡　03-5366-6008（多言語ダイヤル）\n法テラス滋賀\n大津市浜大津1-2-22　大津商中日生ビル５Ｆ\n℡　050-3383-5454\n滋賀弁護士会\n大津市梅林１-３-３""}]"
労災の可能性について,滋賀県国際協会の情報には、外国人を含む労働者が労災保険の対象となり、医療費や休業補償、障害補償などを受けられる旨が記載されています。労災保険に関する詳しい手続きや相談先は、労働基準監督署に問い合わせることが推奨されています。,"[{""sid"": ""S1"", ""question"": ""労働災害"", ""answer"": ""外国人労働者（入国管理法における「不法就労者」を含む）も仕事場でケガをしたり、仕事が理由で病気になったり、死亡したり、あるいは職場への行きかえりに事故にあったりした場合には、医療費、仕事ができない分の補償、傷害が残ったときの補償等を労災保険から受けられます。この保険には、パートタイマー、アルバイトを問わず労働者を1人でも雇っている事業主は加入しなければならず、保険料については事業主が全額負担しなければなりません。 詳しいことは労働基準監督署に相談しましょう。""}]"
会社とのやりとりについて,滋賀労働局の情報に基づき、会社とのやりとりの要点は以下です。1) 同一企業内での正社員と非正規雇用労働者の待遇差について不合理性が禁止され、待遇差の内容・理由の説明を非正規雇用労働者が求めた場合、事業主は説明義務を果たす必要があります。2) 労働トラブルがあれば滋賀労働局の雇用環境・均等室へ連絡するなど、行政ADRを活用する選択肢があります。3) 有期労働契約の新ルールとして、無期転換の申込み・雇い止めの法理の整備・不合理な労働条件の禁止などが定められ、適用は対象となる労働契約者に及びます。4) 試用期間中の社会保険加入は原則として必要であり、雇用主は開始時から社会保険加入手続きを進める義務があります。これらを前提に、会社とのやりとりでは待遇差の説明要求、必要な社会保険手続きの確認、トラブル時の相談窓口利用を検討してください。お問い合わせ先は滋賀労働局 雇用環境・均等室（077-522-6648）です。,"[{""sid"": ""S1"", ""question"": ""正社員と非正規社員との間の不合理な待遇差が禁止されました！（2020年４月１日施行。中小企業における適用は、2021年４月１日。）"", ""answer"": ""同一企業内における正社員（無期雇用フルタイム労働者）とパートタイム労働者・有期 雇用労働者との間の不合理な待遇の差をなくし、どのような雇用形態を選択しても待遇 に納得して働き続けることができるよう、パートタイム・有期雇用労働法や施行規則、 同一労働同一賃金ガイドライン、パートタイム・有期雇用労働指針が施行されます。\n１ 不合理な待遇差の禁止\n同一企業内において、正社員と非正規雇用労働者との間で、基本給や賞与などの あらゆる待遇について、不合理な待遇差を設けることが禁止されます。 ガイドライン（指針）において、どのような待遇差が不合理に当たるかを例示します。\n２ 労働者に対する待遇に関する説明義務の強化\n非正規雇用労働者は、「正社員との待遇差の内容や理由」などについて、事業主に 説明を求めることができるようになります。 事業主は、非正規雇用労働者から求めがあった場合は、説明をしなければなりません。\n３　行政による事業主への助言・指導等や裁判外紛争解決手続き（行政ADR）の整備\n都道府県労働局において、無料非公開の紛争解決手続きを行います。　「均等待遇」や「待遇差の内容・理由に関する説明」についても、行政ADRの対象となります。\nお問い合わせ　滋賀労働局　077-522-6648""}, {""sid"": ""S2"", ""question"": ""労働トラブルの相談"", ""answer"": ""労働関係のトラブルがあった場合は、下記の労働基準監督署に相談しましょう。（労働契約、就労規則、給料明細などがあれば持参してください）""}, {""sid"": ""S3"", ""question"": ""有期労働契約の新しいルールについて"", ""answer"": ""有期労働契約について規定する新しいルールが、今年４月から始まります。働き方を選択する上で参考にしましょう。パート、アルバイト、派遣社員、契約社員、嘱託など、有期労働契約で働く人であれば、新しいルールの対象となります。\n※派遣社員は、派遣元（派遣会社）と締結される労働契約が対象です。\nⅠ　無期労働契約への転換\n同一の使用者との間で、有期労働契約が反復更新されて通算5年を超えたときは、労働者の申し込みにより、期間の定めのない労働契約（無期労働契約）に転換できます。\n- 通算契約期間のカウントは、平成25年（2013年）4月1日以降に開始する有期労働契約が対象です。ただし、労働契約が締結されていない期間が連続して6ヶ月以上（契約期間が１年未満の場合は、その2分の1以上）ある場合は、それ以前の契約期間は通算契約期間に含めません。\n- 通算5年を超えて締結された契約の期間内にいつでも申込みができ、申込んだ時点で無期労働契約が成立し、無期に転換されるのは、申込み時の有期労働契約が終了する翌日からです。\n- 労働契約の労働条件は、別段の定め（就業規則)、個々の労働契約）がない限り、直前の有期労働契約と同一になります。\nⅡ　雇い止めの法理」の法定化\n一定の場合には、使用者による雇い止めが認められないことになるルールが法律に規定されました。有期労働契約は、使用者が更新を拒否したとき、契約期間の満了により雇用が終了します。しかし次の①と②については無効であることが、今回、労働契約法に条文化(されました。\n※このルールが適用されるためには、労働者からの有期労働契約の更新の申込みをすること、又は、雇い止めについて「嫌だ」など意思表示をすることが必要です。\nⅢ　不合理な労働条件の禁止\n有期契約労働者と無期契約労働者との間で、期間の定めがあることによる不合理な労働条件の相違を設けることを禁止されました。\n※ 相談窓口：滋賀労働局　雇用環境・均等室　℡：077-522-6648""}, {""sid"": ""S4"", ""question"": ""入社後、試用期間中の社会保険加入について"", ""answer"": ""「試用期間中は社会保険に加入できない」と言われたことはありませんか。\n日本で就職したときは社会保険に加入して、会社から保険証をもらいます。\n試用期間中は社会保険に入れないと誤解されることがありますが、それは違います。\n社会保険の加入にならないのは、短期アルバイトなど契約期間が2カ月以内の労働者です。 試用期間中は、その後の正式採用を前提とした雇用とみなされますから、雇用主は社会保険に試用期間開始当初から加入させなければなりません。\n試用期間中は市役所の国民健康保険にも入れませんので、無保険にならないよう会社側に社会保険の加入手続きを依頼しましょう。\n年金事務所では社会保険の加入ルールの窓口相談も行っていますので、ご活用ください。""}]"
子供に会いたい,お住まいの地域の児童館・地域子育て支援拠点・居場所を活用して会う機会を作るのが良いです。滋賀県内には児童館や居場所、子ども食堂など、子どもと一緒に過ごせる場が多数あります。必要に応じて、学校の先生やスクールカウンセラー、地域の子育て支援センターに相談すると、適切な場所を案内してもらえます。心配事があれば、こころんダイヤル(077-524-2030)など相談窓口もご利用ください。,"[{""sid"": ""S4"", ""question"": ""子育て応援シリーズ②　ヤングケアラーって？　家族を丸ごと支援"", ""answer"": ""みなさん、こんにちは。滋賀県子ども青少年局です。本県では、「子ども・子ども・子ども」をキーワードに、「子どものために、子どもとともにつくる県政」を目指しています。 みなさんは、ヤングケアラーを知っていますか？ヤングケアラーとは、本来大人が担う家事や家族の世話を日常的に背負う子どもたちのことです。例えば、このようなケースがあります。\nケース１：家事や幼いきょうだいの世話をしている\nケース２：高齢の家族がいて、見守りや介護をしている\nケース３：障害や病気のある家族がいて、介助や看病をしている\nケース４：家計を支えるため、放課後は働いている\nケース５：通訳等により、家族の意思疎通を支えている\n子どもにとって、「お手伝い」は成長につながる素晴らしい経験になります。しかし、その成長に見合わない重い責任や負担が続くことで、心や体の健康に影響が出てしまったり、子どもらしい時間を過ごすことができず、将来への夢や進路をあきらめてしまう子どもたちがいます。本人は「家族のサポートは当たり前」と考え、大好きな家族のため、苦しくても自身のSOSに気づかず相談できない、ということがあります。 本県では、このような子ども達と様々な問題を抱えるご家庭に「家族丸ごと支援」をキーワードに、ヤングケアラー支援を行っております。NPO法人を通して、相談窓口や似た境遇の仲間が集う場を提供している他、ヤングケアラー・コーディネーターを設置して支援にも取り組んでいます。\n外国籍の子どもたちの中には、言葉の壁のために本当の気持ちをいっぱい表現できず我慢したり、家族の通訳のために自分の時間が持てなかったりする子どもさんもいらっしゃいます。子どもらしく地域や家庭の中で「遊ぶ」「学ぶ」時間が保障される社会の実現のために、皆で支援していきましょう。子どもは社会の宝です。悩んでいるお子さん、ご家庭は、是非相談してください。　　　　（ヤングケアラー・コーディネーターより）\nこころんダイヤル\n子ども・青少年、保護者の悩みをお聞きします。\nTEL　077-524-2030\n午前9:00～午後9:00（12/29～1/3を除く）\n午後9:00以降は、24時間子どもSOSダイヤルにつながります。\n各市町相談窓口のご案内\n受けられる支援・サービスについてお問い合わせください。\nhttps://www.pref.shiga.lg.jp/file/attachment/5355506.pdf (https://www.pref.shiga.lg.jp/file/attachment/5355506.pdf)\n子どもたちがもっと笑顔に！　～いつもと違う場所で～\n滋賀県内には、子ども達を支えてくれる団体が沢山あります。\n「ヤングケアラー支援団体」（★）は、子どもたちが家庭などのことでしんどい時、ほっとしたい時、相談したい時に支えてくれる団体です。「子ども食堂」は、子どもたちが、無料、または低額で食事を楽しめる場です。（地域の大人も参加できる団体もあります。） 「居場所」は、子どもたちが好きに過ごせるスペースです。ちょっと遊びに行ってみよう！\nNPO法人 こどもソーシャルワークセンター\n- 内容: ★ヤングケアラー支援居場所・お弁当（配食）キャンプ\n- 開催場所: 大津市観音寺　9-8\n- 期間: 毎日\n- 問い合わせ先: 077-575-4378 https://liff.line.me/1645278921-kWRPP32q/?accountId=294hlbww (https://liff.line.me/1645278921-kWRPP32q/?accountId=294hlbww)\nNPO法人　芹川の河童\n- 内容: ★ヤングケアラー支援居場所・オンライン相談室\n- 開催場所: 彦根市河原2-3-4\n- 期間: 毎日\n- 問い合わせ先: 0749-20-9084 https://cswc2016.jp/ (https://cswc2016.jp/)\n多文化共生支援センター　SHIPS\n- 内容: 多文化子ども食堂\n- 開催場所: 草津市 草津1-13-12\n- 期間: 第４土曜\n- 問い合わせ先: 077-561-5110\nかんちゃんの小さな家\n- 内容: 多文化共生地域交流会・子ども食堂\n- 開催場所: 近江八幡市安土町浄楽寺956-2\n- 期間: 2か月に1回\n- 問い合わせ先: 090-3708-3315 https://kancyan-house.com/contact/ (https://kancyan-house.com/contact/)\nNPO法人　やんちゃ寺\n- 内容: 10代の居場所・子ども食堂\n- 開催場所: 草津市内\n- 期間: 第１、３、５土曜\n- 問い合わせ先: https://yanchadera.wixsite.com/yanchadera (https://yanchadera.wixsite.com/yanchadera)\nぱらでいろ\n- 内容: 居場所・子ども食堂\n- 開催場所: 愛荘町愛知川13-2\n- 期間: 第３金曜 夕食時\n- 問い合わせ先: 090-4030-1492 https://twitter.com/paradeiro12123 (https://twitter.com/paradeiro12123)\n大津　オルタナティブスクールトライアンフ\n- 内容: フリースクール・居場所 、水彩画教室\n- 開催場所: 大津市浜大津4-3-25\n- 期間: 火・水・金曜日\n- 問い合わせ先: 050-5374-0311 https://www.otsu-triumph.com/ (https://www.otsu-triumph.com/)\nちゃいるどビレッジ\n- 内容: こどもとおとなのサードプレイス（居場所）\n- 開催場所: 大津市比叡平2-39-4\n- 期間: 第４土曜 10～16時\n- 問い合わせ先: email：chimihirano@gmail.com\n・確認のため、連絡をしてからお出かけください。\n♪ もっといろんな子どもの居場所や食堂、遊び場があるよ ♪\n- 遊べる・学べる淡海子ども食堂（滋賀県内の子ども食堂）\n- 『しがこども体験学校』 「ふれあい」、「くらし・創作」、「自然」、「里山・田んぼ」、「文化芸術・歴史」の5つのテーマでさまざまな体験プログラムがあります。""}]"
未配送に関する訴訟について,滋賀県国際協会の情報だけを根拠として未配送訴訟に関する直接の情報は見当たりません。未配送に関する訴訟対応の一般的な法的助言としては、専門の弁護士に相談することが推奨されます。もし当団体の提供する法的扶助や当番弁護士制度の活用を検討する場合は、滋賀弁護士会の当番弁護士専用電話（077-522-2013）へご相談ください。法テラスの多言語窓口や民事法律扶助制度の利用も案内可能です。詳しくは法テラス（0570-078-377、multilingual）をご確認ください。,"[{""sid"": ""S1"", ""question"": ""刑事事件を起こしてしまったら （事件・事故）"", ""answer"": ""被疑者の権利\n被疑者の権利として３つの権利が保障されています。\n1. 事実を知る権利\n2. 黙秘権\n3. 弁護人依頼権\n当番弁護士制度\n警察に逮捕、拘留された被疑者や家族の求めに応じて弁護士会が速やかに弁護士を被疑者のところに派遣する「当番弁護士」の制度があります。要請する場合ははっきりと申し出てください。\n滋賀弁護士会　当番弁護士専用電話　　TEL　077-522-2013\n民事法律扶助制度\n経済的に困っている人には、日本司法支援センター　(法テラス)　がありますので、当番弁護士が接見に来た際に相談してください 。\n法テラス [多言語ダイヤル]　TEL 0570-078-377\n法テラス [多言語] (http://www.houterasu.or.jp/multilingual/)\n国選弁護人\n起訴後、被告人は裁判のための弁護人を依頼することができます。経済的に無理な場合は、依頼すれば政府の国選弁護人をつけてくれます。""}]"
美容院での通訳,滋賀県国際協会の情報には美容院での通訳に特化した案内はありません。必要であれば、法テラスの多言語ダイヤルなど法律関連の窓口を介して通訳相談を受けることが案内されています（多言語ダイヤルあり）。美容院での現地言語による通訳支援については、公式サイトの案内対象外です。,"[{""sid"": ""S5"", ""question"": ""法律についての相談は"", ""answer"": ""法テラス\n℡　0570-078374（日本語）\n℡　0570-078377（英語、中国語、韓国語、スペイン語、ポルトガル語、ベトナム語、タガログ語)\n℡　03-5366-6008（多言語ダイヤル）\n法テラス滋賀\n大津市浜大津1-2-22　大津商中日生ビル５Ｆ\n℡　050-3383-5454\n滋賀弁護士会\n大津市梅林１-３-３""}]"
戸籍謄本の請求について,滋賀県在住者の戸籍謄本の請求については、婚姻届などのための戸籍係に提出してください。詳しい手続きや必要書類は本国の在日領事館への問い合わせを推奨します。,"[{""sid"": ""S1"", ""question"": ""婚姻届"", ""answer"": ""- 外国人が日本国内で結婚する場合は両人の本国の法律と日本の法律にしたがって婚姻の手続きをしなければなりせん。\n- 本国の在日領事館または、大使館に婚姻の手続きについて問い合わせてください。\n- 婚姻に関しては、本国で定められている婚姻法に従って、必要書類をそろえ手続きをしてください。（書類の日本語訳文も必要です）\n- 婚姻届を届出人の所在地の市町村役場の戸籍係に提出してください。""}]"
病院食について,滋賀県国際協会の情報ベースでは、病院食についての具体的な記述は提供されていません。よって、病院食の内容や提供方針については回答できません。,"[{""sid"": ""S1"", ""question"": ""病院、診療所について"", ""answer"": ""外来患者の診療時間はいろいろですが、ふつう平日の午前中が多く、日祝日は休診です。""}]"
