相談内容,回答内容,回答に使用したQA資料
フードバンクの受け取り,申し訳ありません。ご提示のコンテキストには「フードバンクの受け取り」についての情報は含まれていません。滋賀県国際協会の情報のみ根拠として事実ベースで回答を作成するには、該当情報を提供してください。,"[{""sid"": ""S1"", ""question"": ""マイナンバーカードを健康保険証として利用できます！"", ""answer"": ""専用のカードリーダーが設置された医療機関・薬局で、マイナンバーカードが健康保険証として利用できるようになります。事前申し込みが必要です。\nマイナンバー総合フリーダイヤル\n℡　０１２０－９５－０１７８（日本語のみ）\n℡　０１２０－０１７８－２６（英語、中国語、韓国語、スペイン語、ポルトガル語）\nお住まいの市町にお問い合わせください。""}]"
履歴書を書く支援,滋賀県国際協会の情報だけに基づくと、履歴書作成の支援については、直接の具体的な手続きや窓口の案内は示されていません。ただし、高校生の就労に関する一般的な留意点として、履歴書提出時には保護者の同意書や年齢証明書、在留カードの提示が求められる場合があること、雇用契約書の取り交わしと内容確認が重要であることが挙げられています。就労情報の相談先としては滋賀労働局の雇用環境・均等室（Tel 077-523-1190）や労働条件相談ほっとライン、多言語相談、闇バイトの相談窓口（警察相談ダイヤル#9110）を案内しています。履歴書作成自体の具体的支援窓口については記載がありません。必要であれば市役所や学校のキャリア相談窓口、または滋賀労働局等への連絡を検討してください。如月の最新情報は公式窓口でご確認ください。,"[{""sid"": ""S2"", ""question"": ""こんな悩み抱えていませんか？"", ""answer"": ""中学を卒業してからは勉強すること、働くこと、いろいろなことを自分で選択する機会が増えます。家や学校以外の居場所もでき、交友関係も広くなります。自由が多くなる分、自己責任も増えていきます。自分のことを守れるように、困ったときの相談先をいくつか紹介します。\n高校生はアルバイトできますか？\n15歳になって最初の3月31日が過ぎた人は就労が認められます。在籍する高校の校則でアルバイトが許可されていれば高校生も働くことができますが、18歳未満の未成年であり、社会での経験がまだ浅いため、以下のように法律で守られています。\n- 就職に当たって、保護者の同意書、年齢証明書、在留カードの提示が求められます。\n- 仕事の内容では、危険や有害な業務について就業の制限又は禁止されています。\n- 就労時間については、深夜業や時間外・休日労働の制限/変形労働時間制の勤務も禁止されています。\n※不当な労働契約や賃金の未払い、パワハラ、セクハラなど劣悪な環境で働かせるブラックバイトもあるので、雇用契約時には、雇用契約書を取り交わし、内容を確認するようにしてください。\n※犯罪行為によって報酬を受け取る\n闇バイト\nが、SNSなどを通して広まっています。決して「高収入」だから、と軽い気持ちで応募してはいけません。身分証や家族の情報などを提供してしまうことによって犯罪組織から抜け出せない手口になっています。自分の個人情報やプライバシーに関することはむやみに提供しないように気を付けましょう。\nいじめ、いやがらせ、セクハラ、解雇など仕事の相談\n- 滋賀労働局　雇用環境・均等室　Tel 077-523-1190\n- 労働条件相談ほっとライン（多言語相談）\n- 闇バイトの相談　警察相談ダイヤル#9110""}, {""sid"": ""S3"", ""question"": ""こんな悩み抱えていませんか？"", ""answer"": ""中学を卒業してからは勉強すること、働くこと、いろいろなことを自分で選択する機会が増えます。家や学校以外の居場所もでき、交友関係も広くなります。自由が多くなる分、自己責任も増えていきます。自分のことを守れるように、困ったときの相談先をいくつか紹介します。\n高校生はアルバイトできますか？\n15歳になって最初の3月31日が過ぎた人は就労が認められます。在籍する高校の校則でアルバイトが許可されていれば高校生も働くことができますが、18歳未満の未成年であり、社会での経験がまだ浅いため、以下のように法律で守られています。\n- 就職に当たって、保護者の同意書、年齢証明書、在留カードの提示が求められます。\n- 仕事の内容では、危険や有害な業務について就業の制限又は禁止されています。\n- 就労時間については、深夜業や時間外・休日労働の制限/変形労働時間制の勤務も禁止されています。\n※不当な労働契約や賃金の未払い、パワハラ、セクハラなど劣悪な環境で働かせるブラックバイトもあるので、雇用契約時には、雇用契約書を取り交わし、内容を確認するようにしてください。\n※犯罪行為によって報酬を受け取る\n闇バイト\nが、SNSなどを通して広まっています。決して「高収入」だから、と軽い気持ちで応募してはいけません。身分証や家族の情報などを提供してしまうことによって犯罪組織から抜け出せない手口になっています。自分の個人情報やプライバシーに関することはむやみに提供しないように気を付けましょう。\nいじめ、いやがらせ、セクハラ、解雇など仕事の相談\n- 滋賀労働局　雇用環境・均等室　Tel 077-523-1190\n- 労働条件相談ほっとライン（多言語相談）\n- 闇バイトの相談　警察相談ダイヤル#9110""}]"
警察署での通訳をお願いします。,滋賀県国際協会の情報のみを根拠に事実ベースでお答えします。警察署での通訳について、提供された情報には通訳サービスの具体的な案内は含まれていません。警察署へ行く際には、必要に応じて交番を通じて通訳の手配や多言語対応を案内してもらうことを推奨します。なお、緊急時は110番、通報時の言語サポートについては各機関へご確認ください。,"[{""sid"": ""S1"", ""question"": ""犯罪や交通事故にあったとき （事件・事故）"", ""answer"": ""交番\n日本では街角などに「交番」があり、警察官が駐在しています。地域のパトロールや犯罪の防止、家出人や落し物などの届け出を受け付けたり、道案内などを行っていますので、困ったことがあったら気軽に立ち寄ってみましょう。\n盗難や暴行にあったとき\n留守中に泥棒に入られたり、暴力の被害にあったときは、近くの交番や警察署に届けてください。\n緊急に助けを求めたい時は、110番に電話をしましょう。預金通帳，クレジットカードを盗まれた時は、銀行やカードの発行会社に届け出て、支払停止の手続きを要請することが必要です。\n交通事故にあったとき\n交通事故にあったら、どんな小さな事故でも警察に届けましょう。ケガ人がいる時は救急車を呼んでください。""}]"
収入申告書について,滋賀県国際協会の情報には「収入申告書」という用語自体の説明は見当たりません。確定申告に関する案内としては、控除の訂正や事業所得者・複数の所得源がある場合は税務署で申告、給与所得者は原則申告不要などが示されています（S1、S4、S3参照）。年末調整関連の書類（扶養控除等申告書など）の外国語版が公開されています（S2参照）。詳細は国税庁の情報を参照してください（S2参照）。,"[{""sid"": ""S1"", ""question"": ""確定申告　2025年2月17日（月）～3月17日（月）"", ""answer"": ""多額の医療費を支払った、住宅ローンがあるなど控除額に訂正がある場合や事業所得者、複数の場所で所得がある方は税務署で確定申告をしましょう。""}, {""sid"": ""S2"", ""question"": ""年末調整の各種申告書（扶養控除等申告書など）について"", ""answer"": ""国税庁のウェブサイト内で、《外国語版》各種申告書（扶養控除等申告書など）が公開されています。\n【６言語版】\n英語、中国語、ポルトガル語、スペイン語、ベトナム語、フィリピノ語\nご活用ください。""}, {""sid"": ""S3"", ""question"": ""確定申告は、2020年2月17日(月)～4月16日(木)　＊延長されました"", ""answer"": ""多額の医療費を支払った、住宅をローンで購入したなど控除額に訂正や源泉徴収されていない収入がある等の場合や事業所得者、複数の場所で所得がある方は税務署で確定申告をしましょう。""}, {""sid"": ""S4"", ""question"": ""所得税"", ""answer"": ""所得のある人は所得税を納めなければなりません。所得は国籍に関わらず1月1日から1年間に得た個人所得のすべてに課税されます。しかし外国人の税金は滞在期間や職種などにより、次のとおりの方法で扱われます。\n- 日本に住所を持ち、または日本に引き続き1年以上居所を有する者や日本に永住しようとしている者で現在まで引き続き5年以上滞在しているものは、外国と日本の所得の両方に基づく税を支払います。\n- 日本に住所を有し、または現在まで引き続いて1年以上居所を有する個人で、日本に永住するつもりがなくかつ現在まで引き続いて5年以内滞在の一時的な居住者は、日本の所得と海外から送られてきたお金に基づく税を支払います。\n- 日本に1年以内の滞在期間で住所を持たないものは、日本の所得だけに基づく税を払います。\n納税者は管轄されている税務署で確定申告を提出します。申告の期間は2月16日から3月15日です。給与収入2000万円以下の給与所得の場合の所得税は、給与から直接差し引かれますので、通常給与所得者は所得税の申告書を提出する必要はありません。""}]"
市役所からの手紙について,市役所からの手紙については、内容をよく確認し、指示に従ってください。転居・転入手続きなどの案内が同封されることがあります。詳しくは手紙の連絡先に問い合わせるか、市役所の窓口で案内を受けてください。,"[{""sid"": ""S4"", ""question"": ""住民手続きについて"", ""answer"": ""- 住民基本台帳について (http://www.soumu.go.jp/main_sosiki/jichi_gyousei/c-gyousei/zairyu/related_materials-publicity_leaflets-etc.html)\n- マイナンバー制度について (https://www.digital.go.jp/policies/mynumber) マイナンバーカードについて (https://www.kojinbango-card.go.jp/)\n- 転入・転出について (http://www.soumu.go.jp/main_sosiki/jichi_gyousei/c-gyousei/zairyu/move-in_move-out.html)""}]"
仕事の面接に行く職場について,滋賀県国際協会の情報に基づくと、就労や職業紹介、相談は公共職業安定所（ハローワーク）を通じて行われます。面接に進む職場を選ぶ際は、雇用契約や就労条件を事前に確認し、必要な社会保険の加入手続きが開始時点から行われることを確認してください。未成年の場合は保護者の同意や年齢証明、在留カードの提示、就業時間の制限等の法的配慮があります。問題が起きた場合は労働基準監督署や滋賀労働局の窓口へ相談してください。,"[{""sid"": ""S1"", ""question"": ""求職"", ""answer"": ""日本国内で就労できる外国人の方は日本人と同じように職業紹介を受ける事ができます。\n公共職業安定所　(ハローワーク)\n職業紹介、就労に関する相談などに応じる国の機関が公共職業安定所です。\n仕事が見つかり労働契約を結ぶ時の重要な決まりや雇用保険についてなど、いろいろな相談も合わせて行われています。""}, {""sid"": ""S2"", ""question"": ""労働トラブルの相談"", ""answer"": ""労働関係のトラブルがあった場合は、下記の労働基準監督署に相談しましょう。（労働契約、就労規則、給料明細などがあれば持参してください）""}, {""sid"": ""S3"", ""question"": ""入社後、試用期間中の社会保険加入について"", ""answer"": ""「試用期間中は社会保険に加入できない」と言われたことはありませんか。\n日本で就職したときは社会保険に加入して、会社から保険証をもらいます。\n試用期間中は社会保険に入れないと誤解されることがありますが、それは違います。\n社会保険の加入にならないのは、短期アルバイトなど契約期間が2カ月以内の労働者です。 試用期間中は、その後の正式採用を前提とした雇用とみなされますから、雇用主は社会保険に試用期間開始当初から加入させなければなりません。\n試用期間中は市役所の国民健康保険にも入れませんので、無保険にならないよう会社側に社会保険の加入手続きを依頼しましょう。\n年金事務所では社会保険の加入ルールの窓口相談も行っていますので、ご活用ください。""}, {""sid"": ""S4"", ""question"": ""こんな悩み抱えていませんか？"", ""answer"": ""中学を卒業してからは勉強すること、働くこと、いろいろなことを自分で選択する機会が増えます。家や学校以外の居場所もでき、交友関係も広くなります。自由が多くなる分、自己責任も増えていきます。自分のことを守れるように、困ったときの相談先をいくつか紹介します。\n高校生はアルバイトできますか？\n15歳になって最初の3月31日が過ぎた人は就労が認められます。在籍する高校の校則でアルバイトが許可されていれば高校生も働くことができますが、18歳未満の未成年であり、社会での経験がまだ浅いため、以下のように法律で守られています。\n- 就職に当たって、保護者の同意書、年齢証明書、在留カードの提示が求められます。\n- 仕事の内容では、危険や有害な業務について就業の制限又は禁止されています。\n- 就労時間については、深夜業や時間外・休日労働の制限/変形労働時間制の勤務も禁止されています。\n※不当な労働契約や賃金の未払い、パワハラ、セクハラなど劣悪な環境で働かせるブラックバイトもあるので、雇用契約時には、雇用契約書を取り交わし、内容を確認するようにしてください。\n※犯罪行為によって報酬を受け取る\n闇バイト\nが、SNSなどを通して広まっています。決して「高収入」だから、と軽い気持ちで応募してはいけません。身分証や家族の情報などを提供してしまうことによって犯罪組織から抜け出せない手口になっています。自分の個人情報やプライバシーに関することはむやみに提供しないように気を付けましょう。\nいじめ、いやがらせ、セクハラ、解雇など仕事の相談\n- 滋賀労働局　雇用環境・均等室　Tel 077-523-1190\n- 労働条件相談ほっとライン（多言語相談）\n- 闇バイトの相談　警察相談ダイヤル#9110""}, {""sid"": ""S5"", ""question"": ""こんな悩み抱えていませんか？"", ""answer"": ""中学を卒業してからは勉強すること、働くこと、いろいろなことを自分で選択する機会が増えます。家や学校以外の居場所もでき、交友関係も広くなります。自由が多くなる分、自己責任も増えていきます。自分のことを守れるように、困ったときの相談先をいくつか紹介します。\n高校生はアルバイトできますか？\n15歳になって最初の3月31日が過ぎた人は就労が認められます。在籍する高校の校則でアルバイトが許可されていれば高校生も働くことができますが、18歳未満の未成年であり、社会での経験がまだ浅いため、以下のように法律で守られています。\n- 就職に当たって、保護者の同意書、年齢証明書、在留カードの提示が求められます。\n- 仕事の内容では、危険や有害な業務について就業の制限又は禁止されています。\n- 就労時間については、深夜業や時間外・休日労働の制限/変形労働時間制の勤務も禁止されています。\n※不当な労働契約や賃金の未払い、パワハラ、セクハラなど劣悪な環境で働かせるブラックバイトもあるので、雇用契約時には、雇用契約書を取り交わし、内容を確認するようにしてください。\n※犯罪行為によって報酬を受け取る\n闇バイト\nが、SNSなどを通して広まっています。決して「高収入」だから、と軽い気持ちで応募してはいけません。身分証や家族の情報などを提供してしまうことによって犯罪組織から抜け出せない手口になっています。自分の個人情報やプライバシーに関することはむやみに提供しないように気を付けましょう。\nいじめ、いやがらせ、セクハラ、解雇など仕事の相談\n- 滋賀労働局　雇用環境・均等室　Tel 077-523-1190\n- 労働条件相談ほっとライン（多言語相談）\n- 闇バイトの相談　警察相談ダイヤル#9110""}]"
調停の結果について,滋賀県の情報のみを根拠に回答します。調停の結果についての具体的な情報は提供されていませんが、話し合いは家庭裁判所の調停で行うことができます（日本語）。該当する窓口として大津家庭裁判所、本部・彦根支部・長浜支部、または京都外国人の夫婦と親子に関する紛争解決センターへの連絡先が挙げられています。調停の結果や今後の手続きについては、これらの窓口に問い合わせてください。,"[{""sid"": ""S2"", ""question"": ""離婚についての話し合いがうまくいきません。"", ""answer"": ""家庭裁判所の調停で話し合うことができます。（日本語）\n- 大津家庭裁判所 　℡　077-503-8151\n- 大津家庭裁判所 彦根支部 　℡　0749-22-0167\n- 大津家庭裁判所 長浜支部 　℡　0749-62-0240\n- 京都外国人の夫婦と親子に関する紛争解決センター 　℡　075-692-3555""}]"
新型コロナウイルスワクチンの副反応について,滋賀県国際協会の情報のみを根拠に回答します。新型コロナウイルスワクチンの副反応について、滋賀県国際協会の提供する情報には副反応に関する具体的な説明はありません。従って、公式の医療情報源（厚生労働省や自治体の発表、医療機関の案内）を参照することを推奨します。副反応が心配な場合は、接種部位の痛み・発熱・倦怠感などの一般的な副反応は多くの場合数日で軽快しますが、重篤な症状（呼吸困難、胸部の激しい痛み、顔の腫れ、意識喪失など）が現れた場合は直ちに医療機関を受診してください。接種後にアレルギー歴がある方や過去の副反応歴がある方は、事前に医師と相談してください。情報の最新性は公式発表をご確認ください。,"[{""sid"": ""S1"", ""question"": ""新型コロナウイルス感染症の影響を受けた方への生活支援について"", ""answer"": ""住居確保給付金（家主さんに直接支払われる家賃）\n対象\n離職・廃業から２年以内または休業等により収入が減少し、離職等と同程度の状況にある方\n支給期間\n原則３カ月（最長９カ月まで）\n支給額\n家賃相当額を自治体から家主さんに支給\n申請方法\n市にお住まいの方は各市。町にお住まいの方は各町の社会福祉協議会\nご案内\n住居確保給付金のご案内はこちらから (https://www.mhlw.go.jp/content/000626236.pdf)\n★滋賀県では県営住宅での一時的な受入れを行っています。\n対象\n新型コロナウイルスの感染症に起因する解雇等により住宅の退去を余儀なくされた方\n入居期間\n最長一年間\n申込方法\n県庁土木交通部住宅課へお電話　（℡　０７７－５２８－４２３４）\nその他、生活にお困りの方は、お住まいの市町の福祉課や社会福祉事務所で相談しましょう！""}]"
悩み事について,滋賀県国際協会の情報に基づき、学校や相談窓口を活用してください。学校では先生への確認や面談時の通訳依頼を案内されることがあります。学校外で相談できる窓口として、こどもの人権110番（0120-007-110、月〜金8:30-17:15）、チャイルドライン（0120-99-7777、毎日16:00-21:00）、24時間子供SOSダイヤル（0120-0-78310、24時間対応）があります。高校生のアルバイトについては、15歳の3月31日を過ぎた人は就労が認められ、就労には保護者の同意書・年齢証明書・在留カードの提示が必要です。労働条件や違法な求人・闇バイトへの相談は滋賀労働局雇用環境・均等室（Tel 077-523-1190）、労働条件相談ほっとライン、警察相談ダイヤル#9110で対応します。障害・特別支援の相談窓口として、滋賀県立障害者福祉センター、滋賀県総合教育センター、野洲市の窓口などが案内されています。必要に応じて、これらの窓口へ相談してください。,"[{""sid"": ""S1"", ""question"": ""困りごとがあれば学校に相談しましょう！"", ""answer"": ""学校ではたくさんの手紙が配(られるので、わからない場合は先生に確認したり、面談の時には通訳をお願いしましょう。悩みや問題があれば、先生やスクールカウンセラーに相談しましょう。\n学校以外で子どもが相談できるところ\n自分のこと、友達のこと、家族のこと、その他の事で悩み、困っていることがあれば相談してください。\n- こどもの人権110番 0120-007-110　月～金8:30 -17:15\n- チャイルドライン 0120-99-7777　毎日　16:00 - 21:00\n- 24時間子供SOSダイヤル 0120-0-78310　2４時間対応（年末年始も可）""}, {""sid"": ""S3"", ""question"": ""こんな悩み抱えていませんか？"", ""answer"": ""中学を卒業してからは勉強すること、働くこと、いろいろなことを自分で選択する機会が増えます。家や学校以外の居場所もでき、交友関係も広くなります。自由が多くなる分、自己責任も増えていきます。自分のことを守れるように、困ったときの相談先をいくつか紹介します。\n高校生はアルバイトできますか？\n15歳になって最初の3月31日が過ぎた人は就労が認められます。在籍する高校の校則でアルバイトが許可されていれば高校生も働くことができますが、18歳未満の未成年であり、社会での経験がまだ浅いため、以下のように法律で守られています。\n- 就職に当たって、保護者の同意書、年齢証明書、在留カードの提示が求められます。\n- 仕事の内容では、危険や有害な業務について就業の制限又は禁止されています。\n- 就労時間については、深夜業や時間外・休日労働の制限/変形労働時間制の勤務も禁止されています。\n※不当な労働契約や賃金の未払い、パワハラ、セクハラなど劣悪な環境で働かせるブラックバイトもあるので、雇用契約時には、雇用契約書を取り交わし、内容を確認するようにしてください。\n※犯罪行為によって報酬を受け取る\n闇バイト\nが、SNSなどを通して広まっています。決して「高収入」だから、と軽い気持ちで応募してはいけません。身分証や家族の情報などを提供してしまうことによって犯罪組織から抜け出せない手口になっています。自分の個人情報やプライバシーに関することはむやみに提供しないように気を付けましょう。\nいじめ、いやがらせ、セクハラ、解雇など仕事の相談\n- 滋賀労働局　雇用環境・均等室　Tel 077-523-1190\n- 労働条件相談ほっとライン（多言語相談）\n- 闇バイトの相談　警察相談ダイヤル#9110""}, {""sid"": ""S4"", ""question"": ""こんな悩み抱えていませんか？"", ""answer"": ""中学を卒業してからは勉強すること、働くこと、いろいろなことを自分で選択する機会が増えます。家や学校以外の居場所もでき、交友関係も広くなります。自由が多くなる分、自己責任も増えていきます。自分のことを守れるように、困ったときの相談先をいくつか紹介します。\n高校生はアルバイトできますか？\n15歳になって最初の3月31日が過ぎた人は就労が認められます。在籍する高校の校則でアルバイトが許可されていれば高校生も働くことができますが、18歳未満の未成年であり、社会での経験がまだ浅いため、以下のように法律で守られています。\n- 就職に当たって、保護者の同意書、年齢証明書、在留カードの提示が求められます。\n- 仕事の内容では、危険や有害な業務について就業の制限又は禁止されています。\n- 就労時間については、深夜業や時間外・休日労働の制限/変形労働時間制の勤務も禁止されています。\n※不当な労働契約や賃金の未払い、パワハラ、セクハラなど劣悪な環境で働かせるブラックバイトもあるので、雇用契約時には、雇用契約書を取り交わし、内容を確認するようにしてください。\n※犯罪行為によって報酬を受け取る\n闇バイト\nが、SNSなどを通して広まっています。決して「高収入」だから、と軽い気持ちで応募してはいけません。身分証や家族の情報などを提供してしまうことによって犯罪組織から抜け出せない手口になっています。自分の個人情報やプライバシーに関することはむやみに提供しないように気を付けましょう。\nいじめ、いやがらせ、セクハラ、解雇など仕事の相談\n- 滋賀労働局　雇用環境・均等室　Tel 077-523-1190\n- 労働条件相談ほっとライン（多言語相談）\n- 闇バイトの相談　警察相談ダイヤル#9110""}, {""sid"": ""S5"", ""question"": ""悩まず、すぐ相談！"", ""answer"": ""各市町役場　障害福祉担当課\n滋賀県立障害者福祉センター　心身障害者の相談・障害者のスポーツセンター\n（プール、トレーニング室などあり）\n草津市笠山８丁目５番１３０号　℡　077-564-7327\n滋賀県総合教育センター　特別支援教育相談　　発達障害等の子どもについての相談。\n来所（要予約）電話相談　9:00-12:30　13:00-16:30\n野洲市北桜　℡　077-588-2505""}]"
まるふく更新について,申し訳ありませんが、私の訓練データには“まるふく更新”について滋賀県国際協会の公開情報に基づく具体的な事実が含まれていません。滋賀県国際協会の公式サイトや公式発表をご確認ください。,[]
人権問題,滋賀県国際協会の情報に基づくと、人権問題に関しては外国人人権ダイヤルなどの窓口が案内されています。具体的には外国人の人権課題や相談については外国人人権ダイヤル（電話 0570-090911、対応言語: 英語・中国語・韓国語・フィリピノ語・ポルトガル語・ベトナム語）が利用可能です。また、法テラスを通じた多言語対応の法的支援窓口があり、緊急性の高い人権関連の法的支援を受ける体制が整っています。人権侵害を含む問題については、上記窓口を活用して相談・支援を受けることが推奨されています。,"[{""sid"": ""S1"", ""question"": ""人権侵害について"", ""answer"": ""外国人人権ダイヤル\nTel 0570-090911\n対応言語：英語，中国語，韓国語，フィリピノ語，ポルトガル語、ベトナム語\n(English, Chinese, Korean, Filipino, Portuguese, Vietnamese)""}]"
結婚する際の休みについて,婚姻届の手続き自体に休暇は定義されていません。職場の就業規則や雇用契約に基づく休暇制度（結婚休暇が明記されている場合など）を確認してください。一般には、婚姻届提出のための私的な時間の取扱いは会社ごとに異なりますので、事前に勤務先と相談してください。,"[{""sid"": ""S1"", ""question"": ""婚姻届"", ""answer"": ""- 外国人が日本国内で結婚する場合は両人の本国の法律と日本の法律にしたがって婚姻の手続きをしなければなりせん。\n- 本国の在日領事館または、大使館に婚姻の手続きについて問い合わせてください。\n- 婚姻に関しては、本国で定められている婚姻法に従って、必要書類をそろえ手続きをしてください。（書類の日本語訳文も必要です）\n- 婚姻届を届出人の所在地の市町村役場の戸籍係に提出してください。""}]"
請求書が届いた,請求書が届いた場合の具体的な対応は、滋賀県国際協会の情報には記載がありません。一般的な対応としては、請求書の発行元へ内容を確認し、記載内容に従って手続きを行ってください。なお詳しい情報は国税庁の外国語版申告書や確定申告関連の案内とは別の話題です。,"[{""sid"": ""S1"", ""question"": ""年末調整の各種申告書（扶養控除等申告書など）について"", ""answer"": ""国税庁のウェブサイト内で、《外国語版》各種申告書（扶養控除等申告書など）が公開されています。\n【６言語版】\n英語、中国語、ポルトガル語、スペイン語、ベトナム語、フィリピノ語\nご活用ください。""}]"
ベトナム人との結婚,ベトナム人と日本国内で結婚する場合は、両人の本国の法律と日本の法律に従い婚姻手続きをします。手続き方法は本国の在日領事館または大使館に問い合わせ、必要書類を揃え日本語訳文も用意してください。婚姻届は届出人の所在地の市町村役場の戸籍係に提出します。,"[{""sid"": ""S1"", ""question"": ""婚姻届"", ""answer"": ""- 外国人が日本国内で結婚する場合は両人の本国の法律と日本の法律にしたがって婚姻の手続きをしなければなりせん。\n- 本国の在日領事館または、大使館に婚姻の手続きについて問い合わせてください。\n- 婚姻に関しては、本国で定められている婚姻法に従って、必要書類をそろえ手続きをしてください。（書類の日本語訳文も必要です）\n- 婚姻届を届出人の所在地の市町村役場の戸籍係に提出してください。""}]"
脱退一時金の説明,脱退一時金は、日本国籍を有しない方が国民年金または厚生年金の被保険者資格を喪失し、日本を出国した場合、日本に住所がなくなった日から2年以内に請求できます。帰国する外国人が6ヶ月以上加入していれば、脱退一時金を受け取ることができます。,"[{""sid"": ""S1"", ""question"": ""脱退一時金 　＜公的年金の受給資格がないけれど、帰国する場合など＞"", ""answer"": ""日本国籍を有しない方が、国民年金又は厚生年金の被保険者資格を喪失し、日本を出国した場合、日本に住所がなくなった日から２年以内に脱退一時金を請求することができます。帰国する外国人が６ヶ月以上加入していれば、脱退一時金を受け取ることができます。""}]"
非課税証明書について,滋賀県国際協会の情報だけを根拠に、非課税証明書についての言及はS1～S5の情報には含まれていません。従って、非課税証明書の発出や取り扱いに関する具体的な案内は提供できません。必要であれば、関係機関の公式情報を確認してください。,"[{""sid"": ""S1"", ""question"": ""年末調整の各種申告書（扶養控除等申告書など）について"", ""answer"": ""国税庁のウェブサイト内で、《外国語版》各種申告書（扶養控除等申告書など）が公開されています。\n【６言語版】\n英語、中国語、ポルトガル語、スペイン語、ベトナム語、フィリピノ語\nご活用ください。""}]"
履歴書の書き方について,滋賀県国際協会の情報のみを根拠に、事実ベースで回答します。履歴書の書き方については、提供された資料には直接の具体例は記載されていません。従って、公式の「未来のための進路ガイダンス」資料や婚姻関連情報の範囲外となります。履歴書の一般的な留意点としては、氏名・連絡先・学歴・職歴・免許・志望動機・自身の強み・志望する職種を明確に整理し、読みやすいレイアウトで箇条書きを適切に使用すること、正確な日本語で記入すること、誤字脱字を避けることが挙げられます。ただし、滋賀県国際協会の公式ガイドラインではなく一般的な履歴書作成の一般論です。必要であれば、該当するPDF資料の該当ページを確認のうえ、具体的な指針を再度ご提供します。,"[{""sid"": ""S1"", ""question"": ""中学卒業後の進路"", ""answer"": ""「未来のための進路ガイダンス」資料（PDFファイル）\n- 日本語版 にほんご (/sites/default/files/project/multicultural_career2023.pdf) 英語版 English (/sites/default/files/project/multicultural_career2023en.pdf) ポルトガル語版 Portugués (/sites/default/files/project/multicultural_career2023pt.pdf) スペイン語版 Portugués (/sites/default/files/project/multicultural_career2023es.pdf) タガログ語版 Tagalog (/sites/default/files/project/multicultural_career2023tl.pdf) 中国語版 中文 (/sites/default/files/project/multicultural_career2023zh-cn.pdf) ベトナム語版 Bản tiếng Việt (/sites/default/files/project/multicultural_career2023vt.pdf) ネパール語版 जापानीभाषा (/sites/default/files/project/multicultural_career2023ne.pdf)""}]"
慰謝料,ご質問の“慰謝料”に関しては、滋賀県国際協会の情報には記載がありません。従って、滋賀県内の法的取り扱いや金額の目安等は、専門の法務機関や弁護士、または公的機関にご相談ください。,"[{""sid"": ""S4"", ""question"": ""賃貸住居"", ""answer"": ""家やアパートを借りたい場合は、不動産業者に相談してください。\n\n契約に必要とされるのは\n敷金\n家賃支払いの担保として家主に預けておくお金です。退去する際に返金されるものです。未払い賃料および借りていた家の中に損害がある場合は、その修理費をさし引かれますが、残高が戻ります。\n礼金\n家主に支払う一時金で返金されないもの。\n報酬\n不動産業者に仲介を依頼した時は、通常1ヶ月分が必要です。""}]"
外国離婚の承認裁判について,滋賀県内の情報源としては、外国離婚の承認裁判に関する具体的な手続きや要件の記載はS1に含まれていません。S1は離婚の準拠法や日本法適用時の協議離婚等についての一般的な概要です。外国離婚の承認裁判（外国法で離婚が成立した場合の日本国内での承認手続き）についての詳細は、滋賀県国際協会の情報のみでは確認できないため、在日公館や法務省・裁判所の公式情報をご参照ください。必要に応じて、最寄りの外国人総合窓口や大津地方法務局などにご相談ください。,"[{""sid"": ""S1"", ""question"": ""離婚届"", ""answer"": ""- それぞれの夫婦が離婚する場合、どの国の法律が適用されるかという準拠法に深くかかわってきます。\n- 日本では、離婚の準拠法について、第一に夫婦の本国方が同一の時はその法律（共通本国法）により、第二にその共通本国法がない場合において夫婦の常居所地法が同一であるときはその法律によるが、第三にそのいずれの法律もない時は夫婦にもっとも密接な関係のある地の法律（密接関連法）による、とされていますが、これには例外があって、夫婦の一方が日本に常居所がある日本人であるときは、日本の法律によって決められます。\n- 日本の法律が適用される場合、協議離婚をすることができます。協議が成立しない場合は、家庭裁判所の調停や審判による離婚、地方裁判所の判決による離婚のいずれの方法もとることができます。\n- 各国の離婚に関する法律については、各在日公館にお問い合わせください。""}]"
出産手当について,出産手当金は、健康保険に加入している人が、妊娠・出産で休業した期間中に支給される給付です。給付額は、直近一年間のお給料を平均した額のおおよそ2/3で、対象期間は出産日以前42日間（多胎妊娠は98日間）と出産日後56日間です。手続きは会社を通じて健康保険に申請します。なお、扶養家族の出産は対象外で、市町村の国民健康保険にはこの制度はありません。産休中も社会保険料の支払いが免除されます。,"[{""sid"": ""S1"", ""question"": ""【健康保険シリーズ5】子どもが生まれたら"", ""answer"": ""健康保険は病気になったときの給付だけではありません。他にもさまざまな給付があります。今日はその中でも、出産にかかわる健康保険からの給付をご紹介します。出産を控えている方にはぜひ知っておいて欲しい制度です。\n出産は保険が使えるの？「出産育児一時金」\n正常な妊娠・出産は病気ではありませんので、健康保険の対象外となります。3割負担での受診はできません。\nしかし「出産育児一時金」の直接払いの手続きをすれば、出産費用が補助されます。\n病院では補助される額を超えた分のみの費用負担で済みます。\n補助額\n一児につき50万円\n（重度の脳性麻痺を保障する制度に加入していない病院では４8.８万円）\n対象者\n妊娠４ヵ月（８５日）以降の出産で、死産を含みます。\n手続き方法\n病院で手続きができます。利用申込の書類に署名してください。\n出産育児一時金 URL: https://www.kyoukaikenpo.or.jp/g6/cat620/r310/ (https://www.kyoukaikenpo.or.jp/g6/cat620/r310/)\n*頁右上の Select language で言語を選択（英語、中国語（簡体字、繁体字）、韓国語、スペイン語、ポルトガル語）\n出産で会社を休んだら？　「出産手当金」\n妊娠や出産で長期間仕事を休むと、お給料が支払われなくなり生活に困ることもあります。しかし会社で健康保険に加入して働いている方は、「出産手当金」を請求すれば生活保障として手当金が支給されます。（扶養家族の出産は対象外です。また市町村の国民健康保険には、この制度はありません）\n給付額\n直近一年間のお給料を平均した額のおおよそ2/3\n対象期間\n出産日以前42日間（多胎妊娠は98日間）＋出産日後56日間\n手続き方法\n会社を通して健康保険に申請してください。\n出産手当金 URL: https://www.kyoukaikenpo.or.jp/g6/cat620/r311/ (https://www.kyoukaikenpo.or.jp/g6/cat620/r311/)\n*頁右上の Select language で言語を選択\nまた毎月のお給料から引かれている社会保険料も、産休中は支払いが免除されます。\n会社の総務の方に相談してみてください。""}]"
日本語を学びたい,滋賀県国際協会の情報ベースでは、日本語を学びたい方向けの公式情報として、滋賀県内の日本語教育機関に関する記載は確認できません。代わりに、以下の選択肢があります。1) 滋賀県内の日本語教育機関を直接探す、2) 日本語学習の相談窓口や地域の国際交流団体に問い合わせる、3) 日本語学習のオンラインリソースを活用する。必要であれば、滋賀県内の日本語教育機関を特定するお手伝いをします。,"[{""sid"": ""S1"", ""question"": ""日本語学校 Japanese Language Schools"", ""answer"": ""- 京都日本語学校 (Kyoto Japanese Language School) (http://kjls.or.jp/)\n- 京都文化日本語学校 (Kyoto Institute of Culture and Language) (http://www.kicl.ac.jp/jp/)\n- 京都民際日本語学校 (Kyoto Minsai Japanese Language School) (http://www.kyotominsai.co.jp/)\n- 京都日本語研修センター(Kyoto Japanese Language Training Center) (http://www.kjltc.jp/)\n- YIC京都日本語学院 (YIC Kyoto Japanese Academy) (http://www.yic-kyoto.ac.jp/japanese/)\n- 京都国際アカデミー(Kyoto International Academy of Japanese Language) (http://www.kia-ac.jp/index.html)\n- 日本語センター(Kyoto Japanese Language School) (https://nihongo-center.com/)\n- ARC 京都日本語学校 (ARC Academy Kyoto) (http://japanese.arc-academy.co.jp/?lang=ja)\n- にほんご空間・京都 (Japanese Space Kyoto) (http://j-space.sakura.ne.jp/wp2/)\n- 京進ランゲージアカデミー(Kyoshin Language Academy-Kyoto Chuo School) (http://www.kla.ac/jp/kyoto_chuo/)\n- ISIランゲージスクール 京都校 (ISI Japanese Language School - Kyoto campus) (http://www.isi-education.com/ja/)""}]"
在留資格の変更　（難民と教員ビザについて）,滋賀県国際協会が提供する情報の範囲内において、在留資格の変更について具体的な手続きや要件の案内はS2に含まれていません。難民認定や教員ビザ（在留資格変更の対象となるか等）についての詳細は、出入国在留管理庁の公式情報（MOJ）をご参照ください。滋賀県内の窓口案内としては、大津出張所で在留関係の手続きが案内されていますが、個別の在留資格変更の可否・要件については公式ページをご確認ください。S2の情報を超える具体的な回答は提供できません。,"[{""sid"": ""S2"", ""question"": ""在留について"", ""answer"": ""日本に住む外国人には、それぞれの滞在目的に従って在留資格と在留期間が与えられます。おのおのの「在留資格」には活動できる内容が厳格に規定されています。\n関連ページ\n出入国在留管理庁 (http://www.moj.go.jp/isa/index.html)\n在留関係の手続きについては\n在留関係手続き (https://www.moj.go.jp/isa/applications/index.html)\n入国後の在留関係の手続き\n滋賀県在住の方は、\n大阪入国管理局大津出張所\nで行います。\n大阪入国管理局大津出張所 (http://www.moj.go.jp/isa/about/region/osaka/index.html)\n大津市京町3-1-1 大津びわ湖合同庁舎6階　　℡：077-511-4231\n一般的な内容についての相談\n外国人在留インフォメーションセンター・ワンストップ型相談センター（入国管理局）に外国語で問い合わせることもできます。\n外国人在留インフォメーションセンター (http://www.moj.go.jp/isa/consultation/center/japanese.html)\n℡ 0570-013904（ＩＰ, ＰＨＳ, 海外: 03-5796-7112）\n新しい在留資格への移行により、平成24年7月9日より前の住所は住民票には記載されません。 ※これまで市区町村で保管されていた「外国人登録原票」は、平成24年7月9日から法務省で保管されています。\n外国人登録原票に係る開示請求について（法務省HPへリンク） (http://www.moj.go.jp/isa/applications/disclosure/foreigner.html)""}]"
住まい探し,滋賀県国際協会の情報に基づくと、住まい探しには公営住宅・賃貸住宅・持ち家の3つの選択肢があります。公営住宅は所得要件などを満たす人を対象に募集があり、県営住宅は年4回募集、市町の市営・町営住宅もあります。賃貸住宅は不動産業者を通じて契約を行い、敷金・礼金・仲介手数料が発生することが多いです。民間賃貸を探す場合は滋賀県の窓口（住宅課）へ相談するのが基本です。詳しい情報源としては、県営住宅・賃貸住宅・セーフティネット住宅関連の案内、契約の基本項目、そして空き家バンクなどの選択肢も案内されています。必要に応じて市町役場や窓口へお問い合わせください。,"[{""sid"": ""S1"", ""question"": ""住宅を探しています。"", ""answer"": ""県営住宅や市営住宅の他、民間の住宅もあります。市営住宅については市町役場にたずねましょう。\n- 県営住宅 滋賀県営住宅管理センター (https://shiga-kenei.com) ℡　077-510-1500 ℡　077-510-1501　(外国人専用)\n- 滋賀あんしん賃貸支援事業 (https://www.shiga-anshin.net/)\n- 日本賃貸住宅管理協会 (https://www.jpm.jp/) 日本賃貸住宅管理協会 English (https://www.jpm.jp/foreigner/)\n- ＵＲ賃貸住宅 (https://www.ur-net.go.jp/chintai/kansai/shiga/counter/)\n- VILLAGE HOUSE (ENG, POR) (https://www.villagehouse.jp)\n- 大東建託(多言語 Multilingual) (http://e-heya.kentaku.net/shiga/)\n民間賃貸住宅についての相談は\n滋賀県土木交通部住宅課 (http://www.pref.shiga.lg.jp/h/jutaku/sumai_machi/safetynet/soudan.html)\n℡077-528-4235""}, {""sid"": ""S2"", ""question"": ""住む家を探すには？"", ""answer"": ""住まい探しに役立つ情報です。住宅には、「公営住宅」、「賃貸住宅」、「持ち家」などがあります。\n公営住宅\n所得の低い人など一定の条件を満たす人を対象に、公的な住宅があります。定期的に募集をおこない、抽選によって入居が決定します。滋賀県には県営住宅と、市町によって市営や町営住宅があるところもあります。在留資格や所得の要件があるので、確認してください。\n県営住宅\n滋賀県には、県営住宅が県内各地域にあり、年4回（４月、７月、１０月、１月）募集があります。\n市営町営住宅\nお住まいの市町役場に問い合わせてください。\n賃貸住宅\n一般に、日本では不動産屋で物件を探し、書面で契約を結びます。契約時、物件により、礼金や敷金が必要になります。（礼金は家主へのお礼として支払うお金で戻ってきません。敷金とは退去時に原状回復のために使われ、一部戻ってくる場合もあります。）また、連帯保証人が必要な場合と、家賃保証会社を利用する場合があります。その他、不動産屋への仲介手数料の支払いがあります。契約に火災保険の加入が含まれる場合が一般的です。その他、管理費や２年ごとに更新料を支払う必要がある場合が多いです。\nお役立ちサイト\n- [ 不動産情報検索サイト ] （公社）滋賀県宅地建物取引業協会 (https://www.hatomarksite.com/search/shiga/)\n- [ 外国語が話せる不動産店一覧 ] （公財）日本賃貸住宅管理協会 (https://www.jpm.jp/multilingual/index.html)\n- [ 外国人の民間賃貸住宅への円滑な入居について ]　国土交通省 (https://www.mlit.go.jp/jutakukentiku/house/jutakukentiku_house_tk3_000017.html)\n滋賀県の居住支援・住宅セーフティネット制度\n滋賀県での高齢者世帯、障害者世帯、外国人世帯、子育て世帯の入居を受け入れる民間賃貸住宅等の情報です。\n- 滋賀県のセーフティネット住宅 (https://safetynet-jutaku.mlit.go.jp/guest/apart_list.php?pref=25)\n- 滋賀あんしん賃貸住宅 (https://www.pref.shiga.lg.jp/ippan/kendoseibi/zyuutaku/300196.html)\n火災保険\n住宅は賃貸や持ち家にかかわらず、火災保険に加入する必要があります。\n賃貸アパートやマンションなどの場合、入居時や更新時に「大家」と「入居者」がそれぞれ火災保険に加入するケースが一般的です。建物は大家の資産なので、建物に対する火災保険は大家が加入して保険料を支払い、室内の家具や家電などの家財道具に対する保険は、入居者が加入し保険料を支払います。持ち家であれば建物と家財の両方を補償する火災保険に入ります。\n持ち家\n日本では、不動産を購入する際に国籍や在留資格に基づく制限はありません。ただし住宅ローンの借り入れは、永住者や特別永住者の在留資格をお持ちの方に限られています。年齢や所得、勤続年数などの基準を満たし、審査に通ると住宅ローンを組むことができます。また、要件などを満たせば、確定申告で住宅ローン控除を受けることができます。住宅を購入した後、経済状況に変化があった場合は、住宅ローンの借り換えや返済について、銀行に条件変更の相談をしましょう。\nまた、１月１日に住宅を所有している人は、その資産をもとに算定した固定資産税をお住まいの市町役場に支払います。\n空き家バンク\n空き家の賃貸・売却を希望する人が登録した情報を、空き家の利活用を希望する人に紹介する制度です。希望する市町役場の住宅課に空き家バンクがあるかたずねてください。\n- 空き家バンク (https://www.akiya-athome.jp/buy/25/)\n困ったときの相談窓口　（相談無料）\n入居中・契約の解除・明渡し時のトラブルなどの相談窓口：・滋賀県消費生活センター（彦根）/ TEL 0749-23-0999\n住宅取得や不具合、事業者とのトラブルなど様々な住宅についての相談窓口：・住まいるダイヤル/ TEL 03-3556-5147\n引っ越し先が決まったら、何をしたらいいのでしょう？\n届け出\nお住まいの市町役場に転出届を出します。引っ越し後14日以内に、新住所の役場に転居、転入届を出し、在留カードとマイナンバーカードの住所変更も行います。また、子どもさんがおられる方は、新しい保育園、幼稚園、学校への転入手続きも行います。職場、銀行への連絡や、運転免許証の住所変更も必要です。郵便局へ郵便物の転送届を出しておくと、引っ越し前の住所地に届いた郵便物を新住所に転送してもらえます。\n近所との付き合い\n日本では、引っ越した人が近所の人に挨拶をする習慣があります。近所の人と知り合って、ゴミの収集日や収集場所、災害時の避難場所など地域のルールを教えてもらいましょう。\n自治会\n地域ごとに住民が運営する自治会があります。自治会では、住民同士が地域での暮らしを良くするため、防犯、防災、美化活動を行ったり、地域の子どもたちがスポーツや祭りなどを楽しむ「子ども会」があるなど様々な活動をしています。それらの事業の運営のため、会員は自治会費を支払い、役割分担(ぶんたん)もあります。また、細かな地域の情報が掲載された「回覧板」が回ってきます。自治会は任意加入ですが、ゴミ収集場所の管理を自治会がしている場合など、加入が必要になることもあります。災害時などには近所同士の助け合いが必要になるので、近所とのお付き合いは大切にしましょう。\n※地域によって自治会の有無や活動内容、自治会費は異なりますので、必ず確認してください。""}, {""sid"": ""S3"", ""question"": ""賃貸住居"", ""answer"": ""家やアパートを借りたい場合は、不動産業者に相談してください。\n\n契約に必要とされるのは\n敷金\n家賃支払いの担保として家主に預けておくお金です。退去する際に返金されるものです。未払い賃料および借りていた家の中に損害がある場合は、その修理費をさし引かれますが、残高が戻ります。\n礼金\n家主に支払う一時金で返金されないもの。\n報酬\n不動産業者に仲介を依頼した時は、通常1ヶ月分が必要です。""}]"
英語教師について,英語教師についての詳細は、滋賀県国際協会の情報源に限定すると、技能実習機構などの窓口案内のみが挙げられています。英語教師としての就業条件・資格情報は本アーカイブには記載がなく、他機関の情報を参照することをおすすめします。,"[{""sid"": ""S1"", ""question"": ""技能実習について"", ""answer"": ""OTIT外国人技能実習機構　母国語相談\nTel 0120-250-147（英語 English）\nTel 0120-250-169 （中国語 中文）\nTel 0120-250-197（タガログ語 Tagalog）\nTel 0120-250-197（タガログ語 Tagalog）\nTel 0120-250-168（ベトナム語 Tiếng Việt）\nTel 0120-250-192（インドネシア語 Indonesia）　 　等々""}]"
チケットの予約,滋賀県国際協会の公式情報に基づくと、チケット予約に関する具体的な案内は提供されていません。詳細は公式サイトまたは窓口へお問い合わせください。,[]
移住サポートについて,滋賀県内の移住サポートとして、滋賀県は県営住宅を含む居住支援情報を提供しています。空き家バンクやセーフティネット住宅の案内、在留手続き関連情報は滋賀県公式情報としてまとまっています。新型コロナ関連の生活支援として、住居確保給付金の案内と滋賀県の県営住宅受入れ情報が公表されています。詳細は各窓口（市町福祉課、県住宅課、滋賀県消費生活センター等）に問い合わせてください。,"[{""sid"": ""S3"", ""question"": ""住む家を探すには？"", ""answer"": ""住まい探しに役立つ情報です。住宅には、「公営住宅」、「賃貸住宅」、「持ち家」などがあります。\n公営住宅\n所得の低い人など一定の条件を満たす人を対象に、公的な住宅があります。定期的に募集をおこない、抽選によって入居が決定します。滋賀県には県営住宅と、市町によって市営や町営住宅があるところもあります。在留資格や所得の要件があるので、確認してください。\n県営住宅\n滋賀県には、県営住宅が県内各地域にあり、年4回（４月、７月、１０月、１月）募集があります。\n市営町営住宅\nお住まいの市町役場に問い合わせてください。\n賃貸住宅\n一般に、日本では不動産屋で物件を探し、書面で契約を結びます。契約時、物件により、礼金や敷金が必要になります。（礼金は家主へのお礼として支払うお金で戻ってきません。敷金とは退去時に原状回復のために使われ、一部戻ってくる場合もあります。）また、連帯保証人が必要な場合と、家賃保証会社を利用する場合があります。その他、不動産屋への仲介手数料の支払いがあります。契約に火災保険の加入が含まれる場合が一般的です。その他、管理費や２年ごとに更新料を支払う必要がある場合が多いです。\nお役立ちサイト\n- [ 不動産情報検索サイト ] （公社）滋賀県宅地建物取引業協会 (https://www.hatomarksite.com/search/shiga/)\n- [ 外国語が話せる不動産店一覧 ] （公財）日本賃貸住宅管理協会 (https://www.jpm.jp/multilingual/index.html)\n- [ 外国人の民間賃貸住宅への円滑な入居について ]　国土交通省 (https://www.mlit.go.jp/jutakukentiku/house/jutakukentiku_house_tk3_000017.html)\n滋賀県の居住支援・住宅セーフティネット制度\n滋賀県での高齢者世帯、障害者世帯、外国人世帯、子育て世帯の入居を受け入れる民間賃貸住宅等の情報です。\n- 滋賀県のセーフティネット住宅 (https://safetynet-jutaku.mlit.go.jp/guest/apart_list.php?pref=25)\n- 滋賀あんしん賃貸住宅 (https://www.pref.shiga.lg.jp/ippan/kendoseibi/zyuutaku/300196.html)\n火災保険\n住宅は賃貸や持ち家にかかわらず、火災保険に加入する必要があります。\n賃貸アパートやマンションなどの場合、入居時や更新時に「大家」と「入居者」がそれぞれ火災保険に加入するケースが一般的です。建物は大家の資産なので、建物に対する火災保険は大家が加入して保険料を支払い、室内の家具や家電などの家財道具に対する保険は、入居者が加入し保険料を支払います。持ち家であれば建物と家財の両方を補償する火災保険に入ります。\n持ち家\n日本では、不動産を購入する際に国籍や在留資格に基づく制限はありません。ただし住宅ローンの借り入れは、永住者や特別永住者の在留資格をお持ちの方に限られています。年齢や所得、勤続年数などの基準を満たし、審査に通ると住宅ローンを組むことができます。また、要件などを満たせば、確定申告で住宅ローン控除を受けることができます。住宅を購入した後、経済状況に変化があった場合は、住宅ローンの借り換えや返済について、銀行に条件変更の相談をしましょう。\nまた、１月１日に住宅を所有している人は、その資産をもとに算定した固定資産税をお住まいの市町役場に支払います。\n空き家バンク\n空き家の賃貸・売却を希望する人が登録した情報を、空き家の利活用を希望する人に紹介する制度です。希望する市町役場の住宅課に空き家バンクがあるかたずねてください。\n- 空き家バンク (https://www.akiya-athome.jp/buy/25/)\n困ったときの相談窓口　（相談無料）\n入居中・契約の解除・明渡し時のトラブルなどの相談窓口：・滋賀県消費生活センター（彦根）/ TEL 0749-23-0999\n住宅取得や不具合、事業者とのトラブルなど様々な住宅についての相談窓口：・住まいるダイヤル/ TEL 03-3556-5147\n引っ越し先が決まったら、何をしたらいいのでしょう？\n届け出\nお住まいの市町役場に転出届を出します。引っ越し後14日以内に、新住所の役場に転居、転入届を出し、在留カードとマイナンバーカードの住所変更も行います。また、子どもさんがおられる方は、新しい保育園、幼稚園、学校への転入手続きも行います。職場、銀行への連絡や、運転免許証の住所変更も必要です。郵便局へ郵便物の転送届を出しておくと、引っ越し前の住所地に届いた郵便物を新住所に転送してもらえます。\n近所との付き合い\n日本では、引っ越した人が近所の人に挨拶をする習慣があります。近所の人と知り合って、ゴミの収集日や収集場所、災害時の避難場所など地域のルールを教えてもらいましょう。\n自治会\n地域ごとに住民が運営する自治会があります。自治会では、住民同士が地域での暮らしを良くするため、防犯、防災、美化活動を行ったり、地域の子どもたちがスポーツや祭りなどを楽しむ「子ども会」があるなど様々な活動をしています。それらの事業の運営のため、会員は自治会費を支払い、役割分担(ぶんたん)もあります。また、細かな地域の情報が掲載された「回覧板」が回ってきます。自治会は任意加入ですが、ゴミ収集場所の管理を自治会がしている場合など、加入が必要になることもあります。災害時などには近所同士の助け合いが必要になるので、近所とのお付き合いは大切にしましょう。\n※地域によって自治会の有無や活動内容、自治会費は異なりますので、必ず確認してください。""}, {""sid"": ""S4"", ""question"": ""在留について"", ""answer"": ""日本に住む外国人には、それぞれの滞在目的に従って在留資格と在留期間が与えられます。おのおのの「在留資格」には活動できる内容が厳格に規定されています。\n関連ページ\n出入国在留管理庁 (http://www.moj.go.jp/isa/index.html)\n在留関係の手続きについては\n在留関係手続き (https://www.moj.go.jp/isa/applications/index.html)\n入国後の在留関係の手続き\n滋賀県在住の方は、\n大阪入国管理局大津出張所\nで行います。\n大阪入国管理局大津出張所 (http://www.moj.go.jp/isa/about/region/osaka/index.html)\n大津市京町3-1-1 大津びわ湖合同庁舎6階　　℡：077-511-4231\n一般的な内容についての相談\n外国人在留インフォメーションセンター・ワンストップ型相談センター（入国管理局）に外国語で問い合わせることもできます。\n外国人在留インフォメーションセンター (http://www.moj.go.jp/isa/consultation/center/japanese.html)\n℡ 0570-013904（ＩＰ, ＰＨＳ, 海外: 03-5796-7112）\n新しい在留資格への移行により、平成24年7月9日より前の住所は住民票には記載されません。 ※これまで市区町村で保管されていた「外国人登録原票」は、平成24年7月9日から法務省で保管されています。\n外国人登録原票に係る開示請求について（法務省HPへリンク） (http://www.moj.go.jp/isa/applications/disclosure/foreigner.html)""}, {""sid"": ""S5"", ""question"": ""新型コロナウイルス感染症の影響を受けた方への生活支援について"", ""answer"": ""住居確保給付金（家主さんに直接支払われる家賃）\n対象\n離職・廃業から２年以内または休業等により収入が減少し、離職等と同程度の状況にある方\n支給期間\n原則３カ月（最長９カ月まで）\n支給額\n家賃相当額を自治体から家主さんに支給\n申請方法\n市にお住まいの方は各市。町にお住まいの方は各町の社会福祉協議会\nご案内\n住居確保給付金のご案内はこちらから (https://www.mhlw.go.jp/content/000626236.pdf)\n★滋賀県では県営住宅での一時的な受入れを行っています。\n対象\n新型コロナウイルスの感染症に起因する解雇等により住宅の退去を余儀なくされた方\n入居期間\n最長一年間\n申込方法\n県庁土木交通部住宅課へお電話　（℡　０７７－５２８－４２３４）\nその他、生活にお困りの方は、お住まいの市町の福祉課や社会福祉事務所で相談しましょう！""}]"
労災申請の記入,労災申請の記入については、まず事業主が加入義務のある労災保険の窓口である労働基準監督署に相談してください。申請には、怪我・病気の原因、発生日時、発生場所、治療内容、休業の有無・期間、賃金の支払い状況などの事実を明記します。詳しくは滋賀労働局の総合労働相談コーナーへご相談ください。,"[{""sid"": ""S1"", ""question"": ""労働災害"", ""answer"": ""外国人労働者（入国管理法における「不法就労者」を含む）も仕事場でケガをしたり、仕事が理由で病気になったり、死亡したり、あるいは職場への行きかえりに事故にあったりした場合には、医療費、仕事ができない分の補償、傷害が残ったときの補償等を労災保険から受けられます。この保険には、パートタイマー、アルバイトを問わず労働者を1人でも雇っている事業主は加入しなければならず、保険料については事業主が全額負担しなければなりません。 詳しいことは労働基準監督署に相談しましょう。""}, {""sid"": ""S2"", ""question"": ""労働トラブルの相談"", ""answer"": ""労働関係のトラブルがあった場合は、下記の労働基準監督署に相談しましょう。（労働契約、就労規則、給料明細などがあれば持参してください）""}, {""sid"": ""S5"", ""question"": ""新型コロナウイルス感染症の影響を受けた方への生活支援について"", ""answer"": ""住居確保給付金（家主さんに直接支払われる家賃）\n対象\n離職・廃業から２年以内または休業等により収入が減少し、離職等と同程度の状況にある方\n支給期間\n原則３カ月（最長９カ月まで）\n支給額\n家賃相当額を自治体から家主さんに支給\n申請方法\n市にお住まいの方は各市。町にお住まいの方は各町の社会福祉協議会\nご案内\n住居確保給付金のご案内はこちらから (https://www.mhlw.go.jp/content/000626236.pdf)\n★滋賀県では県営住宅での一時的な受入れを行っています。\n対象\n新型コロナウイルスの感染症に起因する解雇等により住宅の退去を余儀なくされた方\n入居期間\n最長一年間\n申込方法\n県庁土木交通部住宅課へお電話　（℡　０７７－５２８－４２３４）\nその他、生活にお困りの方は、お住まいの市町の福祉課や社会福祉事務所で相談しましょう！""}]"
オムツの注文,滋賀県国際協会の公式情報には、オムツの注文に関する具体的な案内は掲載されていません。従って、オムツの注文方法については、公式ウェブサイトや窓口での最新案内を参照してください。テキストに明確な手続きや連絡先が見つかり次第、改めてご案内します。,[]
会社の面接,滋賀県国際協会の情報に基づく回答として、面接自体についての特別な要件はS1～S5には記載がありません。したがって、面接の際には通常の応募手続きとして、履歴書等を準備し、面接日を調整することが一般的です。雇用保険や社会保険の加入時期などの制度的事項は、採用後の話題になることが多く、面接時には職務内容や応募条件の確認を中心に進められます。もし面接前後で社会保険に関する具体的な手続きや扱いについて知りたい場合は、正式な雇用契約成立後に会社側へ確認することをおすすめします。,"[{""sid"": ""S1"", ""question"": ""入社後、試用期間中の社会保険加入について"", ""answer"": ""「試用期間中は社会保険に加入できない」と言われたことはありませんか。\n日本で就職したときは社会保険に加入して、会社から保険証をもらいます。\n試用期間中は社会保険に入れないと誤解されることがありますが、それは違います。\n社会保険の加入にならないのは、短期アルバイトなど契約期間が2カ月以内の労働者です。 試用期間中は、その後の正式採用を前提とした雇用とみなされますから、雇用主は社会保険に試用期間開始当初から加入させなければなりません。\n試用期間中は市役所の国民健康保険にも入れませんので、無保険にならないよう会社側に社会保険の加入手続きを依頼しましょう。\n年金事務所では社会保険の加入ルールの窓口相談も行っていますので、ご活用ください。""}, {""sid"": ""S3"", ""question"": ""社会保険の適用拡大について"", ""answer"": ""2024年10月から従業員51人以上の会社にお勤めのパート・アルバイトの方も社会保険（厚生年金保険・健康保険）に加入できることになりました。\n[ 加入条件 ]\n週の労働時間20時間以上/ 月額賃金8.8万円以上/ 2ヵ月を超える雇用の見込みがある/ 学生ではない""}, {""sid"": ""S4"", ""question"": ""【健康保険シリーズ１】  日本の公的保険制度について"", ""answer"": ""日本の会社に就職して仕事を始めると、お給料から社会保険料が引かれていることに気が付くと思います。この“社会保険”とは何を指すのでしょうか。日本では様々な社会保険制度があり、国籍に関わらず皆さんが加入し保障を受けることができます。\n今回はその中の健康保険について、会社にお勤めの方と、そうでない方の違いを見てみましょう。\n会社で働いてお給料をもらっている方：会社を通じて社会保険に加入します。保険料は給料から天引きになりますが、保険料の半分を会社が負担してくれています。また、扶養の家族も一緒に加入することができます。家族は保険料がかかりません。健康保険と年金はセットで加入します。\n自営業・無職など会社にお勤めではない方（上記以外の方）：個人で国民健康保険に加入します。保険料はご自身でお住いの市役所に納める必要があります。保険料は家族分を含め、全額自己負担となります。同様に年金も、個人で国民年金に加入します。\n●　病院での支払いが3割で済むのはどちらも同じです。また医療費が高額になった時の給付、出産や死亡の時の給付も同じです。会社の社会保険には病気や出産で仕事を休んだ時に、お給料を一部保障する給付がありますが、国民健康保険にはありません。\n健康保険の加入と脱退の手続きについて\n会社に就職したとき：社会保険に加入するときは会社が手続きをしてくれますが、それまで加入していた国民健康保険の脱退の手続きは自分でする必要があります。保険料が二重で請求されることのないよう、お住いの市役所で脱退の手続きをしてください。\n会社を退職したとき：退職し社会保険の資格が喪失したときは、保険証は使えなくなっていますので、すぐに会社に返却しましょう。そして自分で市役所に行って国民健康保険に加入し、保険証をもらう手続きをする必要があります。他にも社会保険を任意で継続加入する、ご家族の扶養に入るといった選択肢もありますので確認してみてください。""}]"
入管手続きのアルバイト,滋賀県国際協会の情報には、入管手続きに関する具体的なアルバイトの手続きや要件は記載されていません。高校生の就労に関する一般的なガイドと相談窓口の案内（滋賀労働局など）はありますが、在留資格の取得や更新などの入管手続きについては、入国管理局または法務省の公式情報を参照してください。入管手続きに関する具体的な相談先としては、お住まいの地域の入国管理局や在留資格に詳しい弁護士・司法書士、各自治体の国際協会窓口に問い合わせると良いでしょう。,"[{""sid"": ""S1"", ""question"": ""高校生はアルバイトできますか？"", ""answer"": ""15歳になって最初の3月31日が過ぎた人は就労が認められます。在籍する高校の校則でアルバイトが許可されていれば高校生も働くことができますが、18歳未満の未成年であり、社会での経験がまだ浅いため、以下のように法律で守られています。\n- 就職に当たって、保護者の同意書、年齢証明書、在留カードの提示が求められます。\n- 仕事の内容では、危険や有害な業務について就業の制限又は禁止されています。\n- 就労時間については、深夜業や時間外・休日労働の制限/変形労働時間制の勤務も禁止されています。\n※不当な労働契約や賃金の未払い、パワハラ、セクハラなど劣悪な環境で働かせるブラックバイトもあるので、雇用契約時には、雇用契約書を取り交わし、内容を確認するようにしてください。\n※犯罪行為によって報酬を受け取る\n闇バイト\nが、SNSなどを通して広まっています。決して「高収入」だから、と軽い気持ちで応募してはいけません。身分証や家族の情報などを提供してしまうことによって犯罪組織から抜け出せない手口になっています。自分の個人情報やプライバシーに関することはむやみに提供しないように気を付けましょう。\nいじめ、いやがらせ、セクハラ、解雇など仕事の相談\n- 滋賀労働局　雇用環境・均等室　Tel 077-523-1190\n- 労働条件相談ほっとライン（多言語相談）\n- 闇バイトの相談　警察相談ダイヤル#9110""}]"
労災について,労災保険は、外国人労働者を含む雇用者が1人でも雇えば事業主が加入義務を負い、医療費・休業補償・後遺障害補償・死亡補償などを給付します。詳しくは最寄りの労働基準監督署へ相談してください。,"[{""sid"": ""S1"", ""question"": ""労働災害"", ""answer"": ""外国人労働者（入国管理法における「不法就労者」を含む）も仕事場でケガをしたり、仕事が理由で病気になったり、死亡したり、あるいは職場への行きかえりに事故にあったりした場合には、医療費、仕事ができない分の補償、傷害が残ったときの補償等を労災保険から受けられます。この保険には、パートタイマー、アルバイトを問わず労働者を1人でも雇っている事業主は加入しなければならず、保険料については事業主が全額負担しなければなりません。 詳しいことは労働基準監督署に相談しましょう。""}]"
労基の連絡先,滋賀労働局総合労働相談コーナーの連絡先をご案内します。電話番号は077-522-6648（日本語）です。所在地は大津市打出浜14-15滋賀労働総合庁舎4Fです。外国人労働者向け相談ダイヤルは以下のとおりです。英語 0570-001701／中国語 0570-001702／ポルトガル語 0570-001703／スペイン語 0570-001704／タガログ語 0570-001705です。必要に応じてご利用ください。,"[{""sid"": ""S2"", ""question"": ""派遣労働についての新しいルール等を知って、就労に役立てましょう！"", ""answer"": ""■派遣受け入れ期間の制限と労働契約の申し込み義務について\n一部の業務を除き、派遣先で派遣労働者を受け入れることのできる期間には最長３年の制限があります。期間制限を超えてその業務について派遣労働者を仕事をさせる場合などは、派遣先は派遣労働者へ労働契約の申込みをしなければなりません。 2015年の労働者派遣法改正法で、派遣として、同じ事業所で同じ仕事を３年を超えて働くことは、基本的にできないことになりました。一定の手続きを経れば、３年を超えて働くことはできますが、異なる「課」などへ移動することが必要です。2018年９月より、同じ事業所の同じ「課」などに、継続して３年派遣される見込みとなった場合には、派遣元事業主（派遣会社）から下記の雇用安定措置（義務）を受け取ることが可能です。 （１年以上３年未満派遣見込みの方には、努力義務の対象。「派遣元で無期雇用されている派遣労働者」や「６０歳以上の派遣労働者」などは、雇用安定措置の対象外）\n対象：2015年９月３０日以降に労働者派遣契約を締結・更新した派遣労働者\n△　雇用安定措置の内容（義務）\n派遣元事業主は、以下の1.～4.のいずれかの措置を講じる必要があります。また、1.を講じて直接雇用に結び付かなかった場合には、別途2.～4.のいずれかの措置を講じる必要があります\n1. 派遣先への直接雇用の依頼（派遣先が同意すれば、派遣先の社員となります）\n2. 新たな派遣先の提供（その条件が派遣で働く方の能力、経験に照らして合理的なものに限る）\n3. 派遣元での派遣労働者以外としての無期雇用\n4. その他雇用の安定を図るための措置\n注意\n- 雇用安定措置の対象となるには、派遣元事業主に対し、派遣終了後も継続して就業することを希望することが必要です。雇用安定措置1.～4.のうち、派遣元事業主に講じてもらいたいものを希望することができます。\n- 派遣先が、派遣労働者を禁止業務（港湾運送業務、建設業務、警備業務、医療関連業務）に従事させたり、期間制限に違反して労働者派遣を受け入れたなどの場合には、その派遣労働者に対して労働契約の申し込みをしたとみなされます。\n■無期雇用への転換推進措置について\n2018年４月から無期雇用の申請受付も始まっています。有期労働契約が2013年４月以降、反復して更新されて通算５年を超えたときは、労働者の申し込みにより、次回の契約から期間の定めのない労働契約に転換できます。（詳しくはみみタロウ１２６号）\n労働についての相談窓口\n滋賀労働局総合労働相談コーナー　℡：077-522-6648　（日本語）\n大津市打出浜１４－１５滋賀労働総合庁舎４Ｆ\n「外国人労働者向け相談ダイヤル」10:00～15:00\n- 英語　　　　　月～金　　　℡ 0570-001701\n- 中国語　　　　月～金　　　℡ 0570-001702\n- ポルトガル語　月～金　　　℡ 0570-001703\n- スペイン語　　火、木、金　℡ 0570-001704\n- タガログ語　　火、水　　　℡ 0570-001705""}]"
脱退一時金について,日本国籍を有しない方が、国民年金又は厚生年金の被保険者資格を喪失し、日本を出国した場合、日本に住所がなくなった日から2年以内に脱退一時金を請求することができます。帰国する外国人が6ヶ月以上加入していれば、脱退一時金を受け取ることができます。,"[{""sid"": ""S1"", ""question"": ""脱退一時金 　＜公的年金の受給資格がないけれど、帰国する場合など＞"", ""answer"": ""日本国籍を有しない方が、国民年金又は厚生年金の被保険者資格を喪失し、日本を出国した場合、日本に住所がなくなった日から２年以内に脱退一時金を請求することができます。帰国する外国人が６ヶ月以上加入していれば、脱退一時金を受け取ることができます。""}]"
日本とベトナムでの結婚の手続きについて,滋賀県国際協会の情報に基づくと、日本とベトナムでの結婚手続きは以下の通りです。まず、日本国内で婚姻する場合は双方の本国法と日本法に従って手続きを行い、必要書類の日本語訳を揃えます。ベトナム側の婚姻手続きについてはベトナムの本国領事館または大使館へ問い合わせてください。本国で定める婚姻要件と必要書類を揃えて、日本の市区町村役場の戸籍係へ婚姻届を提出します。国際結婚に関する詳しい身分事項・書類の日本語訳の要件は在日公館へ確認してください（運用は国ごとに異なります）。なお、具体的な手続きの進め方・提出先はお住まいの市町村役場にもご相談ください。,"[{""sid"": ""S1"", ""question"": ""婚姻届"", ""answer"": ""- 外国人が日本国内で結婚する場合は両人の本国の法律と日本の法律にしたがって婚姻の手続きをしなければなりせん。\n- 本国の在日領事館または、大使館に婚姻の手続きについて問い合わせてください。\n- 婚姻に関しては、本国で定められている婚姻法に従って、必要書類をそろえ手続きをしてください。（書類の日本語訳文も必要です）\n- 婚姻届を届出人の所在地の市町村役場の戸籍係に提出してください。""}]"
貸付金の返済について,滋賀県社会福祉協議会などの教育貸付制度を含む公的ローンは、無利子または有利子のものがあり、返済計画を立てることが重要です。教育支援金（生活福祉資金教育貸付）は無利子、就学関連の貸付は無利子または有利子の区別があり、申込先は滋賀県の窓口（例：滋賀県社会福祉協議会、滋賀県健康医療福祉部子ども・青少年局、就学先の案内）へ連絡します。返済条件は制度ごとに異なるため、借りる前に金利・返済期間・返済方法を必ず確認してください。もし教育一般貸付（国の教育ローン）を利用する場合は日本政策金融公庫の情報を参照してください。,"[{""sid"": ""S2"", ""question"": ""教育資金貸付制度、教育ローン"", ""answer"": ""＊在留資格について、制約がある場合があります。\n金利、返済期間等について、確認してから借りましょう。\n生活福祉資金教育貸付 (教育支援金)\n[対象者] 低所得者世帯\n[連絡先・備考] 滋賀県社会福祉協議会 　 TEL：077-567-3903\n＊無利子\nひとり親家庭・寡婦福祉資金の修学資金、就学支度金の貸付\n[対象者] 母子父子家庭\n[連絡先・備考]\n滋賀県健康医療福祉部子ども・青少年局 TEL：077-528-3554\n大津市在住者は大津こども家庭課　 TEL：077-528-2686\n＊無利子\n教育一般貸付 国の教育ローン\n[連絡先・備考]\n日本政策金融公庫 (https://www.jfc.go.jp/n/finance/search/ippan.html)\n教育コールセンター TEL：0570-008656\n＊有利子\n銀行の教育ローン\n[連絡先・備考] 各銀行（銀行により金利が異なります）\n＊有利子""}, {""sid"": ""S3"", ""question"": ""教育資金"", ""answer"": ""子ども達の進学のため、教育資金の準備はできていますか？教育資金が不足する場合、銀行のローンの他、次のような制度を利用して、お金を借りることができます。\n（概ね、永住者、日本人の配偶者等、永住者の配偶者等、定住者対象）\n▲ローンや奨学金を利用する際は、返済に困らないような計画を立てましょう！""}]"
仕事探し,滋賀県国際協会の情報に基づくと、日本国内で就労できる外国人は公的機関で職業紹介を受けることができます。職業紹介や就労相談は公共職業安定所（ハローワーク）で対応しています。,"[{""sid"": ""S1"", ""question"": ""求職"", ""answer"": ""日本国内で就労できる外国人の方は日本人と同じように職業紹介を受ける事ができます。\n公共職業安定所　(ハローワーク)\n職業紹介、就労に関する相談などに応じる国の機関が公共職業安定所です。\n仕事が見つかり労働契約を結ぶ時の重要な決まりや雇用保険についてなど、いろいろな相談も合わせて行われています。""}]"
英語で受けれるカウンセリング,滋賀県国際協会の情報では、英語でのカウンセリングに関する具体的な情報は公開されていません。OTIT外国人技能実習機構の母国語相談が英語対応を含む旨の案内はS2にありますが、滋賀県内の英語カウンセリング窓口の詳細は提供されていません。必要に応じて、滋賀県健康医療福祉部薬務感染症対策課やしが外国人相談センター等への問い合わせを英語で対応可能か確認するとよいでしょう。,"[{""sid"": ""S1"", ""question"": ""エイズの無料相談・検査のお知らせ"", ""answer"": ""- 匿名で検査を受けられます。\n- 梅毒の検査も一緒にできます。\n- 曜日・時間：HPで確認してください\n- 場所：県内保健所（大津市・草津・甲賀・東近江・彦根・長浜・高島）\n- 検査は電話予約が必要です。\n- 当日に検査結果をお渡しできない場合があります。（２～３週間後）\n問合せ先\n県内保健所（日本語のみ対応可能）\nしが外国人相談センター（日本語以外）\nTel 077-523-5646""}, {""sid"": ""S2"", ""question"": ""技能実習について"", ""answer"": ""OTIT外国人技能実習機構　母国語相談\nTel 0120-250-147（英語 English）\nTel 0120-250-169 （中国語 中文）\nTel 0120-250-197（タガログ語 Tagalog）\nTel 0120-250-197（タガログ語 Tagalog）\nTel 0120-250-168（ベトナム語 Tiếng Việt）\nTel 0120-250-192（インドネシア語 Indonesia）　 　等々""}, {""sid"": ""S3"", ""question"": ""エイズ検査と相談"", ""answer"": ""エイズやHIV感染について不安に思うとき、抗体検査を保健所で受けましょう。相談、検査とも匿名、無料（原則）で受けられます。\n\nまた、滋賀県健康医療福祉部薬務感染症対策課内には専用電話を設置し、カウンセラーによる電話相談と面接を受け付けています。\nエイズ専用電話\n- 077-524-0051\n- 受付時間: 毎週月、水曜日　午前9時～12時""}]"
末期患者に関する手続き,末期患者に関する手続きについて、滋賀県国際協会の公開情報には直接の手続き案内はありません。よって、死亡届や年金等の一般的要件の案内（例：死亡届は医師の死亡診断書添付の上、7日以内に届出、在留カードの扱い等）を参照してください。末期患者に関する具体的な手続きはお住まいの市町村役場・医療機関・介護支援窓口へご相談ください。,"[{""sid"": ""S1"", ""question"": ""死亡届"", ""answer"": ""- 死亡届は医師が発行する死亡診断書を添付の上、同居の親族、その他同居者等が死亡後7日以内に届出人の所在地の市町村役場に提出してください。\n- 在留カードを死亡14日以内に返してください。""}]"
税金申告について,税金申告については、住民税を含む確定申告が必要な場合があります。確定申告の期間は通常2月16日から3月15日で、医療費控除や住宅ローン控除の訂正、源泉徴収されていない収入がある場合などは提出します。給与所得者で給与所得が2000万円以下の場合、所得税は給与から差し引かれるため原則申告の必要はありません。外国語版の扶養控除等申告書などの申告書は国税庁サイトで公開されています。滋賀県居住者は住民税の申告・納付があり、確定申告等に基づいて市町村へ申告します。,"[{""sid"": ""S3"", ""question"": ""所得税"", ""answer"": ""所得のある人は所得税を納めなければなりません。所得は国籍に関わらず1月1日から1年間に得た個人所得のすべてに課税されます。しかし外国人の税金は滞在期間や職種などにより、次のとおりの方法で扱われます。\n- 日本に住所を持ち、または日本に引き続き1年以上居所を有する者や日本に永住しようとしている者で現在まで引き続き5年以上滞在しているものは、外国と日本の所得の両方に基づく税を支払います。\n- 日本に住所を有し、または現在まで引き続いて1年以上居所を有する個人で、日本に永住するつもりがなくかつ現在まで引き続いて5年以内滞在の一時的な居住者は、日本の所得と海外から送られてきたお金に基づく税を支払います。\n- 日本に1年以内の滞在期間で住所を持たないものは、日本の所得だけに基づく税を払います。\n納税者は管轄されている税務署で確定申告を提出します。申告の期間は2月16日から3月15日です。給与収入2000万円以下の給与所得の場合の所得税は、給与から直接差し引かれますので、通常給与所得者は所得税の申告書を提出する必要はありません。""}, {""sid"": ""S4"", ""question"": ""年末調整の各種申告書（扶養控除等申告書など）について"", ""answer"": ""国税庁のウェブサイト内で、《外国語版》各種申告書（扶養控除等申告書など）が公開されています。\n【６言語版】\n英語、中国語、ポルトガル語、スペイン語、ベトナム語、フィリピノ語\nご活用ください。""}, {""sid"": ""S5"", ""question"": ""住民税"", ""answer"": ""滋賀県の居住者は、県民税と市町村民税を支払います。これらの税は住民税といわれ、住所地の市町村を管轄する税務署に提出されている確定申告などに基づいて計算されます。住民税は国籍に関わらず、1月1日から1年間に得た個人所得のすべてに課税されます。外国人の税金は、滞在期間や職種などにより別の方法で扱われます。\n\n住民税は次のように課税されます。\n- 国籍に関わらず、1月1日に日本に住所をもち、1年以上日本に滞在する場合。\n- 1月1日現在１年以内の居住期間でも、入国後継続して1年以上日本に居住することを通常必要とする職業を有する場合。\n住民税を支払うため、1月1日現在に住所地のある市町村へ申告しなければなりません。""}]"
中学生の出産,滋賀県の公立中学校は義務教育の対象であり、出産による中学在籍の扱いについてはS1～S4の情報には直接触れられていません。一般的なケースとして、中学在籍中に妊娠・出産が判明した場合は、学校と保護者・関係機関が連携して児童生徒の学習継続の支援や就学・進路の相談が行われることが想定されます。就学援助制度は公立中学校の費用負担軽減を目的としており、生活保護対象等の家庭を支援しますが、妊娠・出産に特化した制度の案内は掲載されていません。具体的な対応は在籍校の先生や教育委員会に個別に相談してください。,"[{""sid"": ""S2"", ""question"": ""子育て応援シリーズ④ 日本の中学生活とは？"", ""answer"": ""中学校では、小学校の時とは授業内容や学校生活で様々な変化があります。安心して中学生活が送れるよう、中学校について少しご紹介しましょう！\n滋賀県には市町立中学校が93校あります。その他に国立中学校、県立中学校、私立中学校、義務教育学校（小中一貫校）、または特別支援学校あります。（2024年4月1日現在）\n市町立中学校はお住まいの学区によって行く学校が決まっています。\n国立・県立・私立中学への進学を希望する場合は受験があります。受験を希望する人は、小学校高学年くらいから学校の先生と相談して進路を決めていきましょう。\n学校生活について\nQ　中学校ではどのような教科を学びますか？\nA　中学校では主に９つの科目（国語、数学、社会、理科、英語、音楽、美術、保健体育、技術・家庭）を勉強し、教科によって先生が違います。年に4，5回定期試験（中間試験、期末試験）があります。また年に数回実力テストもあり、このテストの結果は進学先を考えるときに参考にします。成績は定期試験の結果、授業への参加状況や遅刻、欠席の状況、提出物（ノートや宿題）で評価され、高校進学にも関わる重要なものです。中学校は義務教育なので落第はありません。\nQ　部活動とは何ですか？\nA　生徒の自主的な活動として部活動があり、基本的に加入は自由です。運動部（野球、サッカー、バスケットボール、陸上、テニスなど）と文化部（美術、吹奏楽、手芸、演劇など）があり、部活動の種類は学校によって異なります。主に放課後や休日に活動します。異なる学年の生徒との交流もあり、大会やコンクールに参加することもあります。\nQ　その他学校生活について教えてください。\nA　多くの中学校では学校ごとに制服があります。制服には夏服と冬服があり、夏服は6月から１０月、冬服は10月から6月まで着ます。体操服も学校で決められたものを着ます。\n通学は学校によって自転車や電車通学が認められているところもあります。自転車通学では、鍵の取り付けやヘルメットの着用、自転車保険への加入が必要です。交通ルールを守って登下校しましょう。\n「中学生チャレンジウィーク」があります。働く大人の姿にふれ、自分の生き方を考える機会として中学２年の時期に５日間の職場体験を経験します。（滋賀県内のすべての公立中学校で実施しています）\nQ　子どもの学校での様子が気になります…。\nA　個人面談の時などで子どもの学校生活や学習についての相談ができます。中学３年生になると、三者面談があり、卒業後の進路や高校受験について生徒・保護者・先生で話し合います。また心配なことがあればその都度先生に相談しましょう。\nQ　中学校でかかる費用にはどのようなものがありますか？\nA　授業料、教科書代は無料ですが、入学準備の費用（制服、体操着、水着、体育館シューズ、カバン、部活動の道具など）や、通年の費用（給食費、副教材・学用品費、PTA会費、遠足・修学旅行費、部活動費、通学関連費など）が必要です。\n※就学援助制度：公立の中学校に就学している生徒の保護者に学用品、通学用品、PTA会費等就学に必要な費用の一部を援助する制度です。生活保護対象の保護者、およびそれに準ずる保護者が対象です。在籍している学校、または市町教育委員会にお問い合わせください。""}, {""sid"": ""S4"", ""question"": ""子育て応援シリーズ4 日本の中学生活とは？"", ""answer"": ""中学校では、小学校の時とは授業内容や学校生活で様々な変化があります。安心して中学生活が送れるよう、中学校について少しご紹介しましょう！\n滋賀県には市町立中学校が93校あります。その他に国立中学校、県立中学校、私立中学校、義務教育学校（小中一貫校）、または特別支援学校あります。（2024年4月1日現在）\n市町立中学校はお住まいの学区によって行く学校が決まっています。\n国立・県立・私立中学への進学を希望する場合は受験があります。受験を希望する人は、小学校高学年くらいから学校の先生と相談して進路を決めていきましょう。\n学校生活について\nQ　中学校ではどのような教科を学びますか？\nA　中学校では主に９つの科目（国語、数学、社会、理科、英語、音楽、美術、保健体育、技術・家庭）を勉強し、教科によって先生が違います。年に4，5回定期試験（中間試験、期末試験）があります。また年に数回実力テストもあり、このテストの結果は進学先を考えるときに参考にします。成績は定期試験の結果、授業への参加状況や遅刻、欠席の状況、提出物（ノートや宿題）で評価され、高校進学にも関わる重要なものです。中学校は義務教育なので落第はありません。\nQ　部活動とは何ですか？\nA　生徒の自主的な活動として部活動があり、基本的に加入は自由です。運動部（野球、サッカー、バスケットボール、陸上、テニスなど）と文化部（美術、吹奏楽、手芸、演劇など）があり、部活動の種類は学校によって異なります。主に放課後や休日に活動します。異なる学年の生徒との交流もあり、大会やコンクールに参加することもあります。\nQ　その他学校生活について教えてください。\nA　多くの中学校では学校ごとに制服があります。制服には夏服と冬服があり、夏服は6月から１０月、冬服は10月から6月まで着ます。体操服も学校で決められたものを着ます。\n通学は学校によって自転車や電車通学が認められているところもあります。自転車通学では、鍵の取り付けやヘルメットの着用、自転車保険への加入が必要です。交通ルールを守って登下校しましょう。\n「中学生チャレンジウィーク」があります。働く大人の姿にふれ、自分の生き方を考える機会として中学２年の時期に５日間の職場体験を経験します。（滋賀県内のすべての公立中学校で実施しています）\nQ　子どもの学校での様子が気になります…。\nA　個人面談の時などで子どもの学校生活や学習についての相談ができます。中学３年生になると、三者面談があり、卒業後の進路や高校受験について生徒・保護者・先生で話し合います。また心配なことがあればその都度先生に相談しましょう。\nQ　中学校でかかる費用にはどのようなものがありますか？\nA　授業料、教科書代は無料ですが、入学準備の費用（制服、体操着、水着、体育館シューズ、カバン、部活動の道具など）や、通年の費用（給食費、副教材・学用品費、PTA会費、遠足・修学旅行費、部活動費、通学関連費など）が必要です。\n※就学援助制度：公立の中学校に就学している生徒の保護者に学用品、通学用品、PTA会費等就学に必要な費用の一部を援助する制度です。生活保護対象の保護者、およびそれに準ずる保護者が対象です。在籍している学校、または市町教育委員会にお問い合わせください。""}]"
求人ポスターの掲示依頼,滋賀県国際協会の情報だけを根拠にした事実ベースの回答: 求人ポスターの掲示依頼について、提供された情報には具体的な掲示依頼の手順や窓口は記載されていません。求人・就労に関する相談や職業紹介は公共職業安定所（ハローワーク）が行う国の機関であると説明されています。掲示依頼の可否や手続きについては、ハローワークまたは地域の関連窓口に直接お問い合わせください。,"[{""sid"": ""S1"", ""question"": ""求職"", ""answer"": ""日本国内で就労できる外国人の方は日本人と同じように職業紹介を受ける事ができます。\n公共職業安定所　(ハローワーク)\n職業紹介、就労に関する相談などに応じる国の機関が公共職業安定所です。\n仕事が見つかり労働契約を結ぶ時の重要な決まりや雇用保険についてなど、いろいろな相談も合わせて行われています。""}]"
相談者についての相談,滋賀県国際協会の情報を根拠にする限り、相談者についての特定の情報は提供されていません。一般的な相談窓口としては、労働トラブルは労働基準監督署、子どもの悩みは学校やこどもの人権110番・チャイルドライン・24時間子供SOSダイヤル、離婚関連は家庭裁判所の調停・関係機関の案内を参照してください。必要であれば、具体的な相談内容を教えてください。,"[{""sid"": ""S1"", ""question"": ""労働トラブルの相談"", ""answer"": ""労働関係のトラブルがあった場合は、下記の労働基準監督署に相談しましょう。（労働契約、就労規則、給料明細などがあれば持参してください）""}, {""sid"": ""S2"", ""question"": ""離婚についての話し合いがうまくいきません。"", ""answer"": ""家庭裁判所の調停で話し合うことができます。（日本語）\n- 大津家庭裁判所 　℡　077-503-8151\n- 大津家庭裁判所 彦根支部 　℡　0749-22-0167\n- 大津家庭裁判所 長浜支部 　℡　0749-62-0240\n- 京都外国人の夫婦と親子に関する紛争解決センター 　℡　075-692-3555""}, {""sid"": ""S3"", ""question"": ""悩まず、すぐ相談！"", ""answer"": ""各市町役場　障害福祉担当課\n滋賀県立障害者福祉センター　心身障害者の相談・障害者のスポーツセンター\n（プール、トレーニング室などあり）\n草津市笠山８丁目５番１３０号　℡　077-564-7327\n滋賀県総合教育センター　特別支援教育相談　　発達障害等の子どもについての相談。\n来所（要予約）電話相談　9:00-12:30　13:00-16:30\n野洲市北桜　℡　077-588-2505""}, {""sid"": ""S4"", ""question"": ""困りごとがあれば学校に相談しましょう！"", ""answer"": ""学校ではたくさんの手紙が配(られるので、わからない場合は先生に確認したり、面談の時には通訳をお願いしましょう。悩みや問題があれば、先生やスクールカウンセラーに相談しましょう。\n学校以外で子どもが相談できるところ\n自分のこと、友達のこと、家族のこと、その他の事で悩み、困っていることがあれば相談してください。\n- こどもの人権110番 0120-007-110　月～金8:30 -17:15\n- チャイルドライン 0120-99-7777　毎日　16:00 - 21:00\n- 24時間子供SOSダイヤル 0120-0-78310　2４時間対応（年末年始も可）""}, {""sid"": ""S5"", ""question"": ""困りごとがあれば学校に相談しましょう！"", ""answer"": ""学校ではたくさんの手紙が配られるので、わからない場合は先生に確認したり、面談の時には通訳をお願いしましょう。悩みや問題があれば、先生やスクールカウンセラーに相談しましょう。\n学校以外で子どもが相談できるところ\n自分のこと、友達のこと、家族のこと、その他の事で悩み、困っていることがあれば相談してください。\n- こどもの人権110番 0120-007-110　月～金　8:30 -17:15\n- チャイルドライン 0120-99-7777　毎日　16:00 - 21:00\n- 24時間子供SOSダイヤル 0120-0-78310　2４時間対応（年末年始も可）""}]"
食糧支援希望,滋賀県の公的情報として、具体的な食糧支援の案内は本文に含まれていません。生活に困った場合は市役所の福祉の窓口や社会福祉協議会へ相談することが案内されています（S3参照）。また、ヤングケアラー支援や子ども食堂など、地域の支援団体が紹介されている情報がありますが、直接の食糧支援の案内はありません。必要であれば市町相談窓口の案内PDFを参照してください。支援を受けるにはまずお住まいの市町の窓口へ相談してください。,"[{""sid"": ""S3"", ""question"": ""生活に困ったら"", ""answer"": ""市役所の福祉の窓口または、社会福祉協議会に相談しましょう。\n社会的包摂サポートセンター　よりそいホットライン\nTel: 0120-279-338""}]"
法律相談について,滋賀県国際協会の情報のみを根拠に回答します。法律相談については、法テラスの利用が案内されています（日本語・多言語あり）。滋賀での窓口としては、法テラス滋賀の連絡先が示されています。必要に応じて、滋賀弁護士会の連絡先も活用できます。,"[{""sid"": ""S1"", ""question"": ""法律についての相談は"", ""answer"": ""法テラス\n℡　0570-078374（日本語）\n℡　0570-078377（英語、中国語、韓国語、スペイン語、ポルトガル語、ベトナム語、タガログ語)\n℡　03-5366-6008（多言語ダイヤル）\n法テラス滋賀\n大津市浜大津1-2-22　大津商中日生ビル５Ｆ\n℡　050-3383-5454\n滋賀弁護士会\n大津市梅林１-３-３""}]"
労災申請について,滋賀県国際協会の情報に基づくと、労災保険は外国人労働者を含むすべての労働者が対象であり、事業主は1人でも雇用していれば加入義務があります。労災申請や相談は最寄りの労働基準監督署へ。必要な持ち物や手続きの詳細は監督署に直接問い合わせるとよいです。なお、労災保険の給付には医療費、休業補償、後遺障害補償、遺族補償などが含まれ、勤務中の事故や通勤時の事故も対象となります。詳しい手続きや申請方法は監督署へご相談ください。,"[{""sid"": ""S1"", ""question"": ""労働災害"", ""answer"": ""外国人労働者（入国管理法における「不法就労者」を含む）も仕事場でケガをしたり、仕事が理由で病気になったり、死亡したり、あるいは職場への行きかえりに事故にあったりした場合には、医療費、仕事ができない分の補償、傷害が残ったときの補償等を労災保険から受けられます。この保険には、パートタイマー、アルバイトを問わず労働者を1人でも雇っている事業主は加入しなければならず、保険料については事業主が全額負担しなければなりません。 詳しいことは労働基準監督署に相談しましょう。""}]"
個人事業主について,個人事業主についての直接的な情報はS1〜S5の範囲には含まれていません。従って滋賀県国際協会の情報のみを根拠に事実ベースで回答すると、個人事業主に関する具体的な規定は示されていません。個人事業主に関する一般的な法令適用や手続きなどを知りたい場合は、別途公的機関の情報をご確認ください。,"[{""sid"": ""S1"", ""question"": ""退職するときは"", ""answer"": ""自己都合による退職\n退職については、通常就業規則に定めがありますので、あらかじめその内容や手続きについて確認しておきましょう。 　なお、民法（第627条）によれば、期間に定めのない労働契約の場合は，原則として退職の申し入れから２週間後に契約は終了するものとされています。\nただし、急に「辞めたい」と申し入れることは、会社にとっては事務引継ぎなどで困ることもありますので、退職の時期等については会社と充分話し合うことが望ましいでしょう。\n事業主からの解雇\n解雇に当たっては、雇用者は労働者に少なくとも30日前にその予告をする必要があり、30日前に予告しない場合には30日に不足する日数分の平均賃金（解雇予告手当）を支払う必要があります。（労働基準法20条、21条）。""}, {""sid"": ""S2"", ""question"": ""正社員と非正規社員との間の不合理な待遇差が禁止されました！（2020年４月１日施行。中小企業における適用は、2021年４月１日。）"", ""answer"": ""同一企業内における正社員（無期雇用フルタイム労働者）とパートタイム労働者・有期 雇用労働者との間の不合理な待遇の差をなくし、どのような雇用形態を選択しても待遇 に納得して働き続けることができるよう、パートタイム・有期雇用労働法や施行規則、 同一労働同一賃金ガイドライン、パートタイム・有期雇用労働指針が施行されます。\n１ 不合理な待遇差の禁止\n同一企業内において、正社員と非正規雇用労働者との間で、基本給や賞与などの あらゆる待遇について、不合理な待遇差を設けることが禁止されます。 ガイドライン（指針）において、どのような待遇差が不合理に当たるかを例示します。\n２ 労働者に対する待遇に関する説明義務の強化\n非正規雇用労働者は、「正社員との待遇差の内容や理由」などについて、事業主に 説明を求めることができるようになります。 事業主は、非正規雇用労働者から求めがあった場合は、説明をしなければなりません。\n３　行政による事業主への助言・指導等や裁判外紛争解決手続き（行政ADR）の整備\n都道府県労働局において、無料非公開の紛争解決手続きを行います。　「均等待遇」や「待遇差の内容・理由に関する説明」についても、行政ADRの対象となります。\nお問い合わせ　滋賀労働局　077-522-6648""}, {""sid"": ""S3"", ""question"": ""日本の労働関係法令（事業主側に求められていること ）"", ""answer"": ""国籍を理由とする差別的取り扱いの禁止\n使用者は、労働者の国籍、信条又は社会的身分を理由として、賃金、労働時間、その他の労働条件について、差別的取り扱いをしてはならないとされています。（労働基準法　第3条）\n労働条件の明示\n使用者は、労働契約を締結するにあたって、賃金、労働時間その他の労働条件を労働者に明示しなければなりません。特に賃金に関する事項は、書面で明示することが必要です。（労働基準法15条）\nまた、雇い入れにあたっては、賃金、労働時間等の主要な労働条件について、外国人労働者が理解できるようその内容を明らかにした書面（雇入通知書）を交付するよう求められています。\n強制労働･中間搾取の禁止\n使用者は、暴行や脅迫等で、労働者の意思に反して労働を強制してはなりません。\nまた、法令に基づいて許される場合のほか、業として他人の就職に介入して利益を得てはなりません。\n労働契約の不履行について違約金，損害賠償額を予定する契約の禁止\n契約期間満了前の退職等，労働者側の労働契約不履行について違約金を定めたり、損害賠償の額を予定する契約をすることは禁止されています。（労働基準法第16条）\n労働災害にあって療養中の労働者に対する解雇の制限\n業務上負傷し、又は疾病にかかり療養のために休業する期間及びその後30日間の解雇は禁止されています。(労働基準法第19条)\n解雇の予告\n労働者を解雇する場合には、少なくとも30日前に予告する必要があります。30日前に予告しない場合には30日に不足する日数分の平均賃金 (解雇予告手当)を支払う必要があります。\nただし、天災などのやむを得ない事由のために事業の継続が不可能になった場合や、労働者の責に帰すべき事由により解雇する場合はこの限りではありませんが、その場合、労働基準監督署長による解雇予告の除外認定を受けることが必要です。（労働基準法第20条､第21条）\n賃金の支払い\n賃金は､通貨で､労働者に対し直接に､全額を､毎月1回以上、一定期日を定めて支払わなければなりません。ただし、税金、雇用保険料などの法定控除及び組合費などの労使協定による控除は全額払いの例外となります。(労働基準法第24条)\n最低賃金\n使用者は労働者に対し最低賃金額以上の賃金を支払わなくてはなりません。最低賃金には、地域別最低賃金と産業別最低賃金があります。(最低賃金法)\n労働時間､休日\n法定労働時間は、1日8時間、1週間40時間 (一部の規模・業種の事業場については46時間)となっています。(労働基準法第32条。第40条)法定の休日は、週について１日又は４週について４日以上とされています。(労働基準法第35条)\n時間外・休日労働及び深夜労働の割増賃金\n法定の労働時間を延長し､法定の休日に労働させるには、法令で定められた一定の手続きが必要とされています。（労働基準法第36条）\nまた、法定の労働時間を超える労働に対しては､通常の労働時間または労働日の賃金の25％以上の率、法定の休日における労働に対しては、35％以上の率で計算した割増賃金を支払わなければなりません。\nさらに、深夜（午後10時から午前5時まで）における労働に対しても、25％以上の率で計算した割増賃金を支払わなければなりません。（労働基準法第37条）\n年次有給休暇\n6ヶ月間継続勤務し、全労働の8割以上出勤した労働者に対しては､年次有給休暇を与えなければなりません。（労働基準法第39条）\n金品の返還\n我が国に在留する外国人は、旅券又は外国人登録証明書を常時携帯する必要がある（入管法第23条）ので、事業主は旅券等を保管しないこととされています。\nまた、労働者が退職する際に、請求があった場合、7日以内に当該労働者の権利に属する金品を返還しなければなりません。（労働基準法第23条）\n安全衛生\n労働者の安全と衛生を確保するため、安全衛生教育（雇入れ時の教育等）、健康診断の実施等、労働者の危険又は健康障害を防止するための措置を講じなければなりません。（労働安全衛生法）""}, {""sid"": ""S4"", ""question"": ""派遣労働についての新しいルール等を知って、就労に役立てましょう！"", ""answer"": ""■派遣受け入れ期間の制限と労働契約の申し込み義務について\n一部の業務を除き、派遣先で派遣労働者を受け入れることのできる期間には最長３年の制限があります。期間制限を超えてその業務について派遣労働者を仕事をさせる場合などは、派遣先は派遣労働者へ労働契約の申込みをしなければなりません。 2015年の労働者派遣法改正法で、派遣として、同じ事業所で同じ仕事を３年を超えて働くことは、基本的にできないことになりました。一定の手続きを経れば、３年を超えて働くことはできますが、異なる「課」などへ移動することが必要です。2018年９月より、同じ事業所の同じ「課」などに、継続して３年派遣される見込みとなった場合には、派遣元事業主（派遣会社）から下記の雇用安定措置（義務）を受け取ることが可能です。 （１年以上３年未満派遣見込みの方には、努力義務の対象。「派遣元で無期雇用されている派遣労働者」や「６０歳以上の派遣労働者」などは、雇用安定措置の対象外）\n対象：2015年９月３０日以降に労働者派遣契約を締結・更新した派遣労働者\n△　雇用安定措置の内容（義務）\n派遣元事業主は、以下の1.～4.のいずれかの措置を講じる必要があります。また、1.を講じて直接雇用に結び付かなかった場合には、別途2.～4.のいずれかの措置を講じる必要があります\n1. 派遣先への直接雇用の依頼（派遣先が同意すれば、派遣先の社員となります）\n2. 新たな派遣先の提供（その条件が派遣で働く方の能力、経験に照らして合理的なものに限る）\n3. 派遣元での派遣労働者以外としての無期雇用\n4. その他雇用の安定を図るための措置\n注意\n- 雇用安定措置の対象となるには、派遣元事業主に対し、派遣終了後も継続して就業することを希望することが必要です。雇用安定措置1.～4.のうち、派遣元事業主に講じてもらいたいものを希望することができます。\n- 派遣先が、派遣労働者を禁止業務（港湾運送業務、建設業務、警備業務、医療関連業務）に従事させたり、期間制限に違反して労働者派遣を受け入れたなどの場合には、その派遣労働者に対して労働契約の申し込みをしたとみなされます。\n■無期雇用への転換推進措置について\n2018年４月から無期雇用の申請受付も始まっています。有期労働契約が2013年４月以降、反復して更新されて通算５年を超えたときは、労働者の申し込みにより、次回の契約から期間の定めのない労働契約に転換できます。（詳しくはみみタロウ１２６号）\n労働についての相談窓口\n滋賀労働局総合労働相談コーナー　℡：077-522-6648　（日本語）\n大津市打出浜１４－１５滋賀労働総合庁舎４Ｆ\n「外国人労働者向け相談ダイヤル」10:00～15:00\n- 英語　　　　　月～金　　　℡ 0570-001701\n- 中国語　　　　月～金　　　℡ 0570-001702\n- ポルトガル語　月～金　　　℡ 0570-001703\n- スペイン語　　火、木、金　℡ 0570-001704\n- タガログ語　　火、水　　　℡ 0570-001705""}, {""sid"": ""S5"", ""question"": ""求職"", ""answer"": ""日本国内で就労できる外国人の方は日本人と同じように職業紹介を受ける事ができます。\n公共職業安定所　(ハローワーク)\n職業紹介、就労に関する相談などに応じる国の機関が公共職業安定所です。\n仕事が見つかり労働契約を結ぶ時の重要な決まりや雇用保険についてなど、いろいろな相談も合わせて行われています。""}]"
携帯電話が通話停止について,携帯電話の通話停止については、提供された情報には具体的な記載がありません。滋賀県国際協会の情報に基づくと、災害時の連絡手段として災害用伝言ダイヤル・伝言板、メール、SNS等の多様な連絡手段を活用することが推奨されています（S5参照）。通話停止に関する詳細は、公式な電気通信事業者の案内をご確認ください。,"[{""sid"": ""S5"", ""question"": ""災害時の通知を知っていますか？"", ""answer"": ""「避難準備」、「避難勧告」「避難指示」が、テレビ、ラジオ、インターネット、携帯電話や地域の広報車、防災無線などから届きます。周りの状況に注意をしながら避難所に移動します。\n*災害が起こると電話がつながりにくくなるので、できるだけ「災害用伝言ダイヤル171」や「災害用伝言板web171」やメールを利用します。家族と連絡方法を話し合い、一つの連絡手段が使えなかった時のために、いろんな連絡方法を持っておきましょう。（Twitter, LINE, Facebookなど）また地震時に役立つアプリなども携帯に入れておきましょう。\n- 県内ラジオ局（MHｚ）： NHK滋賀第１放送(945)　E-radio(77.0)　エフエム彦根(78.2)　えふえむ草津(78.5)　B-WAVE (79.1)　Radio Sweet( 81.5)""}]"
警察犯罪経歴証明書,滋賀県国際協会の情報には警察犯罪経歴証明書に直接の案内は含まれていません。一般的には、犯罪経歴証明書（身元保証に関する証明）については、所在地域の警察署での請求手続きや法務局の sol-法務局に関連する手続きが関係します。具体的な手続きや必要書類、費用などは、警察庁・法務省・滋賀県警察の公式情報をご確認ください。,"[{""sid"": ""S3"", ""question"": ""刑事事件を起こしてしまったら （事件・事故）"", ""answer"": ""被疑者の権利\n被疑者の権利として３つの権利が保障されています。\n1. 事実を知る権利\n2. 黙秘権\n3. 弁護人依頼権\n当番弁護士制度\n警察に逮捕、拘留された被疑者や家族の求めに応じて弁護士会が速やかに弁護士を被疑者のところに派遣する「当番弁護士」の制度があります。要請する場合ははっきりと申し出てください。\n滋賀弁護士会　当番弁護士専用電話　　TEL　077-522-2013\n民事法律扶助制度\n経済的に困っている人には、日本司法支援センター　(法テラス)　がありますので、当番弁護士が接見に来た際に相談してください 。\n法テラス [多言語ダイヤル]　TEL 0570-078-377\n法テラス [多言語] (http://www.houterasu.or.jp/multilingual/)\n国選弁護人\n起訴後、被告人は裁判のための弁護人を依頼することができます。経済的に無理な場合は、依頼すれば政府の国選弁護人をつけてくれます。""}]"
携帯電話・自動車ローンについて,滋賀県国際協会の情報では、教育ローンに関する案内が主に提供されています。携帯電話・自動車ローンに関する特定の制度や優遇情報は掲載されていません。ローンを検討する場合は、在留資格や所得条件などの確認、金利・返済期間を事前に確認してください。教育ローンの例として、国の教育ローン（有利子）や無利子の教育支援金等の案内がありますが、携帯電話・自動車ローンの具体的情報は含まれていません。必要に応じて、金融機関の公式情報や専門家へご相談ください。,"[{""sid"": ""S1"", ""question"": ""教育資金貸付制度、教育ローン"", ""answer"": ""＊在留資格について、制約がある場合があります。\n金利、返済期間等について、確認してから借りましょう。\n生活福祉資金教育貸付 (教育支援金)\n[対象者] 低所得者世帯\n[連絡先・備考] 滋賀県社会福祉協議会 　 TEL：077-567-3903\n＊無利子\nひとり親家庭・寡婦福祉資金の修学資金、就学支度金の貸付\n[対象者] 母子父子家庭\n[連絡先・備考]\n滋賀県健康医療福祉部子ども・青少年局 TEL：077-528-3554\n大津市在住者は大津こども家庭課　 TEL：077-528-2686\n＊無利子\n教育一般貸付 国の教育ローン\n[連絡先・備考]\n日本政策金融公庫 (https://www.jfc.go.jp/n/finance/search/ippan.html)\n教育コールセンター TEL：0570-008656\n＊有利子\n銀行の教育ローン\n[連絡先・備考] 各銀行（銀行により金利が異なります）\n＊有利子""}]"
労災申請について,滋賀県内の労災申請については、労働者が業務上のけがや疾病、死亡等の労働災害を被った場合には労災保険から給付が行われます。事業主は労災保険への加入が義務で、保険料は原則事業主が全額負担します。詳細や申請は所轄の労働基準監督署へ相談してください。,"[{""sid"": ""S1"", ""question"": ""労働災害"", ""answer"": ""外国人労働者（入国管理法における「不法就労者」を含む）も仕事場でケガをしたり、仕事が理由で病気になったり、死亡したり、あるいは職場への行きかえりに事故にあったりした場合には、医療費、仕事ができない分の補償、傷害が残ったときの補償等を労災保険から受けられます。この保険には、パートタイマー、アルバイトを問わず労働者を1人でも雇っている事業主は加入しなければならず、保険料については事業主が全額負担しなければなりません。 詳しいことは労働基準監督署に相談しましょう。""}]"
起業開業について,滋賀県国際協会の情報に基づき、起業開業に関する直接的な起業支援の手続きは本文中に明示されていません。起業開業を目指す場合は、農業を仕事にする前提として以下の準備・資金面の情報が役立ちます。1) 情報収集・相談・イベント参加を通じて農業事業の理解を深める。2) 農業体験・研修で技術・事業モデルを学ぶ（例：農業インターンシップ、県立農業大学校の課程、先進農家での研修）。3) 資金面の支援制度を活用する可能性を確認する（例：農業次世代担い手育成基金、青年等就農資金、資金支援の条件等）。4) 農業を自営で始める場合の資金・農地の確保方法を理解する（資金計画、農地取得の方法、農地中間管理機構の活用等）。起業開業を具体的に検討する際には、滋賀県立農業大学校や農業法人等での就業経験、資金計画、農地の確保方法などが重要な要素となります。,"[{""sid"": ""S1"", ""question"": ""農業をするには"", ""answer"": ""農業を仕事にしたい方\n次のようなステップで十分な準備をしてから始めましょう！\n1. 情報を収集する\n- 相談する\n- 農業イベントやセミナーに参加する\n2. 農業体験をする\n農業インターンシップ（１週間～６週間）に参加する。\n3. 技術を習得する\n- 滋賀県立農業大学校で学ぶ（１年課程または２年課程）\n- 先進農家や農業法人などで研修を受ける。\n農業次世代担い手育成基金\n次世代を担う農業者となることをめざし、就農に向けて県立農業大学校や県指導農業士等の先進農家において研修を受ける者に対して、最長2年間、年間150万円の資金を交付する制度です。（条件あり）\n4. 仕事の準備をする\n農業を仕事にするには、農業法人や農家等に就職するという方法と、自営で農業を行う方法があります。農業法人等で働いた後、自営農家になる人もいます。\n1)　農業法人などに就職する人：ハローワーク、「滋賀県農林漁業担い手基金」での職業紹介、農業法人などのホームページで就職先をさがす。 2)　自営で農業を行う人：「技術」に加えて「資金」や「農地」の準備も必要です。\n▲資金の確保 農業を始めるには、初期投資資金（農地賃借料、機械、施設など）、運転資金（肥料、農薬、光熱費等）そして自分の生活資金が必要です。\n青年等就農資金\n新たに農業を始めようとする人等で認定新規就農者の認定を受けた人に無利子で資金を貸しつける制度です。（条件あり）\n▲農地の確保 農地の売買や賃貸は、国全体の食料自給率の維持の観点などから管理されており、次のような方法で農地を確保します。\n- 市町の農業委員会で審査を経た上で権利取得の手続きを行う。\n- 市町の農政主管課に農地の売買賃借の意向を届け出て、農用地利用集積計画の\n公示により権利を取得する。\n- 滋賀県農地中間管理機構が仲介する土地に応募して農地を借り入れる。""}]"
水漏れ修理の処理について,水漏れ修理の処理については、滋賀県国際協会の情報には具体的な手続きは記載されていません。したがって、信頼できる窓口としては法テラスや滋賀弁護士会の案内を参照してください。法テラスの日本語窓口は0570-078374、その他多言語窓口は0570-078377、03-5366-6008です。水漏れが賃貸物件に関連する場合は、まず不動産業者へ連絡し、修繕の依頼と家主への連絡・記録を行うのが一般的です。修繕費用の負担や費用の精算方法は契約内容（敷金・保証金・特約）により異なるため、契約書の条項を確認し、必要に応じて法的助言を受けてください。水道・設備の故障については管理会社または家主に早急に通知し、修理の見積もりを取り、保険の適用や修繕実施日を確定してください。なお、緊急性が高い場合はすぐに連絡を取り、記録（写真・日付・対応者名）を残すことを推奨します。,"[{""sid"": ""S1"", ""question"": ""法律についての相談は"", ""answer"": ""法テラス\n℡　0570-078374（日本語）\n℡　0570-078377（英語、中国語、韓国語、スペイン語、ポルトガル語、ベトナム語、タガログ語)\n℡　03-5366-6008（多言語ダイヤル）\n法テラス滋賀\n大津市浜大津1-2-22　大津商中日生ビル５Ｆ\n℡　050-3383-5454\n滋賀弁護士会\n大津市梅林１-３-３""}]"
貸付の免除することについてベトナム語通訳,滋賀県国際協会の情報には、貸付の免除（免除・減免）についての具体的な案内は掲載されていません。教育資金貸付制度の案内には無利子のものや有利子のものが記載されていますが、免除に関する記述はありません。よろしければ、免除の可否については該当する制度窓口へ直接ご確認ください。なお、教育支援金や就学支度金の貸付は無利子と記載されています（対象要件あり）。また、貸付の条件や返済については、制度ごとに異なりますので、各窓口へ問い合わせてください。,"[{""sid"": ""S2"", ""question"": ""教育資金貸付制度、教育ローン"", ""answer"": ""＊在留資格について、制約がある場合があります。\n金利、返済期間等について、確認してから借りましょう。\n生活福祉資金教育貸付 (教育支援金)\n[対象者] 低所得者世帯\n[連絡先・備考] 滋賀県社会福祉協議会 　 TEL：077-567-3903\n＊無利子\nひとり親家庭・寡婦福祉資金の修学資金、就学支度金の貸付\n[対象者] 母子父子家庭\n[連絡先・備考]\n滋賀県健康医療福祉部子ども・青少年局 TEL：077-528-3554\n大津市在住者は大津こども家庭課　 TEL：077-528-2686\n＊無利子\n教育一般貸付 国の教育ローン\n[連絡先・備考]\n日本政策金融公庫 (https://www.jfc.go.jp/n/finance/search/ippan.html)\n教育コールセンター TEL：0570-008656\n＊有利子\n銀行の教育ローン\n[連絡先・備考] 各銀行（銀行により金利が異なります）\n＊有利子""}]"
婚約者に送った書類について,婚約者に送った書類については、滋賀県国際協会の情報に基づき、提供元のS1の内容を参照してください。具体的な送付手続きや必要書類は、婚姻手続きの国際的要件に従い、本国の在日領事館または大使館へ問い合わせることが推奨されています。本国の婚姻法に従い必要書類をそろえ、日本語訳文が必要となる場合があります。婚姻届けを提出する市町村役場の戸籍係にも確認してください。これらはすべてS1に沿っています。,"[{""sid"": ""S1"", ""question"": ""婚姻届"", ""answer"": ""- 外国人が日本国内で結婚する場合は両人の本国の法律と日本の法律にしたがって婚姻の手続きをしなければなりせん。\n- 本国の在日領事館または、大使館に婚姻の手続きについて問い合わせてください。\n- 婚姻に関しては、本国で定められている婚姻法に従って、必要書類をそろえ手続きをしてください。（書類の日本語訳文も必要です）\n- 婚姻届を届出人の所在地の市町村役場の戸籍係に提出してください。""}]"
労災申請について,滋賀県国際協会の情報に基づくと、労災保険は外国人労働者を含む全ての労働者が対象となり、事業主が保険料を全額負担して加入します。労災申請や相談は最寄りの労働基準監督署へ行い、必要に応じて詳しい手続きや支給内容を確認してください。,"[{""sid"": ""S1"", ""question"": ""労働災害"", ""answer"": ""外国人労働者（入国管理法における「不法就労者」を含む）も仕事場でケガをしたり、仕事が理由で病気になったり、死亡したり、あるいは職場への行きかえりに事故にあったりした場合には、医療費、仕事ができない分の補償、傷害が残ったときの補償等を労災保険から受けられます。この保険には、パートタイマー、アルバイトを問わず労働者を1人でも雇っている事業主は加入しなければならず、保険料については事業主が全額負担しなければなりません。 詳しいことは労働基準監督署に相談しましょう。""}]"
労災申請について,労災保険は外国人労働者を含む全ての労働者が対象で、勤務中のケガや病気、死亡、通勤事故などに対して医療費・休業補償・後遺障害補償などを給付します。事業主は労災保険に加入する義務があり、保険料は事業主が全額負担します。申請・相談はお近くの労働基準監督署へ。詳しい手続きや必要書類は最寄りの監督署で案内を受けてください。なお、滋賀県の情報として、県内のケースに関する個別案内は労働基準監督署が窓口です。,"[{""sid"": ""S1"", ""question"": ""労働災害"", ""answer"": ""外国人労働者（入国管理法における「不法就労者」を含む）も仕事場でケガをしたり、仕事が理由で病気になったり、死亡したり、あるいは職場への行きかえりに事故にあったりした場合には、医療費、仕事ができない分の補償、傷害が残ったときの補償等を労災保険から受けられます。この保険には、パートタイマー、アルバイトを問わず労働者を1人でも雇っている事業主は加入しなければならず、保険料については事業主が全額負担しなければなりません。 詳しいことは労働基準監督署に相談しましょう。""}]"
高額医療費制度　限度額適用認定証,高額療養費制度は、同一月内の高額な医療費の超過分を後日払い戻す制度です。限度額適用認定証を事前に交付して病院の窓口で保険証と同時に提示すると、支払総額が一定の上限までとなり、後日の払い戻し手続きが不要になります。手続きの流れは、事前に限度額適用認定申請書を郵送して提出→認定証の交付（有効期限1年）→認定証と保険証を窓口で提示して精算、となります。なお、国民健康保険の加入者にも適用され、限度額適用認定証の利用により自己負担額を抑えることができます。,"[{""sid"": ""S1"", ""question"": ""【健康保険シリーズ６】医療費が高額になりそうなとき"", ""answer"": ""健康保険には、高額な医療費を支払った場合に、あとから申請することで、一定の金額を超えた分について払い戻される「高額療養費制度」があります。\n高額療養費制度とは\n同一の月（1日から月末まで）に病院などでの支払いが高額になり一定の金額※1を超えたときに申請することで、その超えた分が後日払い戻されます。\nしかし、払い戻されるとはいえ、高額な医療費の支払いは大きな負担です。そのような場合、「限度額適用認定証」が利用できます。\n※1 年齢・会社からの給料によって、支払いの上限金額が決まります。\nURL：https://www.kyoukaikenpo.or.jp/g3/sb3030/r150/ (https://www.kyoukaikenpo.or.jp/g3/sb3030/r150/)\n→ページ右上のSelect Languageで言語を選択（英語、中国語（簡体字・繁体字）、韓国語、スペイン語、ポルトガル語）\n限度額適用認定証とは\n医療費が高額になることが事前にわかっている場合には、事前に申請して交付された「限度額適用認定証」を病院の窓口での支払い時に保険証と合わせて提示することで、支払い金額が一定の上限までとなります。また、後日の払い戻しの手続きが不要になります。\n手続きから利用までの流れ\n1. 事前に郵送で「限度額適用認定申請書」を提出\n2. 「限度額適用認定証」が交付される（有効期限：最長１年）\n3. 2.で交付された「限度額適用認定証」と「保険証」を病院の窓口で精算時に提示\n*国民健康保険の加入者にも高額療養費と限度額適用認定証があります。お住まいの市町で手続きをしてください。\n★★★★★　社会保険加入対象者の適用範囲が拡大します　★★★★★\n2022年10月より、従業員数101人以上の企業で働く以下の条件にあてはまる短時間労働者も社会保険に加入できるようになりました。\n- 週の所定労働時間が２０時間以上３０時間未満である。\n- 月額賃金が８.８万円以上である。\n- ２カ月を超える雇用の見込みがある。\n- 学生でないこと。（休学中や夜間学生は加入対象です。）""}]"
出産一時金,出産育児一時金は、出産費用の直接払い制度で、妊娠4ヵ月以降の出産（死産を含む）で申請できます。補助額は1児につき50万円（ただし重度の脳性麻痺を保障する制度に加入していない病院では48.8万円）。病院で手続きが可能で、直接払いの手続きを行えば病院が補助額を差し引いた分のみを患者が負担します。,"[{""sid"": ""S1"", ""question"": ""【健康保険シリーズ5】子どもが生まれたら"", ""answer"": ""健康保険は病気になったときの給付だけではありません。他にもさまざまな給付があります。今日はその中でも、出産にかかわる健康保険からの給付をご紹介します。出産を控えている方にはぜひ知っておいて欲しい制度です。\n出産は保険が使えるの？「出産育児一時金」\n正常な妊娠・出産は病気ではありませんので、健康保険の対象外となります。3割負担での受診はできません。\nしかし「出産育児一時金」の直接払いの手続きをすれば、出産費用が補助されます。\n病院では補助される額を超えた分のみの費用負担で済みます。\n補助額\n一児につき50万円\n（重度の脳性麻痺を保障する制度に加入していない病院では４8.８万円）\n対象者\n妊娠４ヵ月（８５日）以降の出産で、死産を含みます。\n手続き方法\n病院で手続きができます。利用申込の書類に署名してください。\n出産育児一時金 URL: https://www.kyoukaikenpo.or.jp/g6/cat620/r310/ (https://www.kyoukaikenpo.or.jp/g6/cat620/r310/)\n*頁右上の Select language で言語を選択（英語、中国語（簡体字、繁体字）、韓国語、スペイン語、ポルトガル語）\n出産で会社を休んだら？　「出産手当金」\n妊娠や出産で長期間仕事を休むと、お給料が支払われなくなり生活に困ることもあります。しかし会社で健康保険に加入して働いている方は、「出産手当金」を請求すれば生活保障として手当金が支給されます。（扶養家族の出産は対象外です。また市町村の国民健康保険には、この制度はありません）\n給付額\n直近一年間のお給料を平均した額のおおよそ2/3\n対象期間\n出産日以前42日間（多胎妊娠は98日間）＋出産日後56日間\n手続き方法\n会社を通して健康保険に申請してください。\n出産手当金 URL: https://www.kyoukaikenpo.or.jp/g6/cat620/r311/ (https://www.kyoukaikenpo.or.jp/g6/cat620/r311/)\n*頁右上の Select language で言語を選択\nまた毎月のお給料から引かれている社会保険料も、産休中は支払いが免除されます。\n会社の総務の方に相談してみてください。""}]"
火災保険の利用について,滋賀県国際協会の情報に基づくと、火災保険は住宅の形態に関係なく加入することが推奨されています。賃貸の場合は建物の保険を大家が、家財を入居者がそれぞれ加入するケースが一般的で、持ち家であれば建物と家財の両方を補償する保険に加入します。,"[{""sid"": ""S1"", ""question"": ""火災保険について"", ""answer"": ""住宅は賃貸や持ち家にかかわらず、火災保険に加入する必要があります。 賃貸アパートやマンションなどの場合、入居時や更新時に「大家」と「入居者」がそれぞれ火災保険に加入するケースが一般的です。建物は大家の資産なので、建物に対する火災保険は大家が加入して保険料を支払い、室内の家具や家電などの家財道具に対する保険は、入居者が加入し保険料を支払います。持ち家であれば建物と家財の両方を補償する火災保険に入ります。""}]"
カードの紛失,カードを紛失した場合は、まず最寄りの警察署または警察窓口へ紛失届を提出してください。その後、カードの利用停止手続きや再発行手続きについて、発行元の窓口に連絡して指示を受けてください。なお、紛失時の対応や再発行手続きの詳細は、滋賀県国際協会の提供情報ではなく、各カード発行元の指示に従ってください。,"[{""sid"": ""S3"", ""question"": ""ペットが行方不明になったり、保護した場合は？"", ""answer"": ""動物愛護センターや最寄りの交番か警察署に連絡しましょう。""}]"
日本語を学びたい,滋賀県国際協会の情報のみを根拠に、日本語を学ぶには滋賀県内の関連情報として直接挙げられている日本語学校リストはS1で示されています。滋賀県内の日本語学習機会については、S1の京都を含む日本語学校リストが提示されていますが、滋賀県内の学校名は明記されていません。したがって、日本語学習を希望する場合はS1にある京都を拠点とする日本語学校の情報を参照することになります。,"[{""sid"": ""S1"", ""question"": ""日本語学校 Japanese Language Schools"", ""answer"": ""- 京都日本語学校 (Kyoto Japanese Language School) (http://kjls.or.jp/)\n- 京都文化日本語学校 (Kyoto Institute of Culture and Language) (http://www.kicl.ac.jp/jp/)\n- 京都民際日本語学校 (Kyoto Minsai Japanese Language School) (http://www.kyotominsai.co.jp/)\n- 京都日本語研修センター(Kyoto Japanese Language Training Center) (http://www.kjltc.jp/)\n- YIC京都日本語学院 (YIC Kyoto Japanese Academy) (http://www.yic-kyoto.ac.jp/japanese/)\n- 京都国際アカデミー(Kyoto International Academy of Japanese Language) (http://www.kia-ac.jp/index.html)\n- 日本語センター(Kyoto Japanese Language School) (https://nihongo-center.com/)\n- ARC 京都日本語学校 (ARC Academy Kyoto) (http://japanese.arc-academy.co.jp/?lang=ja)\n- にほんご空間・京都 (Japanese Space Kyoto) (http://j-space.sakura.ne.jp/wp2/)\n- 京進ランゲージアカデミー(Kyoshin Language Academy-Kyoto Chuo School) (http://www.kla.ac/jp/kyoto_chuo/)\n- ISIランゲージスクール 京都校 (ISI Japanese Language School - Kyoto campus) (http://www.isi-education.com/ja/)""}]"
生活保護受給証明書について,生活保護受給証明書については、滋賀県国際協会の公開情報には直接の取り扱い案内は記載されていません。生活保護に関する証明書の発行や手続きは、お住まいの自治体（市役所・町役場）の福祉事務所または生活保護担当窓口にご相談ください。必要書類や申請先は市町によって異なるため、所在の自治体窓口へ問い合わせるのが確実です。,"[{""sid"": ""S1"", ""question"": ""年金を受け取るために必要な期間が１０年に短縮されました"", ""answer"": ""これまでは、老齢年金を受け取るためには、保険料納付済等期間が25年以上必要でしたが、2017年8月1日から、10年になりました。（遺族年金・障害年金の受給要件はこれまでどおり変更ありません。）\n老齢年金の受給資格は、以下の４項目をあわせた期間が１０年以上です。\n1. 保険料納付期間（国民年金保険料納付済み期間、厚生年金被保険者加入期間）\n2. 保険料免除、学生納付特例等の納付猶予を受けた期間\n3. 第３号被保険者期間（加入者に扶養されている被保険者）\n4. 合算対象期間（カラ期間） ＊\n＊4. のカラ期間は、年金額に反映されませんが、加入期間には計算される合算対象期間です。\n★ 合算対象期間 には、次のようなものがあります。\n日本国籍を取得した方、永住者等が年金の請求手続きをする際、海外在住期間があった場合に、このことを証明する書類が必要となります。このため、これまでのパスポートも大切に保管しておくことが大切です。また、2012年7月9日以前の「外国人登録原票」は、法務省で保管されています。このため、それ以前の出入国を証明するためには、出入(帰)国記録に係わる開示請求することになります。\n出入（帰）国記録に係る開示請求 (http://www.moj.go.jp/isa/applications/disclosure/record.html)""}]"
緊急貸付金の返済について,滋賀県社会福祉協議会などの情報では、緊急貸付金の返済についての具体的な返済条件は示されていません。借入先の案内や利用条件については、貸付制度ごとに定められており、無利子の教育支援金などは対象者や用途が限定されています。緊急貸付金の返済方法・期間・利息等は、提供機関に直接確認してください。,"[{""sid"": ""S2"", ""question"": ""教育資金貸付制度、教育ローン"", ""answer"": ""＊在留資格について、制約がある場合があります。\n金利、返済期間等について、確認してから借りましょう。\n生活福祉資金教育貸付 (教育支援金)\n[対象者] 低所得者世帯\n[連絡先・備考] 滋賀県社会福祉協議会 　 TEL：077-567-3903\n＊無利子\nひとり親家庭・寡婦福祉資金の修学資金、就学支度金の貸付\n[対象者] 母子父子家庭\n[連絡先・備考]\n滋賀県健康医療福祉部子ども・青少年局 TEL：077-528-3554\n大津市在住者は大津こども家庭課　 TEL：077-528-2686\n＊無利子\n教育一般貸付 国の教育ローン\n[連絡先・備考]\n日本政策金融公庫 (https://www.jfc.go.jp/n/finance/search/ippan.html)\n教育コールセンター TEL：0570-008656\n＊有利子\n銀行の教育ローン\n[連絡先・備考] 各銀行（銀行により金利が異なります）\n＊有利子""}, {""sid"": ""S5"", ""question"": ""教育資金"", ""answer"": ""子ども達の進学のため、教育資金の準備はできていますか？教育資金が不足する場合、銀行のローンの他、次のような制度を利用して、お金を借りることができます。\n（概ね、永住者、日本人の配偶者等、永住者の配偶者等、定住者対象）\n▲ローンや奨学金を利用する際は、返済に困らないような計画を立てましょう！""}]"
在留資格証明書について,滋賀県在住の方の在留資格証明書に関する記載はS1-5の出典には直接の詳細がありません。滋賀県国際協会の情報ベースに基づき、在留資格の概要と関係手続きの案内のみ記載されています。在留資格証明書に関する具体的な手続きや発行要件は、出入国在留管理庁の公式情報（MOJ）をご参照ください。滋賀県内の窓口としては大阪入国管理局大津出張所が案内されています。,"[{""sid"": ""S1"", ""question"": ""在留について"", ""answer"": ""日本に住む外国人には、それぞれの滞在目的に従って在留資格と在留期間が与えられます。おのおのの「在留資格」には活動できる内容が厳格に規定されています。\n関連ページ\n出入国在留管理庁 (http://www.moj.go.jp/isa/index.html)\n在留関係の手続きについては\n在留関係手続き (https://www.moj.go.jp/isa/applications/index.html)\n入国後の在留関係の手続き\n滋賀県在住の方は、\n大阪入国管理局大津出張所\nで行います。\n大阪入国管理局大津出張所 (http://www.moj.go.jp/isa/about/region/osaka/index.html)\n大津市京町3-1-1 大津びわ湖合同庁舎6階　　℡：077-511-4231\n一般的な内容についての相談\n外国人在留インフォメーションセンター・ワンストップ型相談センター（入国管理局）に外国語で問い合わせることもできます。\n外国人在留インフォメーションセンター (http://www.moj.go.jp/isa/consultation/center/japanese.html)\n℡ 0570-013904（ＩＰ, ＰＨＳ, 海外: 03-5796-7112）\n新しい在留資格への移行により、平成24年7月9日より前の住所は住民票には記載されません。 ※これまで市区町村で保管されていた「外国人登録原票」は、平成24年7月9日から法務省で保管されています。\n外国人登録原票に係る開示請求について（法務省HPへリンク） (http://www.moj.go.jp/isa/applications/disclosure/foreigner.html)""}]"
出産一時金について,出産育児一時金は、健康保険の直接払い制度を利用することで、出産費用の補助を受けられます。補助額は1児につき50万円（重度の脳性麻痺を保障する制度に加入していない病院では48.8万円）です。対象は妊娠4ヵ月（85日）以降の出産で、死産も対象になります。病院で手続きが可能で、利用申込の書類に署名します。,"[{""sid"": ""S1"", ""question"": ""【健康保険シリーズ5】子どもが生まれたら"", ""answer"": ""健康保険は病気になったときの給付だけではありません。他にもさまざまな給付があります。今日はその中でも、出産にかかわる健康保険からの給付をご紹介します。出産を控えている方にはぜひ知っておいて欲しい制度です。\n出産は保険が使えるの？「出産育児一時金」\n正常な妊娠・出産は病気ではありませんので、健康保険の対象外となります。3割負担での受診はできません。\nしかし「出産育児一時金」の直接払いの手続きをすれば、出産費用が補助されます。\n病院では補助される額を超えた分のみの費用負担で済みます。\n補助額\n一児につき50万円\n（重度の脳性麻痺を保障する制度に加入していない病院では４8.８万円）\n対象者\n妊娠４ヵ月（８５日）以降の出産で、死産を含みます。\n手続き方法\n病院で手続きができます。利用申込の書類に署名してください。\n出産育児一時金 URL: https://www.kyoukaikenpo.or.jp/g6/cat620/r310/ (https://www.kyoukaikenpo.or.jp/g6/cat620/r310/)\n*頁右上の Select language で言語を選択（英語、中国語（簡体字、繁体字）、韓国語、スペイン語、ポルトガル語）\n出産で会社を休んだら？　「出産手当金」\n妊娠や出産で長期間仕事を休むと、お給料が支払われなくなり生活に困ることもあります。しかし会社で健康保険に加入して働いている方は、「出産手当金」を請求すれば生活保障として手当金が支給されます。（扶養家族の出産は対象外です。また市町村の国民健康保険には、この制度はありません）\n給付額\n直近一年間のお給料を平均した額のおおよそ2/3\n対象期間\n出産日以前42日間（多胎妊娠は98日間）＋出産日後56日間\n手続き方法\n会社を通して健康保険に申請してください。\n出産手当金 URL: https://www.kyoukaikenpo.or.jp/g6/cat620/r311/ (https://www.kyoukaikenpo.or.jp/g6/cat620/r311/)\n*頁右上の Select language で言語を選択\nまた毎月のお給料から引かれている社会保険料も、産休中は支払いが免除されます。\n会社の総務の方に相談してみてください。""}]"
ビザ申請について,滋賀県国際協会の情報に基づくと、ビザ申請自体の要件や手続きの詳細は本協会の提供情報には含まれていません。出典S3は在留資格と在留期間の一般的な説明を、出典S3に記載の関連窓口を案内しています。滋賀県在住者の手続き情報としては大阪入国管理局大津出張所や外国人相談窓口等が案内されていますが、具体的なビザ申請の要件・手続きの最新情報は MOJ の公式サイトをご確認ください。,"[{""sid"": ""S3"", ""question"": ""在留について"", ""answer"": ""日本に住む外国人には、それぞれの滞在目的に従って在留資格と在留期間が与えられます。おのおのの「在留資格」には活動できる内容が厳格に規定されています。\n関連ページ\n出入国在留管理庁 (http://www.moj.go.jp/isa/index.html)\n在留関係の手続きについては\n在留関係手続き (https://www.moj.go.jp/isa/applications/index.html)\n入国後の在留関係の手続き\n滋賀県在住の方は、\n大阪入国管理局大津出張所\nで行います。\n大阪入国管理局大津出張所 (http://www.moj.go.jp/isa/about/region/osaka/index.html)\n大津市京町3-1-1 大津びわ湖合同庁舎6階　　℡：077-511-4231\n一般的な内容についての相談\n外国人在留インフォメーションセンター・ワンストップ型相談センター（入国管理局）に外国語で問い合わせることもできます。\n外国人在留インフォメーションセンター (http://www.moj.go.jp/isa/consultation/center/japanese.html)\n℡ 0570-013904（ＩＰ, ＰＨＳ, 海外: 03-5796-7112）\n新しい在留資格への移行により、平成24年7月9日より前の住所は住民票には記載されません。 ※これまで市区町村で保管されていた「外国人登録原票」は、平成24年7月9日から法務省で保管されています。\n外国人登録原票に係る開示請求について（法務省HPへリンク） (http://www.moj.go.jp/isa/applications/disclosure/foreigner.html)""}]"
知り合いが貸したお金を返さない,知り合いが貸したお金を返さない場合、まずは穏便に返済の約束を確認し、返済計画を文書化して話し合いを記録します。支払いが難しい場合は分割返済の提案を検討します。法的手段は最終手段となるため、長期化を避けるためにも消費生活センター等の専門機関へ相談します。なお、滋賀県国際協会の情報のみを根拠とする場合、具体的な返還手段は公的機関のアドバイスを受けることを推奨します。,"[{""sid"": ""S1"", ""question"": ""賃貸住居"", ""answer"": ""家やアパートを借りたい場合は、不動産業者に相談してください。\n\n契約に必要とされるのは\n敷金\n家賃支払いの担保として家主に預けておくお金です。退去する際に返金されるものです。未払い賃料および借りていた家の中に損害がある場合は、その修理費をさし引かれますが、残高が戻ります。\n礼金\n家主に支払う一時金で返金されないもの。\n報酬\n不動産業者に仲介を依頼した時は、通常1ヶ月分が必要です。""}]"
労災申請について,滋賀県国際協会の情報に基づくと、労災保険は外国人労働者を含む労働者が仕事上のケガ・病気・死亡・通勤時の事故などのケースで適用され、事業主は労災保険料を全額負担します。詳しくは最寄りの労働基準監督署へ相談してください。,"[{""sid"": ""S1"", ""question"": ""労働災害"", ""answer"": ""外国人労働者（入国管理法における「不法就労者」を含む）も仕事場でケガをしたり、仕事が理由で病気になったり、死亡したり、あるいは職場への行きかえりに事故にあったりした場合には、医療費、仕事ができない分の補償、傷害が残ったときの補償等を労災保険から受けられます。この保険には、パートタイマー、アルバイトを問わず労働者を1人でも雇っている事業主は加入しなければならず、保険料については事業主が全額負担しなければなりません。 詳しいことは労働基準監督署に相談しましょう。""}]"
訪問の用件について,滋賀県国際協会の情報のみを根拠とすると、訪問の用件については本情報には記載がありません。よって、滋賀県国際協会の公式情報として提供可能な範囲で回答できません。必要であれば、出入国在留管理庁の関連窓口等、他機関の案内をご案内します。,"[{""sid"": ""S1"", ""question"": ""在留について"", ""answer"": ""日本に住む外国人には、それぞれの滞在目的に従って在留資格と在留期間が与えられます。おのおのの「在留資格」には活動できる内容が厳格に規定されています。\n関連ページ\n出入国在留管理庁 (http://www.moj.go.jp/isa/index.html)\n在留関係の手続きについては\n在留関係手続き (https://www.moj.go.jp/isa/applications/index.html)\n入国後の在留関係の手続き\n滋賀県在住の方は、\n大阪入国管理局大津出張所\nで行います。\n大阪入国管理局大津出張所 (http://www.moj.go.jp/isa/about/region/osaka/index.html)\n大津市京町3-1-1 大津びわ湖合同庁舎6階　　℡：077-511-4231\n一般的な内容についての相談\n外国人在留インフォメーションセンター・ワンストップ型相談センター（入国管理局）に外国語で問い合わせることもできます。\n外国人在留インフォメーションセンター (http://www.moj.go.jp/isa/consultation/center/japanese.html)\n℡ 0570-013904（ＩＰ, ＰＨＳ, 海外: 03-5796-7112）\n新しい在留資格への移行により、平成24年7月9日より前の住所は住民票には記載されません。 ※これまで市区町村で保管されていた「外国人登録原票」は、平成24年7月9日から法務省で保管されています。\n外国人登録原票に係る開示請求について（法務省HPへリンク） (http://www.moj.go.jp/isa/applications/disclosure/foreigner.html)""}]"
大家さんとのトラブルについて,家主とのトラブルについては、滋賀県国際協会の提供する資料には直接の具体的手続き情報は含まれていません。一般的な助言としては、信頼できる機関へ相談してください。対応として考えられる点は以下です。1) まず契約書・家賃明細・支払い履歴などの証拠を整理する。2) 紛争解決のために、家裁・公的相談窓口に相談する方法を検討する。滋賀県内の法的支援窓口としては法テラス滋賀等の情報を参照することができます。3) 必要に応じて専門家（弁護士）への相談を検討する。,"[{""sid"": ""S2"", ""question"": ""法律についての相談は"", ""answer"": ""法テラス\n℡　0570-078374（日本語）\n℡　0570-078377（英語、中国語、韓国語、スペイン語、ポルトガル語、ベトナム語、タガログ語)\n℡　03-5366-6008（多言語ダイヤル）\n法テラス滋賀\n大津市浜大津1-2-22　大津商中日生ビル５Ｆ\n℡　050-3383-5454\n滋賀弁護士会\n大津市梅林１-３-３""}]"
入院患者への通訳について,滋賀県国際協会の情報には、入院患者への通訳についての具体的な記載は見当たりません。外国語対応機関として医療機関リストや対応言語の案内は示されていますが、入院時の通訳の提供可否や手配方法の詳細は不明です。必要に応じて、医療機関サポートや外国語対応の医療機関リストを参照してください。,"[{""sid"": ""S3"", ""question"": ""滋賀県内の外国語で対応可能な医療機関について"", ""answer"": ""滋賀県内の外国語で対応可能な医療機関リストは、以下のサイトをご覧ください。""}]"
入院中の患者の通訳について,滋賀県内の入院中の通訳についての詳細は、滋賀県国際協会の情報源には記載がありません。医療機関の外国語対応などは、医療機関ネットしが（外来対応含む）の案内を参照してください。対応言語が英語・ハングル・中国語での案内が公表されています。,"[{""sid"": ""S1"", ""question"": ""滋賀県の病院、医院の情報は"", ""answer"": ""医療ネットしがWebサイトをご覧ください。\n対応言語：英語、ハングル、中文""}, {""sid"": ""S3"", ""question"": ""滋賀県内の外国語で対応可能な医療機関について"", ""answer"": ""滋賀県内の外国語で対応可能な医療機関リストは、以下のサイトをご覧ください。""}]"
療養の不支給について,滋賀支部の情報には“療養の不支給”についての明確な記載はありません。傷病手当金の支給条件や高額療養費などの情報が提供されていますが、療養の不支給そのものの詳細は記載されていません。必要であれば協会けんぽ滋賀支部へ問い合わせることをおすすめします。,"[{""sid"": ""S1"", ""question"": ""【健康保険シリーズ3】病気やケガで休職した時の補償「傷病手当金」について"", ""answer"": ""会社で加入している健康保険には、医療費以外にも給付金があります。\nその一つが「傷病手当金」です。\n病気やケガで長期間仕事を休むと、給料が支払われなくなり生活費に困ることがあります。\nしかし傷病手当金を申請すれば、生活補償として給付金が健康保険より支給されます。\n傷病手当金は、病気休業中に被保険者とその家族の生活を保障するために設けられた制度で、被保険者が病気やケガのために会社を休み、会社から十分な報酬が受けられない場合に支給されます。\n【支給金額】直近１２か月の給与を平均した額の2/3\nただし、勤務先が社会保険に届けを出している給与総額です。手取りの金額とは一致しません。\n【支給の条件】\n1. 業務外の事由による病気やケガの療養のための休業であること\n2. 仕事に就くことができないこと（医師の証明が必要です）\n3. 連続する三日間を含み四日以上仕事につけなかったこと\n4. 休業した期間について給与の支払いがないこと（事業主の証明が必要です）\nその他、傷病手当金の詳細については協会けんぽのHPをご覧いただくか、お電話にてお問合せください。\n協会けんぽ滋賀支部\n℡　077-522-1099 (日本語)""}]"
火災保険について,滋賀県国際協会の情報に基づくと、住宅は賃貸・持ち家を問わず火災保険へ加入することが望ましいです。賃貸の場合、建物部分は大家が、室内の家財は入居者が加入・支払いするケースが一般的です。持ち家の場合は建物と家財の両方を補償する火災保険に加入します。,"[{""sid"": ""S1"", ""question"": ""火災保険について"", ""answer"": ""住宅は賃貸や持ち家にかかわらず、火災保険に加入する必要があります。 賃貸アパートやマンションなどの場合、入居時や更新時に「大家」と「入居者」がそれぞれ火災保険に加入するケースが一般的です。建物は大家の資産なので、建物に対する火災保険は大家が加入して保険料を支払い、室内の家具や家電などの家財道具に対する保険は、入居者が加入し保険料を支払います。持ち家であれば建物と家財の両方を補償する火災保険に入ります。""}]"
在留資格認定書について,滋賀県国際協会の情報だけ根拠にする限り、在留資格認定書に関する具体的な案内は提供されていません。出入国在留管理庁や滋賀県の窓口等の公式情報を参照してください。,"[{""sid"": ""S3"", ""question"": ""在留について"", ""answer"": ""日本に住む外国人には、それぞれの滞在目的に従って在留資格と在留期間が与えられます。おのおのの「在留資格」には活動できる内容が厳格に規定されています。\n関連ページ\n出入国在留管理庁 (http://www.moj.go.jp/isa/index.html)\n在留関係の手続きについては\n在留関係手続き (https://www.moj.go.jp/isa/applications/index.html)\n入国後の在留関係の手続き\n滋賀県在住の方は、\n大阪入国管理局大津出張所\nで行います。\n大阪入国管理局大津出張所 (http://www.moj.go.jp/isa/about/region/osaka/index.html)\n大津市京町3-1-1 大津びわ湖合同庁舎6階　　℡：077-511-4231\n一般的な内容についての相談\n外国人在留インフォメーションセンター・ワンストップ型相談センター（入国管理局）に外国語で問い合わせることもできます。\n外国人在留インフォメーションセンター (http://www.moj.go.jp/isa/consultation/center/japanese.html)\n℡ 0570-013904（ＩＰ, ＰＨＳ, 海外: 03-5796-7112）\n新しい在留資格への移行により、平成24年7月9日より前の住所は住民票には記載されません。 ※これまで市区町村で保管されていた「外国人登録原票」は、平成24年7月9日から法務省で保管されています。\n外国人登録原票に係る開示請求について（法務省HPへリンク） (http://www.moj.go.jp/isa/applications/disclosure/foreigner.html)""}]"
翻訳について,滋賀県国際協会の情報のみを根拠に簡潔に回答します。翻訳については、対応言語として英語、ハングル、中文が案内ページに記載されています。具体的な翻訳サービスの提供元や料金ではなく、案内が各言語ページで提供されていることのみの情報です。,"[{""sid"": ""S1"", ""question"": ""郵便局について"", ""answer"": ""以下の関連ページに各言語で案内があります。""}]"
相続放棄,相続放棄については、滋賀県国際協会の情報には直接の記載がありません。従って、事実ベースで回答できる根拠がなく、不足する情報となります。一般的なポイントとしては、相続放棄は相続開始を知った時から3カ月以内に家庭裁判所へ申述する必要があり、自己の利益が侵害される場合には期間の伸長も認められるケースがありますが、詳細は専門機関へご確認ください。,"[{""sid"": ""S1"", ""question"": ""配偶者控除・配偶者特別控除の見直し"", ""answer"": ""配偶者が一定以下の収入の場合、納税者の税金が控除されます。これを配偶者控除と言います。この控除対象となる配偶者の収入や納税者本人の収入について改正され、平成３０年度分以降の所得税について適用されます。\n①納税者本人の受ける控除額\n所得控除額３８万円の対象となる配偶者の給与収入の上限が、１０３万円から１５０万円に引き上げられます。それを超えると段階的に控除額が減り、年収２０１万円で消失します。\n②納税者本人の所得制限\n配偶者控除等の適用される納税者本人に収入制限が設けられます。合計所得金額が９００万円を超えると段階的に控除額が減り、１０００万円で消失します。""}]"
火葬した遺骨を海外に持ち出す,滋賀県国際協会の情報に基づくと、火葬した遺骨を海外に持ち出す具体的な手続きの記載はありません。ペット関連の手続きとしては、火葬を行う市町村や民間葬儀業者の利用、遺骨の引き出し・輸出に関する個別の要件は自治体や検疫の要件によるため、動物検疫所や所管窓口に事前確認することを推奨します。相手国の入国条件をクリアするための手続きは、日本と相手国双方の要件を確認してください。国内外の搬出入に関連する最新情報は、動物検疫所や市町村窓口へ問い合わせてください。,"[{""sid"": ""S1"", ""question"": ""ペットが死亡した場合は？"", ""answer"": ""1. 市役所に連絡しましょう。 ＊市によって対応は異なりますが、火葬をする所もあります。\n犬の場合は、市役所で登録抹消手続きをします。（30日以内）\n2. ペットの葬儀やお墓を扱う民間業者もあります。\n3. 私有地に遺体を土葬することは問題はありませんが、河川や公園等に埋めることは禁止です。""}]"
日本で結婚と外国での離婚の司法承認について,日本で婚姻手続きは日本の法律と本国の法律を双方確認して進め、婚姻届は居住地の市町村役場へ提出します（外国人の婚姻は本国の婚姻法に従い、書類の日本語訳が必要です）。離婚については、日本の法体系では当事者の本国法が適用される場合と、日本法が適用される場合があり、協議離婚や調停・審判・判決のいずれかで離婚します。日本で婚姻をしており、離婚を外国で承認してもらう場合は、各国の離婚法の取り扱いとなるため、在日公館へ確認してください。離婚の話し合いが難しい場合は日本の家庭裁判所の調停等を利用できます。,"[{""sid"": ""S1"", ""question"": ""婚姻届"", ""answer"": ""- 外国人が日本国内で結婚する場合は両人の本国の法律と日本の法律にしたがって婚姻の手続きをしなければなりせん。\n- 本国の在日領事館または、大使館に婚姻の手続きについて問い合わせてください。\n- 婚姻に関しては、本国で定められている婚姻法に従って、必要書類をそろえ手続きをしてください。（書類の日本語訳文も必要です）\n- 婚姻届を届出人の所在地の市町村役場の戸籍係に提出してください。""}, {""sid"": ""S2"", ""question"": ""離婚届"", ""answer"": ""- それぞれの夫婦が離婚する場合、どの国の法律が適用されるかという準拠法に深くかかわってきます。\n- 日本では、離婚の準拠法について、第一に夫婦の本国方が同一の時はその法律（共通本国法）により、第二にその共通本国法がない場合において夫婦の常居所地法が同一であるときはその法律によるが、第三にそのいずれの法律もない時は夫婦にもっとも密接な関係のある地の法律（密接関連法）による、とされていますが、これには例外があって、夫婦の一方が日本に常居所がある日本人であるときは、日本の法律によって決められます。\n- 日本の法律が適用される場合、協議離婚をすることができます。協議が成立しない場合は、家庭裁判所の調停や審判による離婚、地方裁判所の判決による離婚のいずれの方法もとることができます。\n- 各国の離婚に関する法律については、各在日公館にお問い合わせください。""}, {""sid"": ""S3"", ""question"": ""離婚についての話し合いがうまくいきません。"", ""answer"": ""家庭裁判所の調停で話し合うことができます。（日本語）\n- 大津家庭裁判所 　℡　077-503-8151\n- 大津家庭裁判所 彦根支部 　℡　0749-22-0167\n- 大津家庭裁判所 長浜支部 　℡　0749-62-0240\n- 京都外国人の夫婦と親子に関する紛争解決センター 　℡　075-692-3555""}]"
旅行会社について,滋賀県国際協会の情報では、旅行会社に関する案内は示されていません。問い合わせ先や関連情報は、公式サイトの“旅行関連”ページをご確認ください。,"[{""sid"": ""S1"", ""question"": ""郵便局について"", ""answer"": ""以下の関連ページに各言語で案内があります。""}]"
英語の翻訳について,以下のとおり、滋賀県国際協会の情報を根拠に英語翻訳の案内を提示します。英語の翻訳に関する具体的なページは、郵便局案内の各言語案内ページおよび各種申告書の外国語版に準拠しています。必要な場合は上記の関連ページを参照してください。,"[{""sid"": ""S1"", ""question"": ""郵便局について"", ""answer"": ""以下の関連ページに各言語で案内があります。""}]"
タガログ語通訳の依頼。,滋賀県国際協会の情報には、タガログ語通訳の直接の依頼窓口は記載されていません。OTIT外国人技能実習機構の母国語相談窓口（タガログ語）へご連絡ください。電話番号は0120-250-197です。,"[{""sid"": ""S1"", ""question"": ""技能実習について"", ""answer"": ""OTIT外国人技能実習機構　母国語相談\nTel 0120-250-147（英語 English）\nTel 0120-250-169 （中国語 中文）\nTel 0120-250-197（タガログ語 Tagalog）\nTel 0120-250-197（タガログ語 Tagalog）\nTel 0120-250-168（ベトナム語 Tiếng Việt）\nTel 0120-250-192（インドネシア語 Indonesia）　 　等々""}]"
永住権申請について,滋賀県在住の方を中心とする在留に関する情報として、永住権申請についての具体的な手続きや要件の記載は本コンテンツS1/S5/S2/S3/S4には含まれていません。そのため、滋賀県国際協会の情報のみを根拠に永住権申請について事実ベースで回答することはできません。永住権申請の一般的な要件や手続きについては、出入国在留管理庁の公式情報を参照してください。,"[{""sid"": ""S1"", ""question"": ""在留について"", ""answer"": ""日本に住む外国人には、それぞれの滞在目的に従って在留資格と在留期間が与えられます。おのおのの「在留資格」には活動できる内容が厳格に規定されています。\n関連ページ\n出入国在留管理庁 (http://www.moj.go.jp/isa/index.html)\n在留関係の手続きについては\n在留関係手続き (https://www.moj.go.jp/isa/applications/index.html)\n入国後の在留関係の手続き\n滋賀県在住の方は、\n大阪入国管理局大津出張所\nで行います。\n大阪入国管理局大津出張所 (http://www.moj.go.jp/isa/about/region/osaka/index.html)\n大津市京町3-1-1 大津びわ湖合同庁舎6階　　℡：077-511-4231\n一般的な内容についての相談\n外国人在留インフォメーションセンター・ワンストップ型相談センター（入国管理局）に外国語で問い合わせることもできます。\n外国人在留インフォメーションセンター (http://www.moj.go.jp/isa/consultation/center/japanese.html)\n℡ 0570-013904（ＩＰ, ＰＨＳ, 海外: 03-5796-7112）\n新しい在留資格への移行により、平成24年7月9日より前の住所は住民票には記載されません。 ※これまで市区町村で保管されていた「外国人登録原票」は、平成24年7月9日から法務省で保管されています。\n外国人登録原票に係る開示請求について（法務省HPへリンク） (http://www.moj.go.jp/isa/applications/disclosure/foreigner.html)""}, {""sid"": ""S2"", ""question"": ""在留期間を経過するとどうなるのですか？"", ""answer"": ""在留期間が経過すると入国管理法における「不法滞在」になります。この場合、原則として5年間は日本への再入国ができません。退去強制処分を受けた事由（犯罪行為の種類、刑の軽重等）によっては、永久に入国できない場合もあります。\n退去強制\n在留期間切れのまま、故意にとどまっている場合に適用されます。自主出頭の場合と逮捕された場合で手続き等が異なります。\n自主出頭の場合\n警察に捕まる前に入国管理局に出頭した場合、起訴はされずに自分で帰国することになります。\n逮捕された場合\n入国管理法違反ということで、10日以内に入国管理局に引き渡される場合と起訴される場合があります。起訴された場合は裁判になりますので、判決が出るまで通常約１カ月半、拘置所又は警察署で拘置された後、入国管理局に移管され、強制送還となります。\n通常出国\n本人が病気等、やむを得ない事でごく短期間「不法滞在」の状態になっている場合は、期間更新の手続きをとり、その後出国することになります。""}, {""sid"": ""S3"", ""question"": ""成年年齢が18歳に引き下がります"", ""answer"": ""2022年4月1日に「民法の一部を改正する法律」によって成年年齢が現行の20歳から18歳に引き下がります。\n18歳以上20歳未満の方（2002年4月2日～2004年4月1日生まれ）\n→　2002年4月1日に成年\n2004年4月2日生まれ以降の方\n→　18歳の誕生日に成年\n民法が改正されることで成年・未成年の定義が一部変更され、在留資格や国籍取得など各種申請に係る年齢要件が変更になるため、注意が必要です。\n成年年齢が引き下がることで何が変わるの？\n- 「未成年・未婚の実子」として在留資格「定住者」へ在留資格を変更する場合の年齢制限が18歳未満になります。\n- 帰化できる年齢は20歳以上となっていたところ、18歳以上になります。\n- 日本人の父に認知された子の国籍取得できる年齢は、18歳未満になります。\n- 多重国籍の方は国籍選択が20歳未満（あるいは22歳に達するまで）から18歳未満（あるいは20歳に達するまで）になります。\n- スマートフォンや一人暮らしのためのアパートを借りるための契約，クレジットカードの作成やローンを組んで自動車を購入したりすることが、１８歳から親の同意がなくてもできるようになります。（返済能力を超えるローン契約と認められる場合、契約できないこともあります。）\n- 女性が結婚できる年齢が16歳以上から18歳以上に引き上がります。2022年4月1日の時点で既に16歳以上の女性は、引き続き、18歳未満でも結婚することがきます。\n成年年齢が変わってもお酒を飲んだりたばこを吸ったりすることができるようになる年齢、公営競技（競馬、競輪、オートレース、モーターボート競走）の年齢制限については２０歳のままです。\nまた、国民年金の加入義務も20歳以上のままです。\n民法では、未成年者が親の同意なしに契約をした場合には、原則として、契約を取り消すことができるとされていますが、今回の改正によって18歳で様々な契約を結ぶことが可能になり、その契約に対して責任を負うことにもなります。安易に契約を結ぶのではなく、内容を確認し、納得したうえで契約を結びましょう。契約を結ぶ前に誰かに相談することも大切です。\n消費トラブルに巻き込まれた場合の相談窓口\n- 消費者ホットライン「１８８」（日本語のみ）\n- 法テラス（多言語情報提供サービス）０５７０-０７８３７７　【平日】９時～１７時""}, {""sid"": ""S4"", ""question"": ""婚姻届"", ""answer"": ""- 外国人が日本国内で結婚する場合は両人の本国の法律と日本の法律にしたがって婚姻の手続きをしなければなりせん。\n- 本国の在日領事館または、大使館に婚姻の手続きについて問い合わせてください。\n- 婚姻に関しては、本国で定められている婚姻法に従って、必要書類をそろえ手続きをしてください。（書類の日本語訳文も必要です）\n- 婚姻届を届出人の所在地の市町村役場の戸籍係に提出してください。""}, {""sid"": ""S5"", ""question"": ""住民手続きについて"", ""answer"": ""- 住民基本台帳について (http://www.soumu.go.jp/main_sosiki/jichi_gyousei/c-gyousei/zairyu/related_materials-publicity_leaflets-etc.html)\n- マイナンバー制度について (https://www.digital.go.jp/policies/mynumber) マイナンバーカードについて (https://www.kojinbango-card.go.jp/)\n- 転入・転出について (http://www.soumu.go.jp/main_sosiki/jichi_gyousei/c-gyousei/zairyu/move-in_move-out.html)""}]"
タガログ語通訳の依頼。,滋賀県国際協会の情報のみ根拠として、タガログ語通訳の依頼について明示された窓口はS1の OTIT 外国人技能実習機構の多言語対応窓口です。直接の通訳依頼窓口としての記載はS1にのみあり、電話番号はタガログ語での対応を含め複数言語が案内されています。したがって、タガログ語通訳の依頼を行う場合は、OTITの多言語対応窓口にご連絡ください。電話番号は0120-250-197（タガログ語 Tagalog）です。,"[{""sid"": ""S1"", ""question"": ""技能実習について"", ""answer"": ""OTIT外国人技能実習機構　母国語相談\nTel 0120-250-147（英語 English）\nTel 0120-250-169 （中国語 中文）\nTel 0120-250-197（タガログ語 Tagalog）\nTel 0120-250-197（タガログ語 Tagalog）\nTel 0120-250-168（ベトナム語 Tiếng Việt）\nTel 0120-250-192（インドネシア語 Indonesia）　 　等々""}]"
悩み事について,滋賀県国際協会の情報に基づき、学校や相談窓口を活用しましょう。学校では先生やスクールカウンセラーに相談。困りごとは教育現場以外にも相談先があります。こどもの人権110番（0120-007-110、月～金8:30-17:15）、チャイルドライン（0120-99-7777、毎日16:00-21:00）、24時間子供SOSダイヤル（0120-0-78310、年末年始も対応）に連絡可能です。高校生のアルバイトについては、年齢要件・保護者同意・雇用条件の確認、深夜や時間外労働の制限等に留意してください。必要に応じて滋賀労働局の窓口等も案内されています。困ったときは、上記の相談先へ早めに連絡することをおすすめします。,"[{""sid"": ""S1"", ""question"": ""困りごとがあれば学校に相談しましょう！"", ""answer"": ""学校ではたくさんの手紙が配(られるので、わからない場合は先生に確認したり、面談の時には通訳をお願いしましょう。悩みや問題があれば、先生やスクールカウンセラーに相談しましょう。\n学校以外で子どもが相談できるところ\n自分のこと、友達のこと、家族のこと、その他の事で悩み、困っていることがあれば相談してください。\n- こどもの人権110番 0120-007-110　月～金8:30 -17:15\n- チャイルドライン 0120-99-7777　毎日　16:00 - 21:00\n- 24時間子供SOSダイヤル 0120-0-78310　2４時間対応（年末年始も可）""}, {""sid"": ""S3"", ""question"": ""こんな悩み抱えていませんか？"", ""answer"": ""中学を卒業してからは勉強すること、働くこと、いろいろなことを自分で選択する機会が増えます。家や学校以外の居場所もでき、交友関係も広くなります。自由が多くなる分、自己責任も増えていきます。自分のことを守れるように、困ったときの相談先をいくつか紹介します。\n高校生はアルバイトできますか？\n15歳になって最初の3月31日が過ぎた人は就労が認められます。在籍する高校の校則でアルバイトが許可されていれば高校生も働くことができますが、18歳未満の未成年であり、社会での経験がまだ浅いため、以下のように法律で守られています。\n- 就職に当たって、保護者の同意書、年齢証明書、在留カードの提示が求められます。\n- 仕事の内容では、危険や有害な業務について就業の制限又は禁止されています。\n- 就労時間については、深夜業や時間外・休日労働の制限/変形労働時間制の勤務も禁止されています。\n※不当な労働契約や賃金の未払い、パワハラ、セクハラなど劣悪な環境で働かせるブラックバイトもあるので、雇用契約時には、雇用契約書を取り交わし、内容を確認するようにしてください。\n※犯罪行為によって報酬を受け取る\n闇バイト\nが、SNSなどを通して広まっています。決して「高収入」だから、と軽い気持ちで応募してはいけません。身分証や家族の情報などを提供してしまうことによって犯罪組織から抜け出せない手口になっています。自分の個人情報やプライバシーに関することはむやみに提供しないように気を付けましょう。\nいじめ、いやがらせ、セクハラ、解雇など仕事の相談\n- 滋賀労働局　雇用環境・均等室　Tel 077-523-1190\n- 労働条件相談ほっとライン（多言語相談）\n- 闇バイトの相談　警察相談ダイヤル#9110""}, {""sid"": ""S5"", ""question"": ""悩まず、すぐ相談！"", ""answer"": ""各市町役場　障害福祉担当課\n滋賀県立障害者福祉センター　心身障害者の相談・障害者のスポーツセンター\n（プール、トレーニング室などあり）\n草津市笠山８丁目５番１３０号　℡　077-564-7327\n滋賀県総合教育センター　特別支援教育相談　　発達障害等の子どもについての相談。\n来所（要予約）電話相談　9:00-12:30　13:00-16:30\n野洲市北桜　℡　077-588-2505""}]"
傷病手当の申請について,傷病手当金は、病気やケガで休業し、給与の支払いがない状態が3日を含み4日以上続く場合に支給されます。直近12か月の給与の平均額の2/3が支給され、勤務先の給与総額を基に算出されます。申請には業務外の病気・ケガによる休業であること、医師の療養不可の証明、休業期間中に給与の支払いがないこと（事業主の証明が必要）、これらを満たす必要があります。詳しくは協会けんぽ滋賀支部にご相談ください。電話番号: 077-522-1099。,"[{""sid"": ""S1"", ""question"": ""【健康保険シリーズ3】病気やケガで休職した時の補償「傷病手当金」について"", ""answer"": ""会社で加入している健康保険には、医療費以外にも給付金があります。\nその一つが「傷病手当金」です。\n病気やケガで長期間仕事を休むと、給料が支払われなくなり生活費に困ることがあります。\nしかし傷病手当金を申請すれば、生活補償として給付金が健康保険より支給されます。\n傷病手当金は、病気休業中に被保険者とその家族の生活を保障するために設けられた制度で、被保険者が病気やケガのために会社を休み、会社から十分な報酬が受けられない場合に支給されます。\n【支給金額】直近１２か月の給与を平均した額の2/3\nただし、勤務先が社会保険に届けを出している給与総額です。手取りの金額とは一致しません。\n【支給の条件】\n1. 業務外の事由による病気やケガの療養のための休業であること\n2. 仕事に就くことができないこと（医師の証明が必要です）\n3. 連続する三日間を含み四日以上仕事につけなかったこと\n4. 休業した期間について給与の支払いがないこと（事業主の証明が必要です）\nその他、傷病手当金の詳細については協会けんぽのHPをご覧いただくか、お電話にてお問合せください。\n協会けんぽ滋賀支部\n℡　077-522-1099 (日本語)""}]"
国民健康保険について,国民健康保険は、日本に1年以上居住して健康保険に加入していない人が、居住地の市町村で加入する保険です。保険料は、加入世帯の所得、固定資産税額、世帯の人数などをもとに毎年決められます。医療費の自己負担は3割で、出産一時金・高額医療費・葬祭費（加入者が死亡したとき）などの給付があります。病院で治療・診察を受ける際には健康保険証を必ず窓口で提示してください。,"[{""sid"": ""S1"", ""question"": ""医療保険制度"", ""answer"": ""日本の医療保険制度には、大きく分けて「健康保険」と「国民健康保険」があります。外国人も1年以上在留する場合はいずれかの保険に加入しなければなりません。医療保険に加入することにより、被保険者やその被扶養者が病気やけがをして診療を受ける場合に医療給付が受けられます。\n健康保険\n会社で常時雇用されている人は健康保険制度が適用されます。被保険者とその扶養者が加入し給付が受けられます。保険料は、加入者の所得によって決まりますが、本人が負担するのは半分で、残りの半分は雇用主が支払います。\n医療費自己負担　　3割\n- その他の給付：傷病給付、出産育児一時金、出産手当金など\n国民健康保険\n一年以上日本に居住し，健康保険に加入していない場合、居住地の市町村で国民健康保険に加入しなければなりません。\n 保険料は、加入世帯の所得、固定資産税額、世帯の人数などをもとに毎年決めています。\n医療費自己負担　　3割\n- その他の給付：出産一時金、　高額医療費、葬祭費（加入者が死亡したとき）\n- 病院で治療、診察を受ける時には健康保険証を必ず受け付けで渡して下さい。""}]"
火災保険について,滋賀県国際協会の情報に基づくと、住宅の火災保険は、持ち家か賃貸かで補償範囲が異なります。持ち家の場合は建物と家財の両方を補償する火災保険に入り、賃貸の場合は建物の保険料を大家が、室内の家財を入居者がそれぞれ補償・保険料を負担するケースが一般的です。入居時や更新時に大家と入居者で契約を分けることが多いです。なお、火災時にはすぐに消防署（119番）へ連絡するとともに、初期消火を試みることが推奨されています。,"[{""sid"": ""S1"", ""question"": ""火災保険について"", ""answer"": ""住宅は賃貸や持ち家にかかわらず、火災保険に加入する必要があります。 賃貸アパートやマンションなどの場合、入居時や更新時に「大家」と「入居者」がそれぞれ火災保険に加入するケースが一般的です。建物は大家の資産なので、建物に対する火災保険は大家が加入して保険料を支払い、室内の家具や家電などの家財道具に対する保険は、入居者が加入し保険料を支払います。持ち家であれば建物と家財の両方を補償する火災保険に入ります。""}]"
在留資格認定書について,滋賀県国際協会の情報を根拠とした事実ベースで回答します。在留資格認定書（ Certificate of Eligibility）については、滋賀県内の窓口や出入国在留管理庁の案内に準じ、滞在目的に応じた在留資格を取得する前段階として、在留資格認定証明を申請し、認定された場合に在留資格を取得する手続きが進むことが一般的です。認定書の有効期間は発行機関の定める期間であり、認定後に在留資格の正式な許可を取得する流れとなります。詳しくは滋賀県在住者向け案内や入管窓口でご確認ください。,"[{""sid"": ""S3"", ""question"": ""在留について"", ""answer"": ""日本に住む外国人には、それぞれの滞在目的に従って在留資格と在留期間が与えられます。おのおのの「在留資格」には活動できる内容が厳格に規定されています。\n関連ページ\n出入国在留管理庁 (http://www.moj.go.jp/isa/index.html)\n在留関係の手続きについては\n在留関係手続き (https://www.moj.go.jp/isa/applications/index.html)\n入国後の在留関係の手続き\n滋賀県在住の方は、\n大阪入国管理局大津出張所\nで行います。\n大阪入国管理局大津出張所 (http://www.moj.go.jp/isa/about/region/osaka/index.html)\n大津市京町3-1-1 大津びわ湖合同庁舎6階　　℡：077-511-4231\n一般的な内容についての相談\n外国人在留インフォメーションセンター・ワンストップ型相談センター（入国管理局）に外国語で問い合わせることもできます。\n外国人在留インフォメーションセンター (http://www.moj.go.jp/isa/consultation/center/japanese.html)\n℡ 0570-013904（ＩＰ, ＰＨＳ, 海外: 03-5796-7112）\n新しい在留資格への移行により、平成24年7月9日より前の住所は住民票には記載されません。 ※これまで市区町村で保管されていた「外国人登録原票」は、平成24年7月9日から法務省で保管されています。\n外国人登録原票に係る開示請求について（法務省HPへリンク） (http://www.moj.go.jp/isa/applications/disclosure/foreigner.html)""}]"
労災申請について,滋賀県国際協会の情報を根拠に事実ベースで回答します。労災申請については、外国人労働者を含む全ての労働者は労災保険の対象であり、事業主は労災保険への加入が義務です。労災保険の給付を受けるには、仕事中のケガや病気、死亡、通勤災害などが対象となり、医療費や休業補償、傷害補償が提供されます。具体的な申請手続きや窓口については、最寄りの労働基準監督署に相談してください。,"[{""sid"": ""S1"", ""question"": ""労働災害"", ""answer"": ""外国人労働者（入国管理法における「不法就労者」を含む）も仕事場でケガをしたり、仕事が理由で病気になったり、死亡したり、あるいは職場への行きかえりに事故にあったりした場合には、医療費、仕事ができない分の補償、傷害が残ったときの補償等を労災保険から受けられます。この保険には、パートタイマー、アルバイトを問わず労働者を1人でも雇っている事業主は加入しなければならず、保険料については事業主が全額負担しなければなりません。 詳しいことは労働基準監督署に相談しましょう。""}]"
出生届けについて,出生届についての手続きに関する具体的な記載は、提供されたコンテンツ（S5: 子育て応援シリーズ①）にある“出生届”の項目として挙げられています。役所へ提出する基本的な手続きとしては、出生届の提出が第一段階です。その他、児童手当や子どもの健康保険、福祉医療費助成（乳幼児）などの関連手続きも同時に役所で案内・申請できます。国外籍の子どもについては、領事館（大使館）や出入国管理局での在留許可申請・国籍取得手続きが必要になる場合があります。出産後は産後健診等の案内も役所・市町の窓口で案内されます。必要となる具体的な提出書類や手続き期間は、居住地の市町役場へ確認してください。,"[{""sid"": ""S5"", ""question"": ""子育て応援シリーズ① 子どもが生まれたら"", ""answer"": ""子どもが生まれたらお住まいの役所で様々な手続きがあります。外国籍の子どもには、領事館（大使館）や出入国管理局での手続きも必要になります。\n役所でする手続き\n1. 出生届\n2. 児童手当\n3. 子どもの健康保険\n4. 福祉医療費助成（乳幼児）\n大使館・出入国管理局での手続き\n- 生まれてから30日以内に出入国管理局で子どもの在留許可申請をします。\n- 各国領事館 （大使館）で子どもの国籍を取得し、パスポートの申請をします。\n子どもとお母さんの健康のために\n出産後、子どもとお母さんの健康を定期的に確認します。子どもの各種健診や教室、訪問のほとんどが無料なので積極的に利用しましょう。心配なことがあれば相談しましょう。\n- 産後健診\n- 新生児訪問\n- 予防接種\n- 乳幼児健診\n- 離乳食教室\n子どもの成長、発達が気になる．．．\nまずは乳幼児健診の時やかかりつけ医に相談しましょう。\n市町の保健センター\n市町の発達支援室・センター (https://www.pref.shiga.lg.jp/file/attachment/5397382.pdf)\n発達障害に関する外国人保護者向けパンフレット\n発達障害情報・支援センター (http://www.rehab.go.jp/ddis/world/brochure/)\n育児の不安を相談したい．．．\n市町の家庭児童相談室　市町の役場で相談しましょう。\nこころんだいやる電話相談\nTEL： 077-524-2030\n（子ども・子育て応援センター　電話、または面接での相談ができます）\n児童相談所相談専用ダイヤル\nTEL：0120-189-783\n虐待かな．．．\n児童相談所虐待対応ダイヤル\nTEL：189\n子どもを一時的に預かってほしい．．．（事前登録要）\nファミリー・サポート・センター\nファミリー・サポート・センター (https://www.hugnavi.net/child/family.php)\n「子どもを預けたい人」と「子どもを預かりたい人」を結び付け、保育所までの送迎や、保護者の病気などの際に子どもを預かったりします。\n一時預かり事業\n保護者の病気や用事の時に子どもを保育所などで一時的に預かります。\n病児・病後児保育\n病児・病後児保育 (https://hugnavi.net/child/byouji.php)\n子どもが病気の際、保護者が家庭での保育が難しい場合に、医療機関や保育所等で子どもを一時的に保育します。\n働いているので子どもを保育所で預かってもらいたい．．．\n保育所、認定こども園、認可外子ども施設などで、０歳から子どもを預かってもらえます。施設の利用にはお住まいの市町から利用のための認定を受ける必要があります。市町の役場で相談しましょう。\n一人で子どもを育てています．．．\n経済支援、就労支援のほかに、家事や子育てのサポートが受けられます。\n市町の役場で相談しましょう。\n子どもとお出かけしたい．．．\n地域子育て支援拠点\n地域子育て支援拠点 (https://hugnavi.net/child/base.php)\n子育て中の親子が集い、相互交流や子育ての不安・悩みを相談できる場です。\n児童館\n児童館 (https://hugnavi.net/child/house.php)\n健全な遊びを通して、子どもの発達を援助していく施設です。\n♡滋賀県立びわ湖こどもの国\n滋賀県立びわ湖こどもの国 (http://www.biwa.ne.jp/~kodomo92/sp/index.html)\nたくさんの遊具がある大型の児童館です。　高島市安曇川町北船木\n悩みがあれば、相談しましょう！\n★言葉が心配なときは、「しが外国人相談センター」にお電話ください。\nTEL：077-523-5646\nSHIGA SMILE BABY PROJECT　～ありがとうの贈り物～\nSHIGA SMILE BABY PROJECT　～ありがとうの贈り物～ (https://www.pref.shiga.lg.jp/ippan/kosodatekyouiku/kosodate/319567.html)\n滋賀で生まれた子どもやその家族へ「おめでとう、ありがとう」の思いをこめて、社会全体で出産・子育てを応援しているというメッセージとともに「ありがとうの贈り物」をお届けします。\n対象：１歳未満の赤ちゃん　※事前申し込みが必要です。""}]"
国民年金の支払いについて,国民年金保険料は、20歳から59歳までの方で厚生年金保険などに加入していない場合は加入が必要です。支払方法や納付期間などの詳細は、市町村の国民年金担当係にお問い合わせください。,"[{""sid"": ""S1"", ""question"": ""自分の年金情報をチェック！"", ""answer"": ""毎年1回、誕生月に国民年金および厚生年金保険の加入者（被保険者）には、年金加入記録の確認のため、「ねんきん定期便」が届きます。届出住所が現住所と異なっている場合、「ねんきん定期便」が届きませんので、住所が変った場合は住所変更を届け出ましょう。\n年金記録の確認は\nねんきんネット (https://www.nenkin.go.jp/n_net/index.html)\n年金定期便・年金専用ダイヤル　℡　0570-058-555\n★\t保険料納付期間が１０年に満たない方も年金事務所で確認しましょう！ 年金記録に漏れがないか。（基礎年金番号が他にないか。別の氏名で登録されたものがないか。 合算対象期間がないか。（特に永住者、日本国籍の方は海外の滞在期間が合算されます。）\n★\t資格期間を満たすために次のような方法があります。 ６０歳から６５歳まで国民年金に任意加入する。（1965年4月1日以前生まれの方は最長７０歳まで任意加入できます） 国民年金後納制度を使い未納期間を解消する。（2018年9月30日まで５年後納制度が適用されます）""}, {""sid"": ""S2"", ""question"": ""年金制度"", ""answer"": ""公的年金制度は、老齢、障害または死亡時の本人および遺族の生活保障の観点から、日本国内に住むすべての人について、一定の要件のもとに国籍を問わず適用しています。外国人の場合、1年以上の日本滞在を予定している人が対象となります。\n厚生年金保険\n給付の種類\n老齢厚生年金、障害厚生年金、遺族厚生年金\n国民年金\n20歳から59歳までの方で、厚生年金保険などに加入していない場合は国民年金に加入しなければいけません。\nお問い合わせ\n各市町村国民年金担当係""}]"
中国語ができる弁護士について,滋賀県国際協会の情報のみを根拠に回答します。中国語ができる弁護士について、滋賀県国際協会の公開情報には中国語対応の弁護士名簿や具体的な中国語対応弁護士の記載はありません。法的相談や弁護を中国語で対応できる弁護士を探す場合は、法テラス滋賀や滋賀弁護士会を通じて相談・対応可能な弁護士を紹介してもらうのが確実です。法テラス滋賀の多言語対応窓口は英語・中国語などを含む複数言語に対応していますので、中国語対応可能な弁護士の紹介を受けられる可能性があります。,"[{""sid"": ""S1"", ""question"": ""刑事事件を起こしてしまったら （事件・事故）"", ""answer"": ""被疑者の権利\n被疑者の権利として３つの権利が保障されています。\n1. 事実を知る権利\n2. 黙秘権\n3. 弁護人依頼権\n当番弁護士制度\n警察に逮捕、拘留された被疑者や家族の求めに応じて弁護士会が速やかに弁護士を被疑者のところに派遣する「当番弁護士」の制度があります。要請する場合ははっきりと申し出てください。\n滋賀弁護士会　当番弁護士専用電話　　TEL　077-522-2013\n民事法律扶助制度\n経済的に困っている人には、日本司法支援センター　(法テラス)　がありますので、当番弁護士が接見に来た際に相談してください 。\n法テラス [多言語ダイヤル]　TEL 0570-078-377\n法テラス [多言語] (http://www.houterasu.or.jp/multilingual/)\n国選弁護人\n起訴後、被告人は裁判のための弁護人を依頼することができます。経済的に無理な場合は、依頼すれば政府の国選弁護人をつけてくれます。""}, {""sid"": ""S2"", ""question"": ""法律についての相談は"", ""answer"": ""法テラス\n℡　0570-078374（日本語）\n℡　0570-078377（英語、中国語、韓国語、スペイン語、ポルトガル語、ベトナム語、タガログ語)\n℡　03-5366-6008（多言語ダイヤル）\n法テラス滋賀\n大津市浜大津1-2-22　大津商中日生ビル５Ｆ\n℡　050-3383-5454\n滋賀弁護士会\n大津市梅林１-３-３""}, {""sid"": ""S3"", ""question"": ""離婚についての話し合いがうまくいきません。"", ""answer"": ""家庭裁判所の調停で話し合うことができます。（日本語）\n- 大津家庭裁判所 　℡　077-503-8151\n- 大津家庭裁判所 彦根支部 　℡　0749-22-0167\n- 大津家庭裁判所 長浜支部 　℡　0749-62-0240\n- 京都外国人の夫婦と親子に関する紛争解決センター 　℡　075-692-3555""}]"
労災申請の引き下げについて,滋賀県国際協会の情報を根拠に事実ベースで回答します。労災保険の適用は、外国人労働者を含む労働者が仕事上のケガ・疾病・死亡等を被った場合に適用され、事業主は加入義務があります。『引き下げ』という表現が労災保険の給付水準の減額を意味する場合、滋賀県国際協会の提供情報には直接の言及はありません。労災保険の給付額や手続き、減額の可否・条件については、所轄の労働基準監督署に相談することが適切です。必要な情報の参照元として、S1の労災保険の概要を確認してください。,"[{""sid"": ""S1"", ""question"": ""労働災害"", ""answer"": ""外国人労働者（入国管理法における「不法就労者」を含む）も仕事場でケガをしたり、仕事が理由で病気になったり、死亡したり、あるいは職場への行きかえりに事故にあったりした場合には、医療費、仕事ができない分の補償、傷害が残ったときの補償等を労災保険から受けられます。この保険には、パートタイマー、アルバイトを問わず労働者を1人でも雇っている事業主は加入しなければならず、保険料については事業主が全額負担しなければなりません。 詳しいことは労働基準監督署に相談しましょう。""}]"
求人募集について,滋賀県内の求人募集については、外国人を含む日本人と同様に職業紹介を受ける権利があります。ハローワークでの職業紹介・就労相談が利用できます。,"[{""sid"": ""S2"", ""question"": ""求職"", ""answer"": ""日本国内で就労できる外国人の方は日本人と同じように職業紹介を受ける事ができます。\n公共職業安定所　(ハローワーク)\n職業紹介、就労に関する相談などに応じる国の機関が公共職業安定所です。\n仕事が見つかり労働契約を結ぶ時の重要な決まりや雇用保険についてなど、いろいろな相談も合わせて行われています。""}]"
高校生等奨学給付金について,高校生等奨学給付金についての具体的な記載は、提示されたS1～S5の出典情報には含まれていません。滋賀県国際協会の情報だけでは、該当給付金の対象・要件・申請方法等を確定できません。高校生等の奨学金・給付に関する一般的な情報としては、就学援助制度や給付型奨学金の拡充（高等教育の修学支援新制度）などが挙げられますが、高校生向けの給付金の詳細は不明です。最新かつ正確な情報は、滋賀県国際協会の公式窓口またはお住まいの市町教育委員会・学校を通じて確認してください。,"[{""sid"": ""S1"", ""question"": ""奨学金"", ""answer"": ""各大学での奨学生の募集は、入学後、４月、５月に行われることが一般的ですが、入学前に予約型奨学金の募集をする大学もあります。このため、希望校が決まれば、早めに奨学金の情報を収集しましょう。\n奨学金には、大きく分けて、（1）日本学生支援機構の奨学金（2）各大学が独自に設けている奨学金（3）民間企業や財団法人などの奨学金（4）地方自治体の奨学金があります。募集対象や受給条件はまちまちですが、世帯の経済状況、学力や専攻分野などが審査基準になることが多いです。奨学金には返済の必要のない「給付」と返済が必要な「貸与」の二種類があります。また重複して受給できない奨学金もあります。学校の担当課やホームページなどで情報を収集しましょう。\n＊在留資格について、制約がある場合があります。\n日本学生支援機構（JASSO）\n[対象者] 大学院・大学・短期大学・高等専門学校・専修学校(専門課程)に在学する学生\n日本学生支援機構（JASSO）には、有利子、無利子の奨学金（貸与型）の他、経済的に困難な状況にある優秀な学生に対する給付型の奨学金もあります。\n[連絡先・備考]\n日本学生支援機構（JASSO） (https://www.jasso.go.jp/about/shogakukin)\n＊給付・貸与\n自治体の奨学金\n[対象者] 対象はそれぞれ異なります\n[連絡先・備考] 市町役場（奨学金のない自治体もあります）\n＊給付・貸与\n新聞奨学金\n[対象者] 新聞配達の仕事をする学生\n[連絡先・備考] 各新聞社\n＊給付・貸与\n交通遺児育英会奨学金\n[対象者] 交通事故の遺児や保護者に著しい障がいのある学生\n[連絡先・備考]\n交通遺児育英会奨学金 (http://www.kotsuiji.com/howto/)\n＊給付\n日本教育公務員弘済会\n[対象者] 大学院・大学・高等専門学校・専修学校専門課程の学生\n[連絡先・備考] 滋賀支部　　 　TEL： 077-526-1356\n＊給付・貸与\n坪井一郎・仁子学生支援プログラム\n[対象者] 大学生(3年生以上)や大学院生(入学予定者も可)難民や日系定住者及び中国帰国者の子弟\n[連絡先・備考]\n（社福）さぽうと２１ (http://support21.or.jp)\nTEL：03-5449-1331\n＊給付\nPP奨学金\n[対象者] 日本国籍、永住者、特別永住者\n[連絡先・備考]\n（社福）さぽうと２１ (http://support21.or.jp)\nTEL：03-5449-1331\n＊給付\nびわこ奨学金\n[対象者] 滋賀県内の留学生\n[連絡先・備考]\n（公財）滋賀県国際協会 (http://www.s-i-a.or.jp/index.php/projects/multicultural)\nTEL：077-526-0931\n＊給付""}]"
携帯電話料金の支払いについて,S1〜S5の文献には携帯電話料金の支払いに関する具体的な情報は記載されていません。したがって、携帯電話料金の支払いに関しては、公式の消費者ホットラインや金融庁の資金移動業者登録情報などを参照し、疑わしい請求には返信・連絡をしないなどの一般的な注意を適用してください。特に未納を装う詐欺には注意してください。詐欺の疑いがある場合は警察相談電話（#9110）に相談してください。,"[{""sid"": ""S1"", ""question"": ""金融トラブルにご注意！！"", ""answer"": ""電子マネーのトラブル\nインターネット有料サイトの利用料金未納を騙った架空請求など、詐欺行為の支払手段として現金だけでなく、電子マネーを悪用した被害が急増しています。\n※预プリペイドカードなどの電子マネーは、相手にカードを渡さなくても、カードに記載された番号等を伝えるだけで電子マネーの価値を譲渡したことになります。\n詐欺です！：「コンビニで電子マネーカードを買って、カード番号を教えて。\n」\n！身に覚えのない請求等に返信、連絡しないでください。\n！事業者、法務省や裁判所などが「未納料金などの支払い」の名目で、　　コンビニで電子マネーカードを購入させることは絶対にありません。\nマネー・ロンダリング（犯罪に関係するお金を持っている人をわからなくすること）は違法です！\n詐欺です！：「このお金をあなたの口座から送金してほしいんです。一万円あげますから。」\n！口座を他人にあげるなどの行為は違法です。\n！違法な業者かどうか判断できない場合はその業者は使わないでください。\n　金融庁ウェブサイトの資金移動業者登録一覧に載っていない業者は違法です。\nここから確認できます→　https://www.fsa.go.jp/menkyo/menkyoj/shikin_idou.pdf\n。\nメール・SMS（ショートメッセージサービス）による被害防止対策として、あらかじめ受信拒否設定をしておくことが効果的です。\n！おかしいと思ったら、すぐに家族や友人、警察＃9110（警察相談専用電話）に相談！\n- 消費者ホットライン　　　　１８８　（日本語）\n- 訪日外国人観光客消費者ホットライン 03-5449-0906\n- 金融サービス利用者相談室0570-016811（从ＩＰ電話からは：03-5251-6811）\n- 英語ワンストップ窓口　　　email: equestion@fsa.go.jp""}]"
求人について通訳,滋賀県国際協会の情報には、求人に関する案内として、外国人の方は日本国内で就労する場合、日本人と同様に職業紹介を受けられること、公共職業安定所（ハローワーク）で職業紹介や就労相談を受けられることが記載されています。派遣労働のルールや雇用安定措置、無期雇用への転換などの情報も提供されています。求人を探す際は、滋賀労働局の窓口情報や外国人労働者向け相談ダイヤルなど、公式の相談窓口を活用してください。,"[{""sid"": ""S2"", ""question"": ""求職"", ""answer"": ""日本国内で就労できる外国人の方は日本人と同じように職業紹介を受ける事ができます。\n公共職業安定所　(ハローワーク)\n職業紹介、就労に関する相談などに応じる国の機関が公共職業安定所です。\n仕事が見つかり労働契約を結ぶ時の重要な決まりや雇用保険についてなど、いろいろな相談も合わせて行われています。""}, {""sid"": ""S3"", ""question"": ""派遣労働についての新しいルール等を知って、就労に役立てましょう！"", ""answer"": ""■派遣受け入れ期間の制限と労働契約の申し込み義務について\n一部の業務を除き、派遣先で派遣労働者を受け入れることのできる期間には最長３年の制限があります。期間制限を超えてその業務について派遣労働者を仕事をさせる場合などは、派遣先は派遣労働者へ労働契約の申込みをしなければなりません。 2015年の労働者派遣法改正法で、派遣として、同じ事業所で同じ仕事を３年を超えて働くことは、基本的にできないことになりました。一定の手続きを経れば、３年を超えて働くことはできますが、異なる「課」などへ移動することが必要です。2018年９月より、同じ事業所の同じ「課」などに、継続して３年派遣される見込みとなった場合には、派遣元事業主（派遣会社）から下記の雇用安定措置（義務）を受け取ることが可能です。 （１年以上３年未満派遣見込みの方には、努力義務の対象。「派遣元で無期雇用されている派遣労働者」や「６０歳以上の派遣労働者」などは、雇用安定措置の対象外）\n対象：2015年９月３０日以降に労働者派遣契約を締結・更新した派遣労働者\n△　雇用安定措置の内容（義務）\n派遣元事業主は、以下の1.～4.のいずれかの措置を講じる必要があります。また、1.を講じて直接雇用に結び付かなかった場合には、別途2.～4.のいずれかの措置を講じる必要があります\n1. 派遣先への直接雇用の依頼（派遣先が同意すれば、派遣先の社員となります）\n2. 新たな派遣先の提供（その条件が派遣で働く方の能力、経験に照らして合理的なものに限る）\n3. 派遣元での派遣労働者以外としての無期雇用\n4. その他雇用の安定を図るための措置\n注意\n- 雇用安定措置の対象となるには、派遣元事業主に対し、派遣終了後も継続して就業することを希望することが必要です。雇用安定措置1.～4.のうち、派遣元事業主に講じてもらいたいものを希望することができます。\n- 派遣先が、派遣労働者を禁止業務（港湾運送業務、建設業務、警備業務、医療関連業務）に従事させたり、期間制限に違反して労働者派遣を受け入れたなどの場合には、その派遣労働者に対して労働契約の申し込みをしたとみなされます。\n■無期雇用への転換推進措置について\n2018年４月から無期雇用の申請受付も始まっています。有期労働契約が2013年４月以降、反復して更新されて通算５年を超えたときは、労働者の申し込みにより、次回の契約から期間の定めのない労働契約に転換できます。（詳しくはみみタロウ１２６号）\n労働についての相談窓口\n滋賀労働局総合労働相談コーナー　℡：077-522-6648　（日本語）\n大津市打出浜１４－１５滋賀労働総合庁舎４Ｆ\n「外国人労働者向け相談ダイヤル」10:00～15:00\n- 英語　　　　　月～金　　　℡ 0570-001701\n- 中国語　　　　月～金　　　℡ 0570-001702\n- ポルトガル語　月～金　　　℡ 0570-001703\n- スペイン語　　火、木、金　℡ 0570-001704\n- タガログ語　　火、水　　　℡ 0570-001705""}, {""sid"": ""S4"", ""question"": ""人権侵害について"", ""answer"": ""外国人人権ダイヤル\nTel 0570-090911\n対応言語：英語，中国語，韓国語，フィリピノ語，ポルトガル語、ベトナム語\n(English, Chinese, Korean, Filipino, Portuguese, Vietnamese)""}, {""sid"": ""S5"", ""question"": ""こんな悩み抱えていませんか？"", ""answer"": ""中学を卒業してからは勉強すること、働くこと、いろいろなことを自分で選択する機会が増えます。家や学校以外の居場所もでき、交友関係も広くなります。自由が多くなる分、自己責任も増えていきます。自分のことを守れるように、困ったときの相談先をいくつか紹介します。\n高校生はアルバイトできますか？\n15歳になって最初の3月31日が過ぎた人は就労が認められます。在籍する高校の校則でアルバイトが許可されていれば高校生も働くことができますが、18歳未満の未成年であり、社会での経験がまだ浅いため、以下のように法律で守られています。\n- 就職に当たって、保護者の同意書、年齢証明書、在留カードの提示が求められます。\n- 仕事の内容では、危険や有害な業務について就業の制限又は禁止されています。\n- 就労時間については、深夜業や時間外・休日労働の制限/変形労働時間制の勤務も禁止されています。\n※不当な労働契約や賃金の未払い、パワハラ、セクハラなど劣悪な環境で働かせるブラックバイトもあるので、雇用契約時には、雇用契約書を取り交わし、内容を確認するようにしてください。\n※犯罪行為によって報酬を受け取る\n闇バイト\nが、SNSなどを通して広まっています。決して「高収入」だから、と軽い気持ちで応募してはいけません。身分証や家族の情報などを提供してしまうことによって犯罪組織から抜け出せない手口になっています。自分の個人情報やプライバシーに関することはむやみに提供しないように気を付けましょう。\nいじめ、いやがらせ、セクハラ、解雇など仕事の相談\n- 滋賀労働局　雇用環境・均等室　Tel 077-523-1190\n- 労働条件相談ほっとライン（多言語相談）\n- 闇バイトの相談　警察相談ダイヤル#9110""}]"
出産手当金について,出産手当金は、健康保険に加入している会社員などが、妊娠・出産のため長期間休業した場合に支給される給付です。対象期間は出産日以前42日間（多胎妊娠は98日間）と出産日後56日間で、給付額は直近1年間の平均賃金のおおよそ2/3です。手続きは会社を通じて健康保険へ申請します。なお扶養家族の出産は対象外で、市町村の国民健康保険にはこの制度はありません。,"[{""sid"": ""S1"", ""question"": ""【健康保険シリーズ5】子どもが生まれたら"", ""answer"": ""健康保険は病気になったときの給付だけではありません。他にもさまざまな給付があります。今日はその中でも、出産にかかわる健康保険からの給付をご紹介します。出産を控えている方にはぜひ知っておいて欲しい制度です。\n出産は保険が使えるの？「出産育児一時金」\n正常な妊娠・出産は病気ではありませんので、健康保険の対象外となります。3割負担での受診はできません。\nしかし「出産育児一時金」の直接払いの手続きをすれば、出産費用が補助されます。\n病院では補助される額を超えた分のみの費用負担で済みます。\n補助額\n一児につき50万円\n（重度の脳性麻痺を保障する制度に加入していない病院では４8.８万円）\n対象者\n妊娠４ヵ月（８５日）以降の出産で、死産を含みます。\n手続き方法\n病院で手続きができます。利用申込の書類に署名してください。\n出産育児一時金 URL: https://www.kyoukaikenpo.or.jp/g6/cat620/r310/ (https://www.kyoukaikenpo.or.jp/g6/cat620/r310/)\n*頁右上の Select language で言語を選択（英語、中国語（簡体字、繁体字）、韓国語、スペイン語、ポルトガル語）\n出産で会社を休んだら？　「出産手当金」\n妊娠や出産で長期間仕事を休むと、お給料が支払われなくなり生活に困ることもあります。しかし会社で健康保険に加入して働いている方は、「出産手当金」を請求すれば生活保障として手当金が支給されます。（扶養家族の出産は対象外です。また市町村の国民健康保険には、この制度はありません）\n給付額\n直近一年間のお給料を平均した額のおおよそ2/3\n対象期間\n出産日以前42日間（多胎妊娠は98日間）＋出産日後56日間\n手続き方法\n会社を通して健康保険に申請してください。\n出産手当金 URL: https://www.kyoukaikenpo.or.jp/g6/cat620/r311/ (https://www.kyoukaikenpo.or.jp/g6/cat620/r311/)\n*頁右上の Select language で言語を選択\nまた毎月のお給料から引かれている社会保険料も、産休中は支払いが免除されます。\n会社の総務の方に相談してみてください。""}]"
面接場所について,滋賀県内での面接場所についての特定情報は本アプリの提供範囲に含まれるS1の内容には記載がありません。就職関連の窓口としては公共職業安定所（ハローワーク）が相談・紹介を行います。具体的な面接場所は各求人企業との調整になるため、ハローワークでの案内を利用してください。,"[{""sid"": ""S1"", ""question"": ""求職"", ""answer"": ""日本国内で就労できる外国人の方は日本人と同じように職業紹介を受ける事ができます。\n公共職業安定所　(ハローワーク)\n職業紹介、就労に関する相談などに応じる国の機関が公共職業安定所です。\n仕事が見つかり労働契約を結ぶ時の重要な決まりや雇用保険についてなど、いろいろな相談も合わせて行われています。""}]"
窃盗事件について,窃盗事件が疑われる場合は、近くの交番または警察署に届出・相談してください。緊急時は110番へ、現場の安全確保を優先します。,"[{""sid"": ""S1"", ""question"": ""犯罪や交通事故にあったとき （事件・事故）"", ""answer"": ""交番\n日本では街角などに「交番」があり、警察官が駐在しています。地域のパトロールや犯罪の防止、家出人や落し物などの届け出を受け付けたり、道案内などを行っていますので、困ったことがあったら気軽に立ち寄ってみましょう。\n盗難や暴行にあったとき\n留守中に泥棒に入られたり、暴力の被害にあったときは、近くの交番や警察署に届けてください。\n緊急に助けを求めたい時は、110番に電話をしましょう。預金通帳，クレジットカードを盗まれた時は、銀行やカードの発行会社に届け出て、支払停止の手続きを要請することが必要です。\n交通事故にあったとき\n交通事故にあったら、どんな小さな事故でも警察に届けましょう。ケガ人がいる時は救急車を呼んでください。""}]"
非課税証明書の交付について通訳依頼,滋賀県国際協会の情報だけでは、非課税証明書の交付手続きについての具体的な案内は確認できません。国税庁等の公的情報源をご確認ください。,"[{""sid"": ""S1"", ""question"": ""年末調整の各種申告書（扶養控除等申告書など）について"", ""answer"": ""国税庁のウェブサイト内で、《外国語版》各種申告書（扶養控除等申告書など）が公開されています。\n【６言語版】\n英語、中国語、ポルトガル語、スペイン語、ベトナム語、フィリピノ語\nご活用ください。""}]"
休眠アカウントについて,滋賀県国際協会の情報では、休眠アカウントに関する具体的な案内は提供されていません。よって、休眠アカウントの扱いについては記載されたS1〜S5には該当情報が見当たりません。必要であれば、関連機関（金融機関やハローワーク等）への確認をおすすめします。,"[{""sid"": ""S1"", ""question"": ""働くときに確認しましょう！"", ""answer"": ""派遣会社から、労働契約を締結するときに労働条件の明示、派遣就業を開始するときに派遣料金額の明示、就業条件の明示があります。\n■　社会保険の加入について確認しましょう！\n社会保険に加入することで、一定の条件を満たせば、傷病手当金、出産手当金、育児休業給付金、介護休業給付金などを受け取ることができます。\n△　社会保険の加入条件\n勤務先が①法人事業所（株式会社、有限会社など）又は②従業員５人以上の個人事業所（飲食業、理美容業などを除く）に該当して、そこで常用使用される人は、厚生年金保険・健康保険に加入することになります。\n- パートタイマー、アルバイトであっても同様の業務に従事している正社員の所定労働時間および労働日数の４分の３以上である人は、被保険者となります。\n- 正社員の４分の３未満であっても、以下の５つの要件を全て満たす人は、被保険者になります。\n■　年次有給休暇、育児休業、介護休業を取ることができます\n派遣でも労働基準法、男女雇用機会均等法などの労働関係法令は適用されます。\n△年次有給休暇\n労働者の権利であり、行使することで賃金が支払われる休暇です。\n- 入社日から6カ月間継続して働き、全労働日の8割以上勤務した場合に10日、それ以降は1年ごとに勤続年数に応じて与えられます。この日数は、週5日または週30時間以上働く人の場合で、パートタイマーやアルバイトであっても、所定労働日数・時間に応じて年休が与えられます。\n- 年休を貯め続けることはできません。年休を請求できる権利は、2年間で消滅します。\n- 労働者の退職や解雇によって労働関係が消滅すれば、有給休暇の請求権は消滅します。\n- 使い切れない有給休暇を換金することは　原則として違法です。\n△育児休業・介護休業\nパートタイマーやアルバイトであっても、一定の条件を満たせば育児・介護休業を取ることができます。\n- 育児休業 労働者が原則として１歳に満たない子を養育するために取る休業です。 取得条件：同一事業者に一年以上雇用されていること。子が１歳６ヶ月に達する日までに労働契約期間が満了することが明らかでないこと。\n- 介護休業 労働者が、要介護状態の対象家族を介護するための休業です。対象家族１人につき通算９３日まで、３回を上限として、介護休業を分割して取得できます。 取得条件：同一事業者に一年以上雇用されていること。取得予定日から起算して９３日を経過する日から６ヶ月を経過する日までの間に、労働契約の期間が満了することが明らかでないこと。""}]"
クレジットカードについて,クレジットカードでの金銭トラブル防止については、特に身に覚えのない請求や不審な依頼には返信・連絡をしないこと、正規の業者かどうかは金融庁の資金移動業者登録一覧で確認することが推奨されています。なお、マネーロンダリングや違法行為を助長するような依頼には注意してください。詳しくは金融庁の情報を参照してください。,"[{""sid"": ""S1"", ""question"": ""金融トラブルにご注意！！"", ""answer"": ""電子マネーのトラブル\nインターネット有料サイトの利用料金未納を騙った架空請求など、詐欺行為の支払手段として現金だけでなく、電子マネーを悪用した被害が急増しています。\n※预プリペイドカードなどの電子マネーは、相手にカードを渡さなくても、カードに記載された番号等を伝えるだけで電子マネーの価値を譲渡したことになります。\n詐欺です！：「コンビニで電子マネーカードを買って、カード番号を教えて。\n」\n！身に覚えのない請求等に返信、連絡しないでください。\n！事業者、法務省や裁判所などが「未納料金などの支払い」の名目で、　　コンビニで電子マネーカードを購入させることは絶対にありません。\nマネー・ロンダリング（犯罪に関係するお金を持っている人をわからなくすること）は違法です！\n詐欺です！：「このお金をあなたの口座から送金してほしいんです。一万円あげますから。」\n！口座を他人にあげるなどの行為は違法です。\n！違法な業者かどうか判断できない場合はその業者は使わないでください。\n　金融庁ウェブサイトの資金移動業者登録一覧に載っていない業者は違法です。\nここから確認できます→　https://www.fsa.go.jp/menkyo/menkyoj/shikin_idou.pdf\n。\nメール・SMS（ショートメッセージサービス）による被害防止対策として、あらかじめ受信拒否設定をしておくことが効果的です。\n！おかしいと思ったら、すぐに家族や友人、警察＃9110（警察相談専用電話）に相談！\n- 消費者ホットライン　　　　１８８　（日本語）\n- 訪日外国人観光客消費者ホットライン 03-5449-0906\n- 金融サービス利用者相談室0570-016811（从ＩＰ電話からは：03-5251-6811）\n- 英語ワンストップ窓口　　　email: equestion@fsa.go.jp""}]"
ボランティア通訳について,滋賀県の情報では、ボランティア通訳に関する具体的な案内は提示されていません。関連する支援として、ヤングケアラー支援や多文化共生の居場所・相談窓口が案内されていますが、通訳ボランティアに関する公式情報は確認できません。必要であれば、滋賀県の窓口やNPO団体を通じた相談を推奨します。,"[{""sid"": ""S4"", ""question"": ""子育て応援シリーズ②　ヤングケアラーって？　家族を丸ごと支援"", ""answer"": ""みなさん、こんにちは。滋賀県子ども青少年局です。本県では、「子ども・子ども・子ども」をキーワードに、「子どものために、子どもとともにつくる県政」を目指しています。 みなさんは、ヤングケアラーを知っていますか？ヤングケアラーとは、本来大人が担う家事や家族の世話を日常的に背負う子どもたちのことです。例えば、このようなケースがあります。\nケース１：家事や幼いきょうだいの世話をしている\nケース２：高齢の家族がいて、見守りや介護をしている\nケース３：障害や病気のある家族がいて、介助や看病をしている\nケース４：家計を支えるため、放課後は働いている\nケース５：通訳等により、家族の意思疎通を支えている\n子どもにとって、「お手伝い」は成長につながる素晴らしい経験になります。しかし、その成長に見合わない重い責任や負担が続くことで、心や体の健康に影響が出てしまったり、子どもらしい時間を過ごすことができず、将来への夢や進路をあきらめてしまう子どもたちがいます。本人は「家族のサポートは当たり前」と考え、大好きな家族のため、苦しくても自身のSOSに気づかず相談できない、ということがあります。 本県では、このような子ども達と様々な問題を抱えるご家庭に「家族丸ごと支援」をキーワードに、ヤングケアラー支援を行っております。NPO法人を通して、相談窓口や似た境遇の仲間が集う場を提供している他、ヤングケアラー・コーディネーターを設置して支援にも取り組んでいます。\n外国籍の子どもたちの中には、言葉の壁のために本当の気持ちをいっぱい表現できず我慢したり、家族の通訳のために自分の時間が持てなかったりする子どもさんもいらっしゃいます。子どもらしく地域や家庭の中で「遊ぶ」「学ぶ」時間が保障される社会の実現のために、皆で支援していきましょう。子どもは社会の宝です。悩んでいるお子さん、ご家庭は、是非相談してください。　　　　（ヤングケアラー・コーディネーターより）\nこころんダイヤル\n子ども・青少年、保護者の悩みをお聞きします。\nTEL　077-524-2030\n午前9:00～午後9:00（12/29～1/3を除く）\n午後9:00以降は、24時間子どもSOSダイヤルにつながります。\n各市町相談窓口のご案内\n受けられる支援・サービスについてお問い合わせください。\nhttps://www.pref.shiga.lg.jp/file/attachment/5355506.pdf (https://www.pref.shiga.lg.jp/file/attachment/5355506.pdf)\n子どもたちがもっと笑顔に！　～いつもと違う場所で～\n滋賀県内には、子ども達を支えてくれる団体が沢山あります。\n「ヤングケアラー支援団体」（★）は、子どもたちが家庭などのことでしんどい時、ほっとしたい時、相談したい時に支えてくれる団体です。「子ども食堂」は、子どもたちが、無料、または低額で食事を楽しめる場です。（地域の大人も参加できる団体もあります。） 「居場所」は、子どもたちが好きに過ごせるスペースです。ちょっと遊びに行ってみよう！\nNPO法人 こどもソーシャルワークセンター\n- 内容: ★ヤングケアラー支援居場所・お弁当（配食）キャンプ\n- 開催場所: 大津市観音寺　9-8\n- 期間: 毎日\n- 問い合わせ先: 077-575-4378 https://liff.line.me/1645278921-kWRPP32q/?accountId=294hlbww (https://liff.line.me/1645278921-kWRPP32q/?accountId=294hlbww)\nNPO法人　芹川の河童\n- 内容: ★ヤングケアラー支援居場所・オンライン相談室\n- 開催場所: 彦根市河原2-3-4\n- 期間: 毎日\n- 問い合わせ先: 0749-20-9084 https://cswc2016.jp/ (https://cswc2016.jp/)\n多文化共生支援センター　SHIPS\n- 内容: 多文化子ども食堂\n- 開催場所: 草津市 草津1-13-12\n- 期間: 第４土曜\n- 問い合わせ先: 077-561-5110\nかんちゃんの小さな家\n- 内容: 多文化共生地域交流会・子ども食堂\n- 開催場所: 近江八幡市安土町浄楽寺956-2\n- 期間: 2か月に1回\n- 問い合わせ先: 090-3708-3315 https://kancyan-house.com/contact/ (https://kancyan-house.com/contact/)\nNPO法人　やんちゃ寺\n- 内容: 10代の居場所・子ども食堂\n- 開催場所: 草津市内\n- 期間: 第１、３、５土曜\n- 問い合わせ先: https://yanchadera.wixsite.com/yanchadera (https://yanchadera.wixsite.com/yanchadera)\nぱらでいろ\n- 内容: 居場所・子ども食堂\n- 開催場所: 愛荘町愛知川13-2\n- 期間: 第３金曜 夕食時\n- 問い合わせ先: 090-4030-1492 https://twitter.com/paradeiro12123 (https://twitter.com/paradeiro12123)\n大津　オルタナティブスクールトライアンフ\n- 内容: フリースクール・居場所 、水彩画教室\n- 開催場所: 大津市浜大津4-3-25\n- 期間: 火・水・金曜日\n- 問い合わせ先: 050-5374-0311 https://www.otsu-triumph.com/ (https://www.otsu-triumph.com/)\nちゃいるどビレッジ\n- 内容: こどもとおとなのサードプレイス（居場所）\n- 開催場所: 大津市比叡平2-39-4\n- 期間: 第４土曜 10～16時\n- 問い合わせ先: email：chimihirano@gmail.com\n・確認のため、連絡をしてからお出かけください。\n♪ もっといろんな子どもの居場所や食堂、遊び場があるよ ♪\n- 遊べる・学べる淡海子ども食堂（滋賀県内の子ども食堂）\n- 『しがこども体験学校』 「ふれあい」、「くらし・創作」、「自然」、「里山・田んぼ」、「文化芸術・歴史」の5つのテーマでさまざまな体験プログラムがあります。""}]"
火災保険の手続きについて,滋賀県国際協会の情報に基づくと、火災保険は住宅の所有形態に関わらず加入が推奨されます。賃貸の場合、建物の火災保険は大家が、室内の家財は入居者がそれぞれ加入・保険料を支払うケースが一般的です。持ち家では建物と家財の両方をカバーする火災保険に加入します。手続きの具体的な窓口や要件についての詳述はS1の記載範囲内です。,"[{""sid"": ""S1"", ""question"": ""火災保険について"", ""answer"": ""住宅は賃貸や持ち家にかかわらず、火災保険に加入する必要があります。 賃貸アパートやマンションなどの場合、入居時や更新時に「大家」と「入居者」がそれぞれ火災保険に加入するケースが一般的です。建物は大家の資産なので、建物に対する火災保険は大家が加入して保険料を支払い、室内の家具や家電などの家財道具に対する保険は、入居者が加入し保険料を支払います。持ち家であれば建物と家財の両方を補償する火災保険に入ります。""}]"
賃貸契約について,賃貸契約についての基本は、不動産業者へ相談して契約条件を確認してください。主な費用として、敷金（退去時返金）、礼金（返金なし）、仲介手数料（通常1ヶ月分）があります。入居時の保険は、賃貸では家財の保険を入居者が、建物の保険は大家が負担するケースが一般的です。S1の内容に基づき、これらを理解して契約を進めてください。,"[{""sid"": ""S1"", ""question"": ""賃貸住居"", ""answer"": ""家やアパートを借りたい場合は、不動産業者に相談してください。\n\n契約に必要とされるのは\n敷金\n家賃支払いの担保として家主に預けておくお金です。退去する際に返金されるものです。未払い賃料および借りていた家の中に損害がある場合は、その修理費をさし引かれますが、残高が戻ります。\n礼金\n家主に支払う一時金で返金されないもの。\n報酬\n不動産業者に仲介を依頼した時は、通常1ヶ月分が必要です。""}]"
ビザと荷物の預け入れについて,ビザと荷物の預け入れについては、滋賀県国際協会の情報には直接の記載がありません。従って、ビザ申請や海外からの荷物の預け入れ手続きについては、出入国管理関連や動物検疫等の公的機関（例：法務省・出入国在留管理庁、検疫当局）に確認してください。,"[{""sid"": ""S1"", ""question"": ""日本の労働関係法令（事業主側に求められていること ）"", ""answer"": ""国籍を理由とする差別的取り扱いの禁止\n使用者は、労働者の国籍、信条又は社会的身分を理由として、賃金、労働時間、その他の労働条件について、差別的取り扱いをしてはならないとされています。（労働基準法　第3条）\n労働条件の明示\n使用者は、労働契約を締結するにあたって、賃金、労働時間その他の労働条件を労働者に明示しなければなりません。特に賃金に関する事項は、書面で明示することが必要です。（労働基準法15条）\nまた、雇い入れにあたっては、賃金、労働時間等の主要な労働条件について、外国人労働者が理解できるようその内容を明らかにした書面（雇入通知書）を交付するよう求められています。\n強制労働･中間搾取の禁止\n使用者は、暴行や脅迫等で、労働者の意思に反して労働を強制してはなりません。\nまた、法令に基づいて許される場合のほか、業として他人の就職に介入して利益を得てはなりません。\n労働契約の不履行について違約金，損害賠償額を予定する契約の禁止\n契約期間満了前の退職等，労働者側の労働契約不履行について違約金を定めたり、損害賠償の額を予定する契約をすることは禁止されています。（労働基準法第16条）\n労働災害にあって療養中の労働者に対する解雇の制限\n業務上負傷し、又は疾病にかかり療養のために休業する期間及びその後30日間の解雇は禁止されています。(労働基準法第19条)\n解雇の予告\n労働者を解雇する場合には、少なくとも30日前に予告する必要があります。30日前に予告しない場合には30日に不足する日数分の平均賃金 (解雇予告手当)を支払う必要があります。\nただし、天災などのやむを得ない事由のために事業の継続が不可能になった場合や、労働者の責に帰すべき事由により解雇する場合はこの限りではありませんが、その場合、労働基準監督署長による解雇予告の除外認定を受けることが必要です。（労働基準法第20条､第21条）\n賃金の支払い\n賃金は､通貨で､労働者に対し直接に､全額を､毎月1回以上、一定期日を定めて支払わなければなりません。ただし、税金、雇用保険料などの法定控除及び組合費などの労使協定による控除は全額払いの例外となります。(労働基準法第24条)\n最低賃金\n使用者は労働者に対し最低賃金額以上の賃金を支払わなくてはなりません。最低賃金には、地域別最低賃金と産業別最低賃金があります。(最低賃金法)\n労働時間､休日\n法定労働時間は、1日8時間、1週間40時間 (一部の規模・業種の事業場については46時間)となっています。(労働基準法第32条。第40条)法定の休日は、週について１日又は４週について４日以上とされています。(労働基準法第35条)\n時間外・休日労働及び深夜労働の割増賃金\n法定の労働時間を延長し､法定の休日に労働させるには、法令で定められた一定の手続きが必要とされています。（労働基準法第36条）\nまた、法定の労働時間を超える労働に対しては､通常の労働時間または労働日の賃金の25％以上の率、法定の休日における労働に対しては、35％以上の率で計算した割増賃金を支払わなければなりません。\nさらに、深夜（午後10時から午前5時まで）における労働に対しても、25％以上の率で計算した割増賃金を支払わなければなりません。（労働基準法第37条）\n年次有給休暇\n6ヶ月間継続勤務し、全労働の8割以上出勤した労働者に対しては､年次有給休暇を与えなければなりません。（労働基準法第39条）\n金品の返還\n我が国に在留する外国人は、旅券又は外国人登録証明書を常時携帯する必要がある（入管法第23条）ので、事業主は旅券等を保管しないこととされています。\nまた、労働者が退職する際に、請求があった場合、7日以内に当該労働者の権利に属する金品を返還しなければなりません。（労働基準法第23条）\n安全衛生\n労働者の安全と衛生を確保するため、安全衛生教育（雇入れ時の教育等）、健康診断の実施等、労働者の危険又は健康障害を防止するための措置を講じなければなりません。（労働安全衛生法）""}]"
雇用保険について,滋賀県国際協会の情報に基づく要点は以下です。雇用保険は在職中の雇用安定と失業者の生活安定・再就職促進のための給付制度で、労働者と事業主が保険料を納付します。原則として国籍を問わず被保険者となり、事業主を通して適用されます。離職時には条件を満たせば基本手当を受給できます。条件には、日本国内での就労制限のないこと、離職日以前の被保険者期間が通算12カ月以上（解雇・倒産の場合は直前1年間で6カ月以上）、離職により被保険者資格を失ったことの確認、就職したくても就けないこと、などが挙げられます。詳しくは居住地の公共職業安定所へ問い合わせてください。雇用保険法の改正として、出生後休業支援給付金の創設が2025年4月1日から適用され、育児休業を取得した場合、最大28日間、育児休業給付に加えて追加給付が支給され、子どもの出生直後の期間の手取り収入を確保します。ひとり親家庭等の場合は配偶者の休業取得要件は問われません。労働災害については、外国人労働者を含む全被雇用者が労災保険の給付を受けられ、保険料は事業主が全額負担します。詳しい相談は労働基準監督署へ。,"[{""sid"": ""S1"", ""question"": ""雇用保険"", ""answer"": ""雇用保険制度とは、在職中の労働者の雇用の安定を図り、失業中の労働者に対して、生活の安定と再就職の促進のために失業等給付を行うものです。　失業等給付は、労働者と事業主が支払う保険料によってまかなわれており、日本で雇用されれば外国の失業保険制度の適用を受けていることが立証された者を除き、原則として国籍（無国籍を含む）のいかんに関わらず被保険者となり、事業主を通じて被保険者になります。\n労働者が会社を自己都合、解雇などで離職した場合、次の条件を満たし、公共職業安定所が認めれば基本手当てを受給することができます。\n- 日本国内での就労に制限のない方で日本において反復して就労することが可能な方。\n- 離職日以前２年間に、被保険者期間が通算して１２ヶ月以上ある。（解雇や倒産の場合は離職の日以前１年間に通算６ヶ月以上）\n- 離職したため、被保険者の資格をなくしたことが確認された。\n- 仕事をしたくても仕事に就けない。\n※詳しくは、居住地の公共職業安定所までお問い合わせください。\n雇用保険の手続きについて (https://www.mhlw.go.jp/stf/seisakunitsuite/bunya/koyou_roudou/koyou/koyouhoken/index_00003.html)""}, {""sid"": ""S2"", ""question"": ""雇用保険"", ""answer"": ""雇用保険制度とは、在職中の労働者の雇用の安定を図り、失業中の労働者に対して、生活の安定と再就職の促進のために失業等給付を行うものです。　失業等給付は、労働者と事業主が支払う保険料によってまかなわれており、日本で雇用されれば外国の失業保険制度の適用を受けていることが立証された者を除き、原則として国籍（無国籍を含む）のいかんに関わらず被保険者となり、事業主を通じて被保険者になります。\n労働者が会社を自己都合、解雇などで離職した場合、次の条件を満たし、公共職業安定所が認めれば基本手当てを受給することができます。\n- 日本国内での就労に制限のない方で日本において反復して就労することが可能な方。\n- 離職日以前２年間に、被保険者期間が通算して１２ヶ月以上ある。（解雇や倒産の場合は離職の日以前１年間に通算６ヶ月以上）\n- 離職したため、被保険者の資格をなくしたことが確認された。\n- 仕事をしたくても仕事に就けない。\n※詳しくは、居住地の公共職業安定所までお問い合わせください。""}, {""sid"": ""S3"", ""question"": ""雇用保険法　「出生後休業支援給付金」の創設 ( 2025年４月１日からの法改正 )"", ""answer"": ""雇用保険の被保険者が子どもの出生直後の一定期間に、両親ともに１４日以上の育児休業を取得した場合、最大28日間、現在の育児休業給付に加えて追加の給付金が支給されます。これにより、育児休業前と同額の手取り収入（10割相当）が補償されることになります。\nなお、ひとり親家庭や配偶者が専業主婦（夫）、または自営業者などの場合は配偶者の休業取得要件は問われません。""}, {""sid"": ""S4"", ""question"": ""雇用保険法　「出生後休業支援給付金」の創設 ( 2025年４月１日からの法改正 )"", ""answer"": ""雇用保険の被保険者が子どもの出生直後の一定期間に、両親ともに１４日以上の育児休業を取得した場合、最大28日間、現在の育児休業給付に加えて追加の給付金が支給されます。これにより、育児休業前と同額の手取り収入（10割相当）が補償されることになります。\nなお、ひとり親家庭や配偶者が専業主婦（夫）、または自営業者などの場合は配偶者の休業取得要件は問われません。""}, {""sid"": ""S5"", ""question"": ""労働災害"", ""answer"": ""外国人労働者（入国管理法における「不法就労者」を含む）も仕事場でケガをしたり、仕事が理由で病気になったり、死亡したり、あるいは職場への行きかえりに事故にあったりした場合には、医療費、仕事ができない分の補償、傷害が残ったときの補償等を労災保険から受けられます。この保険には、パートタイマー、アルバイトを問わず労働者を1人でも雇っている事業主は加入しなければならず、保険料については事業主が全額負担しなければなりません。 詳しいことは労働基準監督署に相談しましょう。""}]"
妊娠による解雇,滋賀県国際協会の情報の範囲では、妊娠を理由とした解雇は不適切であるとされる一般的な原則（正当な休職・産休・育児休業の取得を理由にした不利益取り扱いの禁止）は示されていません。ただし、解雇は労働基準法等の法令に従う必要があり、妊娠を理由に解雇することは原則として不当です。実務的には、妊娠を理由として解雇することは慎重を要し、法的には不当解雇や解雇予告手当等の適用が問題となる場合があります。具体的な判断や手続きについては、就業規則や労働法の専門家へ相談してください。,"[{""sid"": ""S1"", ""question"": ""退職するときは"", ""answer"": ""自己都合による退職\n退職については、通常就業規則に定めがありますので、あらかじめその内容や手続きについて確認しておきましょう。 　なお、民法（第627条）によれば、期間に定めのない労働契約の場合は，原則として退職の申し入れから２週間後に契約は終了するものとされています。\nただし、急に「辞めたい」と申し入れることは、会社にとっては事務引継ぎなどで困ることもありますので、退職の時期等については会社と充分話し合うことが望ましいでしょう。\n事業主からの解雇\n解雇に当たっては、雇用者は労働者に少なくとも30日前にその予告をする必要があり、30日前に予告しない場合には30日に不足する日数分の平均賃金（解雇予告手当）を支払う必要があります。（労働基準法20条、21条）。""}]"
家族を探してほしい,滋賀県国際協会の情報に基づくと、家族を探す方法としては、地域の家庭児童相談室や市町役場の相談窓口を利用することが推奨されています。また、地域子育て支援拠点や児童館などの相談窓口で情報提供を受けることができます。必要に応じて“しが外国人相談センター”へ連絡して言語サポートを受けることも可能です。具体的な窓口は市町村の役場や地域の子育て支援拠点にお問い合わせください。,"[{""sid"": ""S2"", ""question"": ""子育て応援シリーズ① 子どもが生まれたら"", ""answer"": ""子どもが生まれたらお住まいの役所で様々な手続きがあります。外国籍の子どもには、領事館（大使館）や出入国管理局での手続きも必要になります。\n役所でする手続き\n1. 出生届\n2. 児童手当\n3. 子どもの健康保険\n4. 福祉医療費助成（乳幼児）\n大使館・出入国管理局での手続き\n- 生まれてから30日以内に出入国管理局で子どもの在留許可申請をします。\n- 各国領事館 （大使館）で子どもの国籍を取得し、パスポートの申請をします。\n子どもとお母さんの健康のために\n出産後、子どもとお母さんの健康を定期的に確認します。子どもの各種健診や教室、訪問のほとんどが無料なので積極的に利用しましょう。心配なことがあれば相談しましょう。\n- 産後健診\n- 新生児訪問\n- 予防接種\n- 乳幼児健診\n- 離乳食教室\n子どもの成長、発達が気になる．．．\nまずは乳幼児健診の時やかかりつけ医に相談しましょう。\n市町の保健センター\n市町の発達支援室・センター (https://www.pref.shiga.lg.jp/file/attachment/5397382.pdf)\n発達障害に関する外国人保護者向けパンフレット\n発達障害情報・支援センター (http://www.rehab.go.jp/ddis/world/brochure/)\n育児の不安を相談したい．．．\n市町の家庭児童相談室　市町の役場で相談しましょう。\nこころんだいやる電話相談\nTEL： 077-524-2030\n（子ども・子育て応援センター　電話、または面接での相談ができます）\n児童相談所相談専用ダイヤル\nTEL：0120-189-783\n虐待かな．．．\n児童相談所虐待対応ダイヤル\nTEL：189\n子どもを一時的に預かってほしい．．．（事前登録要）\nファミリー・サポート・センター\nファミリー・サポート・センター (https://www.hugnavi.net/child/family.php)\n「子どもを預けたい人」と「子どもを預かりたい人」を結び付け、保育所までの送迎や、保護者の病気などの際に子どもを預かったりします。\n一時預かり事業\n保護者の病気や用事の時に子どもを保育所などで一時的に預かります。\n病児・病後児保育\n病児・病後児保育 (https://hugnavi.net/child/byouji.php)\n子どもが病気の際、保護者が家庭での保育が難しい場合に、医療機関や保育所等で子どもを一時的に保育します。\n働いているので子どもを保育所で預かってもらいたい．．．\n保育所、認定こども園、認可外子ども施設などで、０歳から子どもを預かってもらえます。施設の利用にはお住まいの市町から利用のための認定を受ける必要があります。市町の役場で相談しましょう。\n一人で子どもを育てています．．．\n経済支援、就労支援のほかに、家事や子育てのサポートが受けられます。\n市町の役場で相談しましょう。\n子どもとお出かけしたい．．．\n地域子育て支援拠点\n地域子育て支援拠点 (https://hugnavi.net/child/base.php)\n子育て中の親子が集い、相互交流や子育ての不安・悩みを相談できる場です。\n児童館\n児童館 (https://hugnavi.net/child/house.php)\n健全な遊びを通して、子どもの発達を援助していく施設です。\n♡滋賀県立びわ湖こどもの国\n滋賀県立びわ湖こどもの国 (http://www.biwa.ne.jp/~kodomo92/sp/index.html)\nたくさんの遊具がある大型の児童館です。　高島市安曇川町北船木\n悩みがあれば、相談しましょう！\n★言葉が心配なときは、「しが外国人相談センター」にお電話ください。\nTEL：077-523-5646\nSHIGA SMILE BABY PROJECT　～ありがとうの贈り物～\nSHIGA SMILE BABY PROJECT　～ありがとうの贈り物～ (https://www.pref.shiga.lg.jp/ippan/kosodatekyouiku/kosodate/319567.html)\n滋賀で生まれた子どもやその家族へ「おめでとう、ありがとう」の思いをこめて、社会全体で出産・子育てを応援しているというメッセージとともに「ありがとうの贈り物」をお届けします。\n対象：１歳未満の赤ちゃん　※事前申し込みが必要です。""}]"
出産手当金,出産手当金は、妊娠や出産に伴い長期間会社を休む際、健康保険へ加入している人に支給される給付です。給付額は直近一年間のお給料を平均した額のおおよそ2/3で、出産日以前42日間（多胎妊娠は98日間） plus 出産日後56日間の期間に支給されます。手続きは勤務先を通して健康保険へ申請します。なお、扶養家族の出産には対象外です。,"[{""sid"": ""S1"", ""question"": ""【健康保険シリーズ5】子どもが生まれたら"", ""answer"": ""健康保険は病気になったときの給付だけではありません。他にもさまざまな給付があります。今日はその中でも、出産にかかわる健康保険からの給付をご紹介します。出産を控えている方にはぜひ知っておいて欲しい制度です。\n出産は保険が使えるの？「出産育児一時金」\n正常な妊娠・出産は病気ではありませんので、健康保険の対象外となります。3割負担での受診はできません。\nしかし「出産育児一時金」の直接払いの手続きをすれば、出産費用が補助されます。\n病院では補助される額を超えた分のみの費用負担で済みます。\n補助額\n一児につき50万円\n（重度の脳性麻痺を保障する制度に加入していない病院では４8.８万円）\n対象者\n妊娠４ヵ月（８５日）以降の出産で、死産を含みます。\n手続き方法\n病院で手続きができます。利用申込の書類に署名してください。\n出産育児一時金 URL: https://www.kyoukaikenpo.or.jp/g6/cat620/r310/ (https://www.kyoukaikenpo.or.jp/g6/cat620/r310/)\n*頁右上の Select language で言語を選択（英語、中国語（簡体字、繁体字）、韓国語、スペイン語、ポルトガル語）\n出産で会社を休んだら？　「出産手当金」\n妊娠や出産で長期間仕事を休むと、お給料が支払われなくなり生活に困ることもあります。しかし会社で健康保険に加入して働いている方は、「出産手当金」を請求すれば生活保障として手当金が支給されます。（扶養家族の出産は対象外です。また市町村の国民健康保険には、この制度はありません）\n給付額\n直近一年間のお給料を平均した額のおおよそ2/3\n対象期間\n出産日以前42日間（多胎妊娠は98日間）＋出産日後56日間\n手続き方法\n会社を通して健康保険に申請してください。\n出産手当金 URL: https://www.kyoukaikenpo.or.jp/g6/cat620/r311/ (https://www.kyoukaikenpo.or.jp/g6/cat620/r311/)\n*頁右上の Select language で言語を選択\nまた毎月のお給料から引かれている社会保険料も、産休中は支払いが免除されます。\n会社の総務の方に相談してみてください。""}]"
エアコンの設置等,申し訳ありません。ご質問の「エアコンの設置等」について、滋賀県国際協会の提供情報だけを根拠とする事実ベースの回答を作成するには、具体的な情報源が必要です。現時点では、当協会の公開資料にエアコン設置に関する詳細なガイドラインや手続き情報が確認できません。該当情報が必要であれば、公式サイトの該当ページやお問い合わせ窓口をご案内します。,[]
自転車購入のトラブル,滋賀県協会の情報に基づくと、自転車購入時のトラブルは以下の点に注意してください。1) 買い取り・譲渡の場合でも名義変更が必要になるケースがあり、原付バイクと同様に住民登録地の市役所または陸運局で手続きします（原付50–125ccは市役所、12６cc以上は陸運局）。2) 自転車のヘルメット着用は努力義務となっています（自転車運転者の遵守事項）。3) 自賠責保険は自転車には適用されませんが、任意保険への加入を検討すると安心です。4) 中古車の名義変更は買い手が手続きを行うのが基本ですが、友人から買う場合は一緒に手続きへ同行する方法もあります。これらの点を確認して手続き・保険を整えることをおすすめします。,"[{""sid"": ""S1"", ""question"": ""二輪車のルールを知ってますか？"", ""answer"": ""自転車用ヘルメットの着用について\n道路交通法の一部を改正する法律の施行により、2023年4月1日から\n自転車利用者のヘルメット着用が努力義務になりました。\n。\n【自転車の運転者等の遵守事項】\n1. 自転車の運転者は、乗車用ヘルメットをかぶるよう努めなければなりません。\n2. 自転車の運転者は、子どもを乗せる場合、または他人に自転車を貸す場合は、その人に乗車用ヘルメットをかぶらせるよう努(つと)めなければなりません。\n3. 保護者の方は、児童や幼児が自転車を運転するときは、ヘルメットをかぶらせるよう努めなければなりません。\nバイク購入時の手続きについて\n販売店で原付バイクを購入すれば手続きはすべて行ってくれます。しかし、知人や友人、ネットオークションなどで中古バイクを譲り受けた場合は、自分で名義変更等の手続きをします。\n名義変更（登録）の手続きをする方法\nバイクの名義変更（登録）の方法は、バイクの排気量によって異なります。\n☆☆\t☆\t原付バイク（50～125cc）\n新しい所有者が住民登録をしている市役所で手続きできます。\n☆☆\t☆\t軽二輪バイク、中型・大型バイク（12６cc以上）\n新しい所有者の住所を管轄している運輸支局（陸運局）で手続きをします。\n滋賀運輸支局：守山市木浜町2298番地の5\n登録検査手続き案内：050-5540-2064\n! \t\t個人売買の基本ルールとしては買い手側が名義変更の手続きを行いますが、友人から買う場合は一緒に陸運局や役所に手続きに行く方法もあります。\n自賠責保険への加入\nバイク保険は「自賠責保険」と「任意保険」の二種類があります。\nバイクを購入すると自賠責保険への加入が必須です。\n自賠責保険は人身事故の補償を対象とした強制加入のもので、未加入運転の場合には罰則があります。また、加入は義務ではありませんが、被害者と加害者両方を補償できる任意保険に加入しておくと安心です。""}]"
健康診断の予約,"協会けんぽ滋賀支部の健診案内に沿って、健康診断の予約を行いましょう。40歳以上の特定健診案内は通常4月に郵送・送付され、受診券があれば費用が7,150円引きになる場合があります。自宅に案内が届いたら、事前に受診したい病院や会場を予約し、受診券を用意してください。会社勤めの方は職場の案内に従い、扶養家族の方は40歳以上で案内が届いたら予約を進めてください。もし案内が届いていない方や市町村の健診補助情報を知りたい方は、お住いの市町村役場や協会けんぽ滋賀支部までお問い合わせください。なお、協会けんぽの健診費用補助は、35〜74歳の就労者向けの詳しい案内が滋賀支部HPで案内されています。","[{""sid"": ""S1"", ""question"": ""【健康保険シリーズ ８】年に１回は健診を受けましょう！"", ""answer"": ""健康診断を受けていますか？健診はからだの異常を早期に発見できる絶好の機会です。まったく自覚症状のない検査数値の異常も、放置しておくと命にかかわる病気に進行してしまう可能性があります。そのため、毎年の健診結果を確認、比較し、からだの変化を読み取ることが大切です。年に１回は必ず健診を受けましょう。\n日本では、４０歳から７４歳までの健康保険の加入者を対象とした「特定健診」を実施しています。加入する健康保険から年に１回健診費用の補助が受けられます。\n★お勤めの方\n年に１回、健康診断を従業員に受けさせることが事業主に義務付けられています。\n会社で健康診断の案内があったら必ず受診しましょう。法で定められた検査項目については、事業主が費用を負担します。\n★★\t協会けんぽの健康保険に加入の扶養家族の方\n４０歳以上のご家族の方には、毎年４月に特定健診の案内が自宅に届きます。\n中には、受診券やパンフレットなどが入っています。事前に受けたい病院や会場を予約して、特定健診を受けましょう。受診券があれば、費用の総額から７,１５０円引きになります。 自己負担なしの無料で受けられる会場もありますので、案内が届いたら、必ず受診しましょう。\n★★国民健康保険に加入中の方\n国民健康保険でも特定健診の受診を推進しており、自宅に案内を配付していますので、案内が届いたら必ず受診しましょう。案内の時期や内容については、住んでいる市町村役場に聞いてみましょう。\n協会けんぽに加入の皆様へ ～ お知らせ ～\n从2２０２３年１月から、協会けんぽの申請書・届出書の様式が変更になりました。\n新しい様式は、協会けんぽのホームページからダウンロードできます。\n古い様式の申請書・届出書をお持ちの方は、使用せず廃棄してください。""}]"
証明写真,滋賀県国際協会の情報には“証明写真”に関する具体的な案内は含まれていません。したがって、証明写真については滋賀県内の公共機関や写真館の案内をご確認ください。,"[{""sid"": ""S1"", ""question"": ""運転免許証の取得"", ""answer"": ""外国の免許がなく新しく日本の運転免許を取るには、日本人と同様の方法で試験を受けてください。 この場合の筆記試験は、日本語、英語、ポルトガル語、中国語から選択できます。\n日本の交通ルールについては、Rules of Road’( 「交通の教則本」JAF発行）が、英語，中国語、スペイン語、ポルトガル語で発行されています。""}]"
タガログ語通訳の依頼。,滋賀県国際協会の情報だけに基づくと、タガログ語通訳の直接の連絡先は提示されていません。OTIT外国人技能実習機構の多言語窓口としてタガログ語の電話番号が案内されていますが、滋賀県内でのタガログ語通訳依頼に関する具体的な窓口は記載されていません。法テラス滋賀の多言語ダイヤルにはタガログ語の案内番号があり、法律相談のサポートは可能です。もし滋賀県内の通訳手配が必要であれば、滋賀労働局の外国人労働者向け相談ダイヤル（タガログ語は火・水 0570-001705）等の案内を初期問い合わせ先としてご検討ください。これらの情報はS1およびS5から引用しています。,"[{""sid"": ""S1"", ""question"": ""技能実習について"", ""answer"": ""OTIT外国人技能実習機構　母国語相談\nTel 0120-250-147（英語 English）\nTel 0120-250-169 （中国語 中文）\nTel 0120-250-197（タガログ語 Tagalog）\nTel 0120-250-197（タガログ語 Tagalog）\nTel 0120-250-168（ベトナム語 Tiếng Việt）\nTel 0120-250-192（インドネシア語 Indonesia）　 　等々""}, {""sid"": ""S5"", ""question"": ""派遣労働についての新しいルール等を知って、就労に役立てましょう！"", ""answer"": ""■派遣受け入れ期間の制限と労働契約の申し込み義務について\n一部の業務を除き、派遣先で派遣労働者を受け入れることのできる期間には最長３年の制限があります。期間制限を超えてその業務について派遣労働者を仕事をさせる場合などは、派遣先は派遣労働者へ労働契約の申込みをしなければなりません。 2015年の労働者派遣法改正法で、派遣として、同じ事業所で同じ仕事を３年を超えて働くことは、基本的にできないことになりました。一定の手続きを経れば、３年を超えて働くことはできますが、異なる「課」などへ移動することが必要です。2018年９月より、同じ事業所の同じ「課」などに、継続して３年派遣される見込みとなった場合には、派遣元事業主（派遣会社）から下記の雇用安定措置（義務）を受け取ることが可能です。 （１年以上３年未満派遣見込みの方には、努力義務の対象。「派遣元で無期雇用されている派遣労働者」や「６０歳以上の派遣労働者」などは、雇用安定措置の対象外）\n対象：2015年９月３０日以降に労働者派遣契約を締結・更新した派遣労働者\n△　雇用安定措置の内容（義務）\n派遣元事業主は、以下の1.～4.のいずれかの措置を講じる必要があります。また、1.を講じて直接雇用に結び付かなかった場合には、別途2.～4.のいずれかの措置を講じる必要があります\n1. 派遣先への直接雇用の依頼（派遣先が同意すれば、派遣先の社員となります）\n2. 新たな派遣先の提供（その条件が派遣で働く方の能力、経験に照らして合理的なものに限る）\n3. 派遣元での派遣労働者以外としての無期雇用\n4. その他雇用の安定を図るための措置\n注意\n- 雇用安定措置の対象となるには、派遣元事業主に対し、派遣終了後も継続して就業することを希望することが必要です。雇用安定措置1.～4.のうち、派遣元事業主に講じてもらいたいものを希望することができます。\n- 派遣先が、派遣労働者を禁止業務（港湾運送業務、建設業務、警備業務、医療関連業務）に従事させたり、期間制限に違反して労働者派遣を受け入れたなどの場合には、その派遣労働者に対して労働契約の申し込みをしたとみなされます。\n■無期雇用への転換推進措置について\n2018年４月から無期雇用の申請受付も始まっています。有期労働契約が2013年４月以降、反復して更新されて通算５年を超えたときは、労働者の申し込みにより、次回の契約から期間の定めのない労働契約に転換できます。（詳しくはみみタロウ１２６号）\n労働についての相談窓口\n滋賀労働局総合労働相談コーナー　℡：077-522-6648　（日本語）\n大津市打出浜１４－１５滋賀労働総合庁舎４Ｆ\n「外国人労働者向け相談ダイヤル」10:00～15:00\n- 英語　　　　　月～金　　　℡ 0570-001701\n- 中国語　　　　月～金　　　℡ 0570-001702\n- ポルトガル語　月～金　　　℡ 0570-001703\n- スペイン語　　火、木、金　℡ 0570-001704\n- タガログ語　　火、水　　　℡ 0570-001705""}]"
歯科治療についての法的アドバイス,滋賀県国際協会の情報を根拠に、歯科治療に関する法的アドバイスとしては、特定の治療自体の法的義務や制限を示す公式の法令解釈は提供されていません。一般的には治療費や保険適用の扱いは健康保険制度の下で決定され、病院選択や初診・紹介状の有無は大病院の受診に関する費用の差異に影響します。紹介状なしで大病院を受診した場合の追加料金等は健康保険制度の改正情報として案内されています。歯科治療に関する具体的な権利・義務やトラブル対応については、法テラスや滋賀弁護士会などの法的支援窓口の利用を検討してください。,"[{""sid"": ""S3"", ""question"": ""【健康保険シリーズ７】大きな病院にかかるときは注意が必要です"", ""answer"": ""【選定療養費の改正について】\n2022年10月から国の制度が見直しとなり、紹介状なしで大病院を受診するときの医療費負担が大きくなりました。\n初診　５，０００円　→　７，０００円（税別）\n再診　２，５００円　→　３，０００円（税別）\nこの金額は健康保険の対象外です。高額療養費にも含まれません。大病院とは大学病院や、おおむね２００床以上の病院のことです。日本の病院は、病院の規模などに応じた役割分担をすすめています。\n軽症の患者が初めから大病院を受診してしまうと、本来大病院で治療するべき重症患者の受診や入院患者への対応が妨げられてしまいます。\n紹介状をもたず大病院を受診した場合は、通常の医療費の他に７，０００円以上の特別な料金がかかりますので、注意してください。\nまずお住まいの地域の診療所を受診し、必要に応じ大病院の紹介を受けてください。""}, {""sid"": ""S4"", ""question"": ""【健康保険シリーズ７】大きな病院にかかるときは注意が必要です～"", ""answer"": ""【選定療養費の改正について】\n2022年10月から国の制度が見直しとなり、紹介状なしで大病院を受診するときの医療費負担が大きくなりました。\n初診　５，０００円　→　７，０００円（税別）\n再診　２，５００円　→　３，０００円（税別）\nこの金額は健康保険の対象外です。高額療養費にも含まれません。大病院とは大学病院や、おおむね２００床以上の病院のことです。日本の病院は、病院の規模などに応じた役割分担をすすめています。\n軽症の患者が初めから大病院を受診してしまうと、本来大病院で治療するべき重症患者の受診や入院患者への対応が妨げられてしまいます。\n紹介状をもたず大病院を受診した場合は、通常の医療費の他に７，０００円以上の特別な料金がかかりますので、注意してください。\nまずお住まいの地域の診療所を受診し、必要に応じ大病院の紹介を受けてください。""}]"
健康診断の問診表,健診の問診表は、協会けんぽ滋賀支部などの健康診断実施機関が用意する問診票に基づきます。具体的な問診項目や記入方法は、案内時に同封の受診券やパンフレット、健診機関の案内をご確認ください。受診時に問診表を提出することで、生活習慣病の早期発見につながります。,"[{""sid"": ""S1"", ""question"": ""【健康保険シリーズ ８】年に１回は健診を受けましょう！"", ""answer"": ""健康診断を受けていますか？健診はからだの異常を早期に発見できる絶好の機会です。まったく自覚症状のない検査数値の異常も、放置しておくと命にかかわる病気に進行してしまう可能性があります。そのため、毎年の健診結果を確認、比較し、からだの変化を読み取ることが大切です。年に１回は必ず健診を受けましょう。\n日本では、４０歳から７４歳までの健康保険の加入者を対象とした「特定健診」を実施しています。加入する健康保険から年に１回健診費用の補助が受けられます。\n★お勤めの方\n年に１回、健康診断を従業員に受けさせることが事業主に義務付けられています。\n会社で健康診断の案内があったら必ず受診しましょう。法で定められた検査項目については、事業主が費用を負担します。\n★★\t協会けんぽの健康保険に加入の扶養家族の方\n４０歳以上のご家族の方には、毎年４月に特定健診の案内が自宅に届きます。\n中には、受診券やパンフレットなどが入っています。事前に受けたい病院や会場を予約して、特定健診を受けましょう。受診券があれば、費用の総額から７,１５０円引きになります。 自己負担なしの無料で受けられる会場もありますので、案内が届いたら、必ず受診しましょう。\n★★国民健康保険に加入中の方\n国民健康保険でも特定健診の受診を推進しており、自宅に案内を配付していますので、案内が届いたら必ず受診しましょう。案内の時期や内容については、住んでいる市町村役場に聞いてみましょう。\n協会けんぽに加入の皆様へ ～ お知らせ ～\n从2２０２３年１月から、協会けんぽの申請書・届出書の様式が変更になりました。\n新しい様式は、協会けんぽのホームページからダウンロードできます。\n古い様式の申請書・届出書をお持ちの方は、使用せず廃棄してください。""}]"
面接の準備,"滋賀県国際協会の情報に基づき、面接準備の基本ポイントを簡潔にご案内します。
- 事前情報収集: 面接先の学校・団体の目的・求める人材像を確認し、自己PRの軸を決める。滋賀県内の就学・進路情報と関連する話題を整理しておくと良いです。
- 自己紹介の準備: 名前、出身、志望動機、強み・経験、将来の目標を3～4行程度で簡潔にまとめる。
- 面接マナー: 清潔感のある服装、時間厳守、敬語・丁寧な話し方を意識。緊張時は深呼吸で落ち着く練習を。
- 想定質問への準備: 志望動機、学校生活での経験、チームでの役割、困難をどう乗り越えたかなどを具体例とともに答えられるよう練習する。
- 質問リストの用意: 面接官へ質問したいことを2つ程度準備すると積極性を示せる。
- 練習方法: 友人・家族と模擬面接を行い、声の大きさ・表情・視線の向け方を確認。動画で自己表現を振り返るのも有効です。
- 当日準備: 書類（履歴・学校の成績・活動実績など）を整えて携行。面接会場への道順・所要時間を事前に確認して余裕を持って出発。","[{""sid"": ""S1"", ""question"": ""[小学校デビューQ＆A] 給食について教えてください。"", ""answer"": ""公立の学校では給食があります。食物アレルギーや宗教上などの配慮が必要なお子さんは必ず学校に知らせてください。保護者はお箸やコップなどの給食セットを準備しておきましょう。子どもは給食当番があります。当番で使った給食エプロンは、洗濯してアイロンをかけてまた翌週に持っていきます。""}]"
貸付金とエアコンについて,滋賀県国際協会の情報には、貸付金とエアコンの直接的な案内は含まれていません。貸付金に関しては教育資金などの制度情報が～に記載されていますが、エアコンについての具体的な支援や負担軽減の記述は確認できません。したがって、エアコンの費用支援や貸付の有無については、地元の窓口（滋賀県社会福祉協議会や市区町村の福祉課など）へ直接ご相談ください。,"[{""sid"": ""S2"", ""question"": ""教育資金貸付制度、教育ローン"", ""answer"": ""＊在留資格について、制約がある場合があります。\n金利、返済期間等について、確認してから借りましょう。\n生活福祉資金教育貸付 (教育支援金)\n[対象者] 低所得者世帯\n[連絡先・備考] 滋賀県社会福祉協議会 　 TEL：077-567-3903\n＊無利子\nひとり親家庭・寡婦福祉資金の修学資金、就学支度金の貸付\n[対象者] 母子父子家庭\n[連絡先・備考]\n滋賀県健康医療福祉部子ども・青少年局 TEL：077-528-3554\n大津市在住者は大津こども家庭課　 TEL：077-528-2686\n＊無利子\n教育一般貸付 国の教育ローン\n[連絡先・備考]\n日本政策金融公庫 (https://www.jfc.go.jp/n/finance/search/ippan.html)\n教育コールセンター TEL：0570-008656\n＊有利子\n銀行の教育ローン\n[連絡先・備考] 各銀行（銀行により金利が異なります）\n＊有利子""}, {""sid"": ""S3"", ""question"": ""教育資金"", ""answer"": ""子ども達の進学のため、教育資金の準備はできていますか？教育資金が不足する場合、銀行のローンの他、次のような制度を利用して、お金を借りることができます。\n（概ね、永住者、日本人の配偶者等、永住者の配偶者等、定住者対象）\n▲ローンや奨学金を利用する際は、返済に困らないような計画を立てましょう！""}]"
出産手当金,出産手当金は、健康保険に加入している会社員等が妊娠・出産で長期間休んだ場合に支給される生活保障の給付です。給付額は直近一年間の平均給与の約2/3で、出産日以前の休業期間は42日間（多胎妊娠は98日間）と出産日後の56日間を対象とします。手続きは勤務先を通じて健康保険へ申請します。なお、扶養家族の出産は対象外です。産休中の社会保険料の支払いは免除されます。出産手当金の詳細は下記URLをご参照ください。,"[{""sid"": ""S1"", ""question"": ""【健康保険シリーズ5】子どもが生まれたら"", ""answer"": ""健康保険は病気になったときの給付だけではありません。他にもさまざまな給付があります。今日はその中でも、出産にかかわる健康保険からの給付をご紹介します。出産を控えている方にはぜひ知っておいて欲しい制度です。\n出産は保険が使えるの？「出産育児一時金」\n正常な妊娠・出産は病気ではありませんので、健康保険の対象外となります。3割負担での受診はできません。\nしかし「出産育児一時金」の直接払いの手続きをすれば、出産費用が補助されます。\n病院では補助される額を超えた分のみの費用負担で済みます。\n補助額\n一児につき50万円\n（重度の脳性麻痺を保障する制度に加入していない病院では４8.８万円）\n対象者\n妊娠４ヵ月（８５日）以降の出産で、死産を含みます。\n手続き方法\n病院で手続きができます。利用申込の書類に署名してください。\n出産育児一時金 URL: https://www.kyoukaikenpo.or.jp/g6/cat620/r310/ (https://www.kyoukaikenpo.or.jp/g6/cat620/r310/)\n*頁右上の Select language で言語を選択（英語、中国語（簡体字、繁体字）、韓国語、スペイン語、ポルトガル語）\n出産で会社を休んだら？　「出産手当金」\n妊娠や出産で長期間仕事を休むと、お給料が支払われなくなり生活に困ることもあります。しかし会社で健康保険に加入して働いている方は、「出産手当金」を請求すれば生活保障として手当金が支給されます。（扶養家族の出産は対象外です。また市町村の国民健康保険には、この制度はありません）\n給付額\n直近一年間のお給料を平均した額のおおよそ2/3\n対象期間\n出産日以前42日間（多胎妊娠は98日間）＋出産日後56日間\n手続き方法\n会社を通して健康保険に申請してください。\n出産手当金 URL: https://www.kyoukaikenpo.or.jp/g6/cat620/r311/ (https://www.kyoukaikenpo.or.jp/g6/cat620/r311/)\n*頁右上の Select language で言語を選択\nまた毎月のお給料から引かれている社会保険料も、産休中は支払いが免除されます。\n会社の総務の方に相談してみてください。""}]"
買い物支援,滋賀県国際協会の情報に基づくと、買い物支援としては以下が挙げられます。生活困窟時には市役所の福祉窓口や社会福祉協議会へ相談してください。より具体的には、社会的包摂サポートセンターよりそいホットライン(0120-279-338)を活用できます。消費税引上げ関連の支援としては、プレミアム商品券の活用が市町村で推奨されており、購入時には非課税世帯等への優遇が案内される場合があります。いずれも地域の窓口で最新情報を確認してください。,"[{""sid"": ""S2"", ""question"": ""生活に困ったら"", ""answer"": ""市役所の福祉の窓口または、社会福祉協議会に相談しましょう。\n社会的包摂サポートセンター　よりそいホットライン\nTel: 0120-279-338""}, {""sid"": ""S4"", ""question"": ""障害者手帳を取得すると次のようなサービスを受けられます"", ""answer"": ""自立支援医療\n心身の障害を除去・軽減するための医療について、医療費の自己負担額が軽減されます。\n障害福祉サービス\n居宅介護、重度訪問介護、行動援護、同行援護、短期入所、グループホーム、療養介護、生活介護、施設入所支援などがあります。\n障害児通所支援給付サービス\n児童発達支援、医療型児童発達)支援、放課後等デイサービスなどがあります。\n福祉手当\n手帳の区分及び等級等に応じ、手当や年金が支給される場合があります。（所得制限などあり。重複して手当等受給できない場合があります）\nその他\n各種所得控除、公共施設の利用料の減免、交通機関の運賃割引、公営住宅の優先入居どがあるほか、就労支援や就職時に障害に応じた配慮を受けやすくなることがあります。""}, {""sid"": ""S5"", ""question"": ""消費税 １０％へ引き上げ　↑　（2019年10月から）"", ""answer"": ""- 飲食料（外食、酒類は除く）や定期購読新聞は８％に据え置かれます。\n- 家計の負担緩和のため、市町村は対象家庭（非課税世帯、小さい子供のいる世帯）に対して、２５％お得に買い物ができる「プレミアム商品券」を発行・販売しています。（使用期間は税率引き上げ後６か月間）""}]"
入国後市役所での手続きについてベトナム語で通訳依頼,滋賀県在住の外国人向けに、入国後の市役所手続きについてベトナム語での通訳依頼を行う具体的な窓口案内は、滋賀県国際協会の情報には直接記載がありません。通訳依頼自体の案内はS4の在留関係情報、S3の郵便局案内など関連情報の参照先として示されています。お急ぎの場合は、大津入国管理局大津出張所または外国人在留インフォメーションセンターに多言語での案内・相談が可能です。具体的な通訳の予約方法・手順については、以下の窓口にお問い合わせください。- 外国人在留インフォメーションセンター：電話 0570-013904（IP、PHS、海外：03-5796-7112）- 大津出張所（大阪入国管理局）: 大津市京町3-1-1 大津びわ湖合同庁舎6階 ℡ 077-511-4231,"[{""sid"": ""S4"", ""question"": ""在留について"", ""answer"": ""日本に住む外国人には、それぞれの滞在目的に従って在留資格と在留期間が与えられます。おのおのの「在留資格」には活動できる内容が厳格に規定されています。\n関連ページ\n出入国在留管理庁 (http://www.moj.go.jp/isa/index.html)\n在留関係の手続きについては\n在留関係手続き (https://www.moj.go.jp/isa/applications/index.html)\n入国後の在留関係の手続き\n滋賀県在住の方は、\n大阪入国管理局大津出張所\nで行います。\n大阪入国管理局大津出張所 (http://www.moj.go.jp/isa/about/region/osaka/index.html)\n大津市京町3-1-1 大津びわ湖合同庁舎6階　　℡：077-511-4231\n一般的な内容についての相談\n外国人在留インフォメーションセンター・ワンストップ型相談センター（入国管理局）に外国語で問い合わせることもできます。\n外国人在留インフォメーションセンター (http://www.moj.go.jp/isa/consultation/center/japanese.html)\n℡ 0570-013904（ＩＰ, ＰＨＳ, 海外: 03-5796-7112）\n新しい在留資格への移行により、平成24年7月9日より前の住所は住民票には記載されません。 ※これまで市区町村で保管されていた「外国人登録原票」は、平成24年7月9日から法務省で保管されています。\n外国人登録原票に係る開示請求について（法務省HPへリンク） (http://www.moj.go.jp/isa/applications/disclosure/foreigner.html)""}]"
課税と納税証明書の発行について通訳依頼,滋賀県国際協会の情報に基づくと、課税や納税証明書の発行については、管轄の税務署（滋賀県内は大津税務署を含む各署）へ確認します。所得税については、納税者の居住状況や滞在期間に応じた取扱いとなり、確定申告の提出期間は原則2月16日〜3月15日です。給与所得者で給与から所得税が差引かれる場合、通常は申告不要ですが、控除額の訂正や事業所得など特例がある場合は確定申告を税務署で行います。納税証明書の発行要否や取得方法は、該当する税務署の窓口で確認してください。問い合わせ先情報は滋賀県内の各税務署の連絡先をご参照ください。なお、外国語版の扶養控除等申告書の公開については国税庁の外国語版が利用可能です。［S1］,"[{""sid"": ""S1"", ""question"": ""年末調整の各種申告書（扶養控除等申告書など）について"", ""answer"": ""国税庁のウェブサイト内で、《外国語版》各種申告書（扶養控除等申告書など）が公開されています。\n【６言語版】\n英語、中国語、ポルトガル語、スペイン語、ベトナム語、フィリピノ語\nご活用ください。""}]"
雇用問題について,滋賀県国際協会の情報に基づくと、雇用保険は在職労働者の雇用安定と失業時の給付を目的とし、加入は原則として国籍を問わず事業主を通じて行われます。自己都合退職や解雇の場合、一定の要件を満たすと基本手当を受けられます。詳しくは居住地の公共職業安定所へ相談してください。労働トラブルは最寄りの労働基準監督署へ相談を。新しい有期労働契約のルールとして、無期転換推進や雇い止めの法制化、不合理な労働条件の禁止が定められています（滋賀労働局の窓口情報あり）。退職時は就業規則を確認し、解雇の場合は少なくとも30日前の予告が必要です。,"[{""sid"": ""S1"", ""question"": ""雇用保険"", ""answer"": ""雇用保険制度とは、在職中の労働者の雇用の安定を図り、失業中の労働者に対して、生活の安定と再就職の促進のために失業等給付を行うものです。　失業等給付は、労働者と事業主が支払う保険料によってまかなわれており、日本で雇用されれば外国の失業保険制度の適用を受けていることが立証された者を除き、原則として国籍（無国籍を含む）のいかんに関わらず被保険者となり、事業主を通じて被保険者になります。\n労働者が会社を自己都合、解雇などで離職した場合、次の条件を満たし、公共職業安定所が認めれば基本手当てを受給することができます。\n- 日本国内での就労に制限のない方で日本において反復して就労することが可能な方。\n- 離職日以前２年間に、被保険者期間が通算して１２ヶ月以上ある。（解雇や倒産の場合は離職の日以前１年間に通算６ヶ月以上）\n- 離職したため、被保険者の資格をなくしたことが確認された。\n- 仕事をしたくても仕事に就けない。\n※詳しくは、居住地の公共職業安定所までお問い合わせください。\n雇用保険の手続きについて (https://www.mhlw.go.jp/stf/seisakunitsuite/bunya/koyou_roudou/koyou/koyouhoken/index_00003.html)""}, {""sid"": ""S3"", ""question"": ""労働トラブルの相談"", ""answer"": ""労働関係のトラブルがあった場合は、下記の労働基準監督署に相談しましょう。（労働契約、就労規則、給料明細などがあれば持参してください）""}, {""sid"": ""S4"", ""question"": ""有期労働契約の新しいルールについて"", ""answer"": ""有期労働契約について規定する新しいルールが、今年４月から始まります。働き方を選択する上で参考にしましょう。パート、アルバイト、派遣社員、契約社員、嘱託など、有期労働契約で働く人であれば、新しいルールの対象となります。\n※派遣社員は、派遣元（派遣会社）と締結される労働契約が対象です。\nⅠ　無期労働契約への転換\n同一の使用者との間で、有期労働契約が反復更新されて通算5年を超えたときは、労働者の申し込みにより、期間の定めのない労働契約（無期労働契約）に転換できます。\n- 通算契約期間のカウントは、平成25年（2013年）4月1日以降に開始する有期労働契約が対象です。ただし、労働契約が締結されていない期間が連続して6ヶ月以上（契約期間が１年未満の場合は、その2分の1以上）ある場合は、それ以前の契約期間は通算契約期間に含めません。\n- 通算5年を超えて締結された契約の期間内にいつでも申込みができ、申込んだ時点で無期労働契約が成立し、無期に転換されるのは、申込み時の有期労働契約が終了する翌日からです。\n- 労働契約の労働条件は、別段の定め（就業規則)、個々の労働契約）がない限り、直前の有期労働契約と同一になります。\nⅡ　雇い止めの法理」の法定化\n一定の場合には、使用者による雇い止めが認められないことになるルールが法律に規定されました。有期労働契約は、使用者が更新を拒否したとき、契約期間の満了により雇用が終了します。しかし次の①と②については無効であることが、今回、労働契約法に条文化(されました。\n※このルールが適用されるためには、労働者からの有期労働契約の更新の申込みをすること、又は、雇い止めについて「嫌だ」など意思表示をすることが必要です。\nⅢ　不合理な労働条件の禁止\n有期契約労働者と無期契約労働者との間で、期間の定めがあることによる不合理な労働条件の相違を設けることを禁止されました。\n※ 相談窓口：滋賀労働局　雇用環境・均等室　℡：077-522-6648""}, {""sid"": ""S5"", ""question"": ""退職するときは"", ""answer"": ""自己都合による退職\n退職については、通常就業規則に定めがありますので、あらかじめその内容や手続きについて確認しておきましょう。 　なお、民法（第627条）によれば、期間に定めのない労働契約の場合は，原則として退職の申し入れから２週間後に契約は終了するものとされています。\nただし、急に「辞めたい」と申し入れることは、会社にとっては事務引継ぎなどで困ることもありますので、退職の時期等については会社と充分話し合うことが望ましいでしょう。\n事業主からの解雇\n解雇に当たっては、雇用者は労働者に少なくとも30日前にその予告をする必要があり、30日前に予告しない場合には30日に不足する日数分の平均賃金（解雇予告手当）を支払う必要があります。（労働基準法20条、21条）。""}]"
妻と子どもたちと帰国について,滋賀県国際協会の情報に基づくと、帰国に際しては次の点を確認しましょう。1) 子どもが生まれた後の手続きは市町の窓口で出生届などを行い、外国籍の場合は出生後30日以内に出入国管理局で在留許可申請をします。必要な国籍取得・パスポート申請は各国領事館で行います。2) 滋賀県内には育児休業・看護休暇など働き方の制度があり、条件を満たせば勤務先を通じて取得・給付を受けられます。3) 子育て支援として地域の支援拠点や児童館、訪問・一時預かりなどの利用があります。4) 出国前の健康管理・予防接種、医療費助成などは出産後の健診と同様に無料または助成の対象となる場合があります。具体的な手続き・要件は居住する市町の窓口・滋賀労働局等へ確認してください。,"[{""sid"": ""S1"", ""question"": ""子育て応援シリーズ① 子どもが生まれたら"", ""answer"": ""子どもが生まれたらお住まいの役所で様々な手続きがあります。外国籍の子どもには、領事館（大使館）や出入国管理局での手続きも必要になります。\n役所でする手続き\n1. 出生届\n2. 児童手当\n3. 子どもの健康保険\n4. 福祉医療費助成（乳幼児）\n大使館・出入国管理局での手続き\n- 生まれてから30日以内に出入国管理局で子どもの在留許可申請をします。\n- 各国領事館 （大使館）で子どもの国籍を取得し、パスポートの申請をします。\n子どもとお母さんの健康のために\n出産後、子どもとお母さんの健康を定期的に確認します。子どもの各種健診や教室、訪問のほとんどが無料なので積極的に利用しましょう。心配なことがあれば相談しましょう。\n- 産後健診\n- 新生児訪問\n- 予防接種\n- 乳幼児健診\n- 離乳食教室\n子どもの成長、発達が気になる．．．\nまずは乳幼児健診の時やかかりつけ医に相談しましょう。\n市町の保健センター\n市町の発達支援室・センター (https://www.pref.shiga.lg.jp/file/attachment/5397382.pdf)\n発達障害に関する外国人保護者向けパンフレット\n発達障害情報・支援センター (http://www.rehab.go.jp/ddis/world/brochure/)\n育児の不安を相談したい．．．\n市町の家庭児童相談室　市町の役場で相談しましょう。\nこころんだいやる電話相談\nTEL： 077-524-2030\n（子ども・子育て応援センター　電話、または面接での相談ができます）\n児童相談所相談専用ダイヤル\nTEL：0120-189-783\n虐待かな．．．\n児童相談所虐待対応ダイヤル\nTEL：189\n子どもを一時的に預かってほしい．．．（事前登録要）\nファミリー・サポート・センター\nファミリー・サポート・センター (https://www.hugnavi.net/child/family.php)\n「子どもを預けたい人」と「子どもを預かりたい人」を結び付け、保育所までの送迎や、保護者の病気などの際に子どもを預かったりします。\n一時預かり事業\n保護者の病気や用事の時に子どもを保育所などで一時的に預かります。\n病児・病後児保育\n病児・病後児保育 (https://hugnavi.net/child/byouji.php)\n子どもが病気の際、保護者が家庭での保育が難しい場合に、医療機関や保育所等で子どもを一時的に保育します。\n働いているので子どもを保育所で預かってもらいたい．．．\n保育所、認定こども園、認可外子ども施設などで、０歳から子どもを預かってもらえます。施設の利用にはお住まいの市町から利用のための認定を受ける必要があります。市町の役場で相談しましょう。\n一人で子どもを育てています．．．\n経済支援、就労支援のほかに、家事や子育てのサポートが受けられます。\n市町の役場で相談しましょう。\n子どもとお出かけしたい．．．\n地域子育て支援拠点\n地域子育て支援拠点 (https://hugnavi.net/child/base.php)\n子育て中の親子が集い、相互交流や子育ての不安・悩みを相談できる場です。\n児童館\n児童館 (https://hugnavi.net/child/house.php)\n健全な遊びを通して、子どもの発達を援助していく施設です。\n♡滋賀県立びわ湖こどもの国\n滋賀県立びわ湖こどもの国 (http://www.biwa.ne.jp/~kodomo92/sp/index.html)\nたくさんの遊具がある大型の児童館です。　高島市安曇川町北船木\n悩みがあれば、相談しましょう！\n★言葉が心配なときは、「しが外国人相談センター」にお電話ください。\nTEL：077-523-5646\nSHIGA SMILE BABY PROJECT　～ありがとうの贈り物～\nSHIGA SMILE BABY PROJECT　～ありがとうの贈り物～ (https://www.pref.shiga.lg.jp/ippan/kosodatekyouiku/kosodate/319567.html)\n滋賀で生まれた子どもやその家族へ「おめでとう、ありがとう」の思いをこめて、社会全体で出産・子育てを応援しているというメッセージとともに「ありがとうの贈り物」をお届けします。\n対象：１歳未満の赤ちゃん　※事前申し込みが必要です。""}]"
在留資格の更新について,滋賀県在住の方が在留資格の更新を行う場合、在留資格の「更新申請」は在留期間の満了前に手続きをします。具体的な申請先や手順、必要書類は滋賀県内の出入国在留管理庁の窓口または外国人在留インフォメーションセンター等で案内を受けてください。新しい在留資格への移行ではなく在留資格の更新を選択する場合、直前の在留資格と同一の活動内容で更新されることが原則です。更新手続きに関する相談は大阪入国管理局大津出張所や外国人在留インフォメーションセンターで日本語以外の言語でも対応しています。,"[{""sid"": ""S1"", ""question"": ""在留について"", ""answer"": ""日本に住む外国人には、それぞれの滞在目的に従って在留資格と在留期間が与えられます。おのおのの「在留資格」には活動できる内容が厳格に規定されています。\n関連ページ\n出入国在留管理庁 (http://www.moj.go.jp/isa/index.html)\n在留関係の手続きについては\n在留関係手続き (https://www.moj.go.jp/isa/applications/index.html)\n入国後の在留関係の手続き\n滋賀県在住の方は、\n大阪入国管理局大津出張所\nで行います。\n大阪入国管理局大津出張所 (http://www.moj.go.jp/isa/about/region/osaka/index.html)\n大津市京町3-1-1 大津びわ湖合同庁舎6階　　℡：077-511-4231\n一般的な内容についての相談\n外国人在留インフォメーションセンター・ワンストップ型相談センター（入国管理局）に外国語で問い合わせることもできます。\n外国人在留インフォメーションセンター (http://www.moj.go.jp/isa/consultation/center/japanese.html)\n℡ 0570-013904（ＩＰ, ＰＨＳ, 海外: 03-5796-7112）\n新しい在留資格への移行により、平成24年7月9日より前の住所は住民票には記載されません。 ※これまで市区町村で保管されていた「外国人登録原票」は、平成24年7月9日から法務省で保管されています。\n外国人登録原票に係る開示請求について（法務省HPへリンク） (http://www.moj.go.jp/isa/applications/disclosure/foreigner.html)""}]"
夫婦の話し合いの問題について,夫婦の話し合いがうまくいかない場合は、まず家庭裁判所の調停を利用できます。大津家庭裁判所（Tel: 077-503-8151）や彦根支部（Tel: 0749-22-0167）、長浜支部（Tel: 0749-62-0240）を通じて調停を申し立てることが可能です。必要に応じて京都外国人の夫婦と親子に関する紛争解決センターにも相談できます（Tel: 075-692-3555）。離婚の法的手続きや適用法については、日本の法律が適用される場合、協議離婚が可能であり、協議が成立しない場合には調停・審判・判決のいずれかの方法で解決します。詳細は出典S1をご参照ください。他の離婚関連情報については出典S2をご確認ください。,"[{""sid"": ""S1"", ""question"": ""離婚についての話し合いがうまくいきません。"", ""answer"": ""家庭裁判所の調停で話し合うことができます。（日本語）\n- 大津家庭裁判所 　℡　077-503-8151\n- 大津家庭裁判所 彦根支部 　℡　0749-22-0167\n- 大津家庭裁判所 長浜支部 　℡　0749-62-0240\n- 京都外国人の夫婦と親子に関する紛争解決センター 　℡　075-692-3555""}]"
高校進学について,滋賀県内の高校進学には、原則として入学試験を受けて合格する必要があります。入学には年齢要件（入学年4月1日現在で15歳以上）があり、外国で9年間の学校教育を修了しているか、日本の中学校卒業・卒業見込であることが問われます。滋賀県教育委員会事務局へ問い合わせ先があります（077-528-4573）。また、公立・私立を問わず、就学支援や奨学金制度があり、学費や生活費の負担を軽減する制度を学校を通じて申請できます。定時制・通信制・全日制など学習形態の選択肢もあり、進路に応じた情報は滋賀県教育委員会・各学校の窓口で案内を受けられます。,"[{""sid"": ""S2"", ""question"": ""高校の入学"", ""answer"": ""一般の日本の高校へ入学するためには、入学試験に合格しなければなりません。\n応募資格\n年齢が入学しようとする年の4月1日までに15才に達していること。\n原則として、外国で9年間の学校教育を終了しているか、日本の中学校を卒業、又は卒業見込であること。\n入学の問い合わせ\n滋賀県教育委員会事務局 ： 077-528-4573""}, {""sid"": ""S4"", ""question"": ""子育て応援シリーズ 5　滋賀県の高等学校等について"", ""answer"": ""日本の義務教育は中学校までなので、高校に進学するかどうかは本人の意思によります。高校に進学すると大学や専門学校への道がひらけ、将来の仕事の選択肢も増えます。ただ中学校と違い、成績や出席状況によっては必要な単位がとれず、留年や卒業できないこともあるので気を付けましょう。\n高等学校には学習の形態により次のようなものがあります。\n全日制：中学校と同様、午前中からはじまり、昼食をはさんで午後まで授業があります。３年制。\n定時制：昼間と夜間の部の特定の時間帯に学習します。４年、または３年で卒業できます。\n通信制：主に自宅で教材を学習し、レポートを提出します。面接指導のため登校することもあります。４年、または３年で卒業できます。\n滋賀県内にある高等学校等の紹介\n- 滋賀県立高校の情報はこちら → 夢の設計図（日本語・ポルトガル語・スペイン語・中国語・タガログ語） (https://www.pref.shiga.lg.jp/edu/school/tokusyoku/104806.html)\n- 滋賀県私立高等学校の情報はこちら → 滋賀県私立高等学校の情報 (https://shiga-shigaku.com/school)\n- 滋賀県立高等技術専門校（テクノカレッジ）\n- 専修学校等　実践的な職業教育や専門的な技術教育を受けられます。中学卒業で入学できる高等課程をもつ学校\n授業料やその他の教育費の支援制度の紹介\n高等学校等就学支援金：国公私立にかかわらず高校の授業料の支援を受けられる国の制度です。（返済不要）学校を通して申請し、保護者に直接支給されるのではなく、学校が受け取り授業料に充当されます。\n高校生等奨学給付金\n授業料以外の教育費を対象に給付金が支給されます。（返済不要）\n対象：高校生がいる生活保護世帯と非課税世帯が申請できます。\n奨学制度\n経済的に勉強をつづけることが困難な人のために、学費を援助する奨学制度があります。\n「滋賀県奨学資金」、「滋賀県高等学校等定時制課程および通信制課程就学奨励金」については在学する高等学校または県教育委員会の教育総務課（077-528-4587）に相談してください。また滋賀県社会福祉協議会（077-567-3903）で生活福祉資金貸付（教育支援資金）の相談も随時できます。\n滋賀県公立高等学校の入学者選抜が2026年度４月入学予定者から新制度に変わります！\nこれまで「推薦選抜」、「スポーツ・文化芸術推薦選抜」、「特色選抜」、「一般選抜」の４つの受検方法でしたが、新制度では受検生の負担を減らすため「一般型選抜」と「学校独自型選抜」の２つになり、一度の受検で２つを併願できるようになります。すべての受検生（全日制・定時制）が２月下旬に学力検査（５教科：国語・数学・社会・理科・外国語（英語））を受けます。\nこのほかWeb出願システムに変わります。\n詳しくは学校や滋賀県教育委員会のHPで確認してください。""}]"
在留カードについて,在留カードに関する特定の要件は、提示された情報S4にある在留関連の一般的説明に基づきます。在留カード自体の発行・所持に関する具体的な手続きや要件は、滋賀県国際協会の記載S4には直接の詳細はなく、在留関係手続きや出入国在留管理庁の案内を参照してください。滋賀県在住の方は大阪入国管理局大津出張所で在留関係手続きを行います。なお死亡時の在留カード処理や、在留資格・在留期間の規定など、在留カードの取り扱いに関する一般情報はS4に含まれています。,"[{""sid"": ""S4"", ""question"": ""在留について"", ""answer"": ""日本に住む外国人には、それぞれの滞在目的に従って在留資格と在留期間が与えられます。おのおのの「在留資格」には活動できる内容が厳格に規定されています。\n関連ページ\n出入国在留管理庁 (http://www.moj.go.jp/isa/index.html)\n在留関係の手続きについては\n在留関係手続き (https://www.moj.go.jp/isa/applications/index.html)\n入国後の在留関係の手続き\n滋賀県在住の方は、\n大阪入国管理局大津出張所\nで行います。\n大阪入国管理局大津出張所 (http://www.moj.go.jp/isa/about/region/osaka/index.html)\n大津市京町3-1-1 大津びわ湖合同庁舎6階　　℡：077-511-4231\n一般的な内容についての相談\n外国人在留インフォメーションセンター・ワンストップ型相談センター（入国管理局）に外国語で問い合わせることもできます。\n外国人在留インフォメーションセンター (http://www.moj.go.jp/isa/consultation/center/japanese.html)\n℡ 0570-013904（ＩＰ, ＰＨＳ, 海外: 03-5796-7112）\n新しい在留資格への移行により、平成24年7月9日より前の住所は住民票には記載されません。 ※これまで市区町村で保管されていた「外国人登録原票」は、平成24年7月9日から法務省で保管されています。\n外国人登録原票に係る開示請求について（法務省HPへリンク） (http://www.moj.go.jp/isa/applications/disclosure/foreigner.html)""}]"
医療問題についての弁護士相談,滋賀県国際協会の情報を根拠に回答します。医療問題についての弁護士相談を受け付ける機関として、法テラス（日本司法支援センター）が案内されています。法テラス滋賀の連絡先は大津市浜大津の住所と電話番号が掲載されています。弁護士の派遣制度や費用の詳細は、滋賀弁護士会および法テラスの多言語窓口情報が案内されています。緊急性が高い場合はお住まいの地域のかかりつけ医や法テラスに相談してください。,"[{""sid"": ""S2"", ""question"": ""法律についての相談は"", ""answer"": ""法テラス\n℡　0570-078374（日本語）\n℡　0570-078377（英語、中国語、韓国語、スペイン語、ポルトガル語、ベトナム語、タガログ語)\n℡　03-5366-6008（多言語ダイヤル）\n法テラス滋賀\n大津市浜大津1-2-22　大津商中日生ビル５Ｆ\n℡　050-3383-5454\n滋賀弁護士会\n大津市梅林１-３-３""}, {""sid"": ""S3"", ""question"": ""【健康保険シリーズ２】日本での病院のかかり方について"", ""answer"": ""保険証を持っていこう\n保険証とは、病院で受診するときに提示するカードです。会社や市役所から発行されます。日本では病院で保険証を提示すると、国の基準で定めた医療費の３割で受診できるのでとても安くなります。でも保険証を忘れてしまうと全額自己負担になるだけでなく、国の基準ではなく病院が自由に医療費を決めるため、より高額になることがあります。出かけるときは忘れずに保険証を携帯しましょう。将来はマイナンバーカードが保険証として使えるようになりますから、早めにマイナンバーカードを作ったほうが良さそうですね。\n保険証が使えないときもある\n保険証は日本のほとんどの病院や調剤薬局で使うことができます。しかし使えない受診もあります。民間療法など国の基準に該当しない治療のほか、美容整形や歯列矯正など日常生活に支障がない治療には使えません。予防接種や健康診断、人工妊娠中絶も対象外になります。仕事中や通勤中の怪我の場合、会社で働いている方は健康保険とは別に労働災害保険にも入っていますので、労働災害保険が補償してくれます。会社に相談してください。そしてこの場合、保険証は使えませんので注意してください。\n【病院のかかり方で上手に節約】\n休日や夜間に急病になったとき、診療してくれる医療機関は心強い存在です。しかし病院のかかり方によっては、割増料金がかかり医療費が高額になることがあります。\n◇時間外に受診すると追加料金がかかる\n診療時間外（夜間、早朝、休日（日曜・祝日）、深夜）に受診すると、通常料金とは別に追加料金を支払うことになります。また薬局で薬を調剤してもらう場合も同様です。ホームぺージ等で診療時間を確認してから行きましょう。\n◇いきなり大病院に行くと特別料金がかかる\n大きな病院に紹介状なしで受診をすると特別料金が5,000円以上かかります。\nまずはお近くのかかりつけ医を受診し、必要な場合は紹介状を書いてもらい大病院を受診しましょう。\n◇複数の病院を受診すると医療費が高くなる\n「症状がよくならないから」「場所が遠いから」などの理由で病院を変えたことはありませんか？\nしかし、途中で病院を変えると毎回「初診料」がかかり、検査や投薬も重複するため、医療費が高くなります。「かかりつけ医」を決めて、同じ病院で受診しましょう。""}]"
雇用問題,滋賀県国際協会の情報に基づくと、雇用保険は在職中の安定と失業給付を目的とし、被保険者は原則として国籍を問わず事業主を通じて加入します。離職後、一定条件を満たす場合は基本手当を受給できます。詳しくは居住地のハローワークへ相談してください。,"[{""sid"": ""S1"", ""question"": ""雇用保険"", ""answer"": ""雇用保険制度とは、在職中の労働者の雇用の安定を図り、失業中の労働者に対して、生活の安定と再就職の促進のために失業等給付を行うものです。　失業等給付は、労働者と事業主が支払う保険料によってまかなわれており、日本で雇用されれば外国の失業保険制度の適用を受けていることが立証された者を除き、原則として国籍（無国籍を含む）のいかんに関わらず被保険者となり、事業主を通じて被保険者になります。\n労働者が会社を自己都合、解雇などで離職した場合、次の条件を満たし、公共職業安定所が認めれば基本手当てを受給することができます。\n- 日本国内での就労に制限のない方で日本において反復して就労することが可能な方。\n- 離職日以前２年間に、被保険者期間が通算して１２ヶ月以上ある。（解雇や倒産の場合は離職の日以前１年間に通算６ヶ月以上）\n- 離職したため、被保険者の資格をなくしたことが確認された。\n- 仕事をしたくても仕事に就けない。\n※詳しくは、居住地の公共職業安定所までお問い合わせください。\n雇用保険の手続きについて (https://www.mhlw.go.jp/stf/seisakunitsuite/bunya/koyou_roudou/koyou/koyouhoken/index_00003.html)""}]"
扶養控除の要件について,滋賀県国際協会の情報に基づくと、扶養控除は配偶者の収入など一定要件により適用されます。具体的には、配偶者控除の対象となる配偶者の給与収入上限が103万円から150万円に引き上げられ、超えると段階的に控除額が減少し、年収201万円で消失します。また、納税者本人の合計所得金額が900万円を超える場合も段階的に控除額が減り、1000万円で消失します。これらは平成30年度分以降の所得税に適用されます。これらの条件を満たすと扶養控除が適用されることになります。,"[{""sid"": ""S1"", ""question"": ""配偶者控除・配偶者特別控除の見直し"", ""answer"": ""配偶者が一定以下の収入の場合、納税者の税金が控除されます。これを配偶者控除と言います。この控除対象となる配偶者の収入や納税者本人の収入について改正され、平成３０年度分以降の所得税について適用されます。\n①納税者本人の受ける控除額\n所得控除額３８万円の対象となる配偶者の給与収入の上限が、１０３万円から１５０万円に引き上げられます。それを超えると段階的に控除額が減り、年収２０１万円で消失します。\n②納税者本人の所得制限\n配偶者控除等の適用される納税者本人に収入制限が設けられます。合計所得金額が９００万円を超えると段階的に控除額が減り、１０００万円で消失します。""}]"
国際結婚について,滋賀県国際協会の情報に基づくと、国際結婚では外国人同士または日本人と外国人のいずれの場合でも、日本の婚姻手続きと本国の婚姻手続きの双方が必要になる可能性があります。具体的な手続きは本国の在日公館へ問い合わせ、婚姻届は居住地の市町村役場の戸籍係へ提出します（日本語訳書類も必要）。離婚時は準拠法の問題が生じることがあり、場合により日本法が適用され協議離婚や家庭裁判所の手続きが利用されます。詳細は在日公館へ確認してください。,"[{""sid"": ""S1"", ""question"": ""婚姻届"", ""answer"": ""- 外国人が日本国内で結婚する場合は両人の本国の法律と日本の法律にしたがって婚姻の手続きをしなければなりせん。\n- 本国の在日領事館または、大使館に婚姻の手続きについて問い合わせてください。\n- 婚姻に関しては、本国で定められている婚姻法に従って、必要書類をそろえ手続きをしてください。（書類の日本語訳文も必要です）\n- 婚姻届を届出人の所在地の市町村役場の戸籍係に提出してください。""}, {""sid"": ""S2"", ""question"": ""離婚届"", ""answer"": ""- それぞれの夫婦が離婚する場合、どの国の法律が適用されるかという準拠法に深くかかわってきます。\n- 日本では、離婚の準拠法について、第一に夫婦の本国方が同一の時はその法律（共通本国法）により、第二にその共通本国法がない場合において夫婦の常居所地法が同一であるときはその法律によるが、第三にそのいずれの法律もない時は夫婦にもっとも密接な関係のある地の法律（密接関連法）による、とされていますが、これには例外があって、夫婦の一方が日本に常居所がある日本人であるときは、日本の法律によって決められます。\n- 日本の法律が適用される場合、協議離婚をすることができます。協議が成立しない場合は、家庭裁判所の調停や審判による離婚、地方裁判所の判決による離婚のいずれの方法もとることができます。\n- 各国の離婚に関する法律については、各在日公館にお問い合わせください。""}]"
