相談内容,回答内容,回答に使用したQA資料
傷病手当について,傷病手当金は、病気やケガで休業して給与が支払われない期間の生活補償として支給されます。支給額は直近12か月の給与の平均の2/3で、勤務先の給与総額を基準に算出され、手取りとは異なります。支給の条件は、業務外の事由による休業、医師の証明により就業不可とされること、連続する3日を含み4日以上仕事につけなかったこと、休業期間中に給与の支払いがないこと（事業主の証明が必要）です。その他の詳細は協会けんぽ滋賀支部へお問い合わせください。率直な要点のみ提示します。,"[{""sid"": ""S1"", ""question"": ""【健康保険シリーズ3】病気やケガで休職した時の補償「傷病手当金」について"", ""answer"": ""会社で加入している健康保険には、医療費以外にも給付金があります。\nその一つが「傷病手当金」です。\n病気やケガで長期間仕事を休むと、給料が支払われなくなり生活費に困ることがあります。\nしかし傷病手当金を申請すれば、生活補償として給付金が健康保険より支給されます。\n傷病手当金は、病気休業中に被保険者とその家族の生活を保障するために設けられた制度で、被保険者が病気やケガのために会社を休み、会社から十分な報酬が受けられない場合に支給されます。\n【支給金額】直近１２か月の給与を平均した額の2/3\nただし、勤務先が社会保険に届けを出している給与総額です。手取りの金額とは一致しません。\n【支給の条件】\n1. 業務外の事由による病気やケガの療養のための休業であること\n2. 仕事に就くことができないこと（医師の証明が必要です）\n3. 連続する三日間を含み四日以上仕事につけなかったこと\n4. 休業した期間について給与の支払いがないこと（事業主の証明が必要です）\nその他、傷病手当金の詳細については協会けんぽのHPをご覧いただくか、お電話にてお問合せください。\n協会けんぽ滋賀支部\n℡　077-522-1099 (日本語)""}]"
子どものゲーム課金トラブル,滋賀県国際協会の情報を根拠に簡潔に回答します。子どものゲーム課金トラブルについては、学校や教育関連の補償情報の対象外であり、特に予定される制度としての案内はありません。もし未成年の課金トラブルが発生した場合は、カード情報の不正利用や詐欺の可能性があるため、速やかに保護者が支払いを止め、利用したサービスのサポート窓口や警察相談窓口（電話相談）へ連絡してください。電子マネーを用いた支払いを促す詐欺には注意が必要です。具体的な行政の補償制度については、災害共済給付制度などが挙げられますが、ゲーム課金トラブル専用の補償情報は含まれていません。,"[{""sid"": ""S1"", ""question"": ""[小学校デビューQ＆A]  学校でのケガなどが心配…補償などありますか？"", ""answer"": ""子どもが幼稚園・保育園から高校までの間、学校等の施設の管理下（保育・授業中、課外活動中、休憩時間中、通学中など）においてケガなどをした場合、「災害共済給付制度（日本スポーツ振興センター）」から医療費や見舞金が受け取れます。学年の年度初めに学校等から案内があります。保護者の掛金は年額で数百円程度です。""}]"
日本語の言い方,滋賀県国際協会の情報に基づくと、日本語の言い方は特に定義されていません。S1の日本語学校情報は日本語学習機関の一覧であり、日本語の言い方の表現指針は含まれていません。日本語の挨拶表現や丁寧語の一般的な使い分けについては、該当の学校の日本語教育カリキュラムや公式資料を参照してください。,"[{""sid"": ""S1"", ""question"": ""日本語学校 Japanese Language Schools"", ""answer"": ""- 京都日本語学校 (Kyoto Japanese Language School) (http://kjls.or.jp/)\n- 京都文化日本語学校 (Kyoto Institute of Culture and Language) (http://www.kicl.ac.jp/jp/)\n- 京都民際日本語学校 (Kyoto Minsai Japanese Language School) (http://www.kyotominsai.co.jp/)\n- 京都日本語研修センター(Kyoto Japanese Language Training Center) (http://www.kjltc.jp/)\n- YIC京都日本語学院 (YIC Kyoto Japanese Academy) (http://www.yic-kyoto.ac.jp/japanese/)\n- 京都国際アカデミー(Kyoto International Academy of Japanese Language) (http://www.kia-ac.jp/index.html)\n- 日本語センター(Kyoto Japanese Language School) (https://nihongo-center.com/)\n- ARC 京都日本語学校 (ARC Academy Kyoto) (http://japanese.arc-academy.co.jp/?lang=ja)\n- にほんご空間・京都 (Japanese Space Kyoto) (http://j-space.sakura.ne.jp/wp2/)\n- 京進ランゲージアカデミー(Kyoshin Language Academy-Kyoto Chuo School) (http://www.kla.ac/jp/kyoto_chuo/)\n- ISIランゲージスクール 京都校 (ISI Japanese Language School - Kyoto campus) (http://www.isi-education.com/ja/)""}]"
弁護士を探している,滋賀県国際協会の情報のみを根拠にお答えします。弁護士を探している場合、以下の選択肢があります。 1) 当番弁護士制度を利用して、警察署や逮捕時の接見時に弁護士を派遣してもらうことができます。滋賀弁護士会の当番弁護士専用電話は TEL 077-522-2013 です。 2) 法テラス（日本司法支援センター）を通じて、経済的事情による法的支援を受けられます。法テラスの多言語ダイヤルは 0570-078-377（ほか英語等）、日本語は 0570-078374、滋賀支店の連絡先は 大津市浜大津1-2-22 大津商中日生ビル5F、電話 050-3383-5454 です。 3) 国選弁護人が必要な場合、起訴後に依頼することができ、経済的事情が難しい場合は国選弁護人を付けてもらえます。 4) 滋賀弁護士会にも相談・紹介の窓口があります（滋賀弁護士会 大津市梅林1-3-3）。必要に応じて法テラスと地元弁護士会を併用して、条件に合った弁護士を探してください。,"[{""sid"": ""S1"", ""question"": ""刑事事件を起こしてしまったら （事件・事故）"", ""answer"": ""被疑者の権利\n被疑者の権利として３つの権利が保障されています。\n1. 事実を知る権利\n2. 黙秘権\n3. 弁護人依頼権\n当番弁護士制度\n警察に逮捕、拘留された被疑者や家族の求めに応じて弁護士会が速やかに弁護士を被疑者のところに派遣する「当番弁護士」の制度があります。要請する場合ははっきりと申し出てください。\n滋賀弁護士会　当番弁護士専用電話　　TEL　077-522-2013\n民事法律扶助制度\n経済的に困っている人には、日本司法支援センター　(法テラス)　がありますので、当番弁護士が接見に来た際に相談してください 。\n法テラス [多言語ダイヤル]　TEL 0570-078-377\n法テラス [多言語] (http://www.houterasu.or.jp/multilingual/)\n国選弁護人\n起訴後、被告人は裁判のための弁護人を依頼することができます。経済的に無理な場合は、依頼すれば政府の国選弁護人をつけてくれます。""}, {""sid"": ""S2"", ""question"": ""法律についての相談は"", ""answer"": ""法テラス\n℡　0570-078374（日本語）\n℡　0570-078377（英語、中国語、韓国語、スペイン語、ポルトガル語、ベトナム語、タガログ語)\n℡　03-5366-6008（多言語ダイヤル）\n法テラス滋賀\n大津市浜大津1-2-22　大津商中日生ビル５Ｆ\n℡　050-3383-5454\n滋賀弁護士会\n大津市梅林１-３-３""}, {""sid"": ""S4"", ""question"": ""ペットが行方不明になったり、保護した場合は？"", ""answer"": ""動物愛護センターや最寄りの交番か警察署に連絡しましょう。""}]"
傷病手当について,傷病手当金は、病気やケガで休業中の生活を補う給付です。支給額は直近12か月の給与の2/3（事業主の給与総額ベース、手取りとは異なる）で、支給には業務外の病気/ケガ、医師の証明、連続4日以上休業で3日を含む3日以上の休業、休業期間中の給与支払いなしが条件です。支給方法や詳細は協会けんぽ滋賀支部に問合せしてください。電話番号は077-522-1099です。,"[{""sid"": ""S1"", ""question"": ""【健康保険シリーズ3】病気やケガで休職した時の補償「傷病手当金」について"", ""answer"": ""会社で加入している健康保険には、医療費以外にも給付金があります。\nその一つが「傷病手当金」です。\n病気やケガで長期間仕事を休むと、給料が支払われなくなり生活費に困ることがあります。\nしかし傷病手当金を申請すれば、生活補償として給付金が健康保険より支給されます。\n傷病手当金は、病気休業中に被保険者とその家族の生活を保障するために設けられた制度で、被保険者が病気やケガのために会社を休み、会社から十分な報酬が受けられない場合に支給されます。\n【支給金額】直近１２か月の給与を平均した額の2/3\nただし、勤務先が社会保険に届けを出している給与総額です。手取りの金額とは一致しません。\n【支給の条件】\n1. 業務外の事由による病気やケガの療養のための休業であること\n2. 仕事に就くことができないこと（医師の証明が必要です）\n3. 連続する三日間を含み四日以上仕事につけなかったこと\n4. 休業した期間について給与の支払いがないこと（事業主の証明が必要です）\nその他、傷病手当金の詳細については協会けんぽのHPをご覧いただくか、お電話にてお問合せください。\n協会けんぽ滋賀支部\n℡　077-522-1099 (日本語)""}]"
治療について,"滋賀県国際協会の情報に基づくと、治療に関しては具体的な診療科目や病院名の案内は医療ネットしがのWebサイトをご覧ください。大病院を受診する際は紹介状の有無で費用が変わる制度改正があり、初診5,000円が7,000円へ、再診2,500円が3,000円へと高額になります。軽症の方は地域の診療所を受診し、必要に応じ大病院の紹介を受けてください。外来診療の時間は施設により異なり、平日午前中が多く日祝は休診が一般的です。エイズ検査や相談は保健所で匿名・無料（原則）で受けられ、滋賀県健康医療福祉部薬務感染症対策課内の専用電話でカウンセラー対応の電話相談・面接も実施しています。エイズ専用電話は077-524-0051、受付時間は毎週月・水曜の午前9時～12時です。","[{""sid"": ""S2"", ""question"": ""【健康保険シリーズ７】大きな病院にかかるときは注意が必要です～"", ""answer"": ""【選定療養費の改正について】\n2022年10月から国の制度が見直しとなり、紹介状なしで大病院を受診するときの医療費負担が大きくなりました。\n初診　５，０００円　→　７，０００円（税別）\n再診　２，５００円　→　３，０００円（税別）\nこの金額は健康保険の対象外です。高額療養費にも含まれません。大病院とは大学病院や、おおむね２００床以上の病院のことです。日本の病院は、病院の規模などに応じた役割分担をすすめています。\n軽症の患者が初めから大病院を受診してしまうと、本来大病院で治療するべき重症患者の受診や入院患者への対応が妨げられてしまいます。\n紹介状をもたず大病院を受診した場合は、通常の医療費の他に７，０００円以上の特別な料金がかかりますので、注意してください。\nまずお住まいの地域の診療所を受診し、必要に応じ大病院の紹介を受けてください。""}, {""sid"": ""S3"", ""question"": ""【健康保険シリーズ７】大きな病院にかかるときは注意が必要です"", ""answer"": ""【選定療養費の改正について】\n2022年10月から国の制度が見直しとなり、紹介状なしで大病院を受診するときの医療費負担が大きくなりました。\n初診　５，０００円　→　７，０００円（税別）\n再診　２，５００円　→　３，０００円（税別）\nこの金額は健康保険の対象外です。高額療養費にも含まれません。大病院とは大学病院や、おおむね２００床以上の病院のことです。日本の病院は、病院の規模などに応じた役割分担をすすめています。\n軽症の患者が初めから大病院を受診してしまうと、本来大病院で治療するべき重症患者の受診や入院患者への対応が妨げられてしまいます。\n紹介状をもたず大病院を受診した場合は、通常の医療費の他に７，０００円以上の特別な料金がかかりますので、注意してください。\nまずお住まいの地域の診療所を受診し、必要に応じ大病院の紹介を受けてください。""}, {""sid"": ""S4"", ""question"": ""病院、診療所について"", ""answer"": ""外来患者の診療時間はいろいろですが、ふつう平日の午前中が多く、日祝日は休診です。""}, {""sid"": ""S5"", ""question"": ""エイズ検査と相談"", ""answer"": ""エイズやHIV感染について不安に思うとき、抗体検査を保健所で受けましょう。相談、検査とも匿名、無料（原則）で受けられます。\n\nまた、滋賀県健康医療福祉部薬務感染症対策課内には専用電話を設置し、カウンセラーによる電話相談と面接を受け付けています。\nエイズ専用電話\n- 077-524-0051\n- 受付時間: 毎週月、水曜日　午前9時～12時""}]"
証明書について,滋賀県国際協会の情報のみを根拠に、証明書に関する直接の案内は提供されていません。必要な場合は、滋賀県運転免許センターなど関連機関へ問い合わせるのが適切です。,"[{""sid"": ""S1"", ""question"": ""運転免許証について"", ""answer"": ""滋賀県運転免許センター\n守山市木浜町2294番地　　℡　077-585-1255""}]"
関空駐車場の予約,滋賀県国際協会の情報には関空駐車場の予約に関する記載はありません。出典S1では運転免許センター、S2～S3は口座・在留手続き、S4はマイナンバーカード運用について記載されています。関空駐車場の予約については公式な関係機関の情報をご確認ください。,"[{""sid"": ""S1"", ""question"": ""運転免許証について"", ""answer"": ""滋賀県運転免許センター\n守山市木浜町2294番地　　℡　077-585-1255""}, {""sid"": ""S2"", ""question"": ""外国人の預貯金口座・送金利用について"", ""answer"": ""- 観光など短期滞在の非居住者の外国人は、日本で銀行口座を開設することができません。\n- 預貯金口座開設には、在留カード、マイナンバーカード等の本人確認の書類、現住所がわかるもの、印鑑が必要です。\n- 母国へ送金するときは銀行や資金移動業者の送金サービスが利用できます。\n- 住所、在留期限、在留資格が変わったとき、退職・退学をしたとき、通帳やキャッシュカードをなくしたときは金融機関での手続きが必要です。\n- 帰国することになり預貯金口座を利用しなくなるときは、預貯金口座を解約してください。""}, {""sid"": ""S3"", ""question"": ""在留について"", ""answer"": ""日本に住む外国人には、それぞれの滞在目的に従って在留資格と在留期間が与えられます。おのおのの「在留資格」には活動できる内容が厳格に規定されています。\n関連ページ\n出入国在留管理庁 (http://www.moj.go.jp/isa/index.html)\n在留関係の手続きについては\n在留関係手続き (https://www.moj.go.jp/isa/applications/index.html)\n入国後の在留関係の手続き\n滋賀県在住の方は、\n大阪入国管理局大津出張所\nで行います。\n大阪入国管理局大津出張所 (http://www.moj.go.jp/isa/about/region/osaka/index.html)\n大津市京町3-1-1 大津びわ湖合同庁舎6階　　℡：077-511-4231\n一般的な内容についての相談\n外国人在留インフォメーションセンター・ワンストップ型相談センター（入国管理局）に外国語で問い合わせることもできます。\n外国人在留インフォメーションセンター (http://www.moj.go.jp/isa/consultation/center/japanese.html)\n℡ 0570-013904（ＩＰ, ＰＨＳ, 海外: 03-5796-7112）\n新しい在留資格への移行により、平成24年7月9日より前の住所は住民票には記載されません。 ※これまで市区町村で保管されていた「外国人登録原票」は、平成24年7月9日から法務省で保管されています。\n外国人登録原票に係る開示請求について（法務省HPへリンク） (http://www.moj.go.jp/isa/applications/disclosure/foreigner.html)""}, {""sid"": ""S4"", ""question"": ""2025年3月24日よりマイナ免許証の運用開始"", ""answer"": ""運転免許の情報をマイナンバーカードに記録する手続きは運転免許センターと警察署でできます。詳しくは警察庁のHPで確認ください。\nhttps://www.npa.go.jp/bureau/traffic/r4kaisei_main.html (https://www.npa.go.jp/bureau/traffic/r4kaisei_main.html)""}]"
紹介状について,紹介状についての記載は、滋賀県国際協会の公開情報には含まれていません。したがって、回答は提供できません。,"[{""sid"": ""S1"", ""question"": ""郵便局について"", ""answer"": ""以下の関連ページに各言語で案内があります。""}]"
裁判所での通訳について,裁判所での通訳については、滋賀県に関する具体的な案内は提示されていませんが、一般的には関係機関が必要に応じて通訳を手配します。詳しくは大津家庭裁判所または関係センターへご確認ください。,"[{""sid"": ""S1"", ""question"": ""離婚についての話し合いがうまくいきません。"", ""answer"": ""家庭裁判所の調停で話し合うことができます。（日本語）\n- 大津家庭裁判所 　℡　077-503-8151\n- 大津家庭裁判所 彦根支部 　℡　0749-22-0167\n- 大津家庭裁判所 長浜支部 　℡　0749-62-0240\n- 京都外国人の夫婦と親子に関する紛争解決センター 　℡　075-692-3555""}]"
扶養について,滋賀県の公的制度に基づく扶養関連情報として、扶養家族の健康保険被扶養者の要件は国内居住が原則です（海外在住の被扶養者は例外あり）。また、児童手当・教育費の公的支援制度もあり、児童手当は生後～高校修了まで、年齢に応じて支給されます。就学援助や高等教育の修学支援制度など、就学段階に応じた扶養家族の教育費援助制度も利用対象です。詳しい適用条件は勤務先・市町教育委員会・年金事務所・労働局等へ問い合わせが必要です。,"[{""sid"": ""S4"", ""question"": ""健康保険の被扶養者は「国内居住者」に限定されます"", ""answer"": ""2020年４月より、企業の従業員が入る公的医療保険「健康保険」の被扶養者の認定要件に、「原則として国内に居住していること」が追加され、海外在住の被扶養者は外れることになりました。ただし、日本に居住していない被扶養者のうち、日本に生活の基礎があると認められるもの（海外留学、海外赴任の同行家族、観光ボランティア等のための一時的渡航者など）については、 例外的に要件を満たすこととされています。一方、国内に住所があっても、医療滞在ビザで来日した者や観光・保養を目的とするロングステイビザで来日した者は被扶養者認定されません。""}, {""sid"": ""S5"", ""question"": ""子どもたちが安心して育つために　～公的援助制度について～"", ""answer"": ""子育てには養育費・教育費などたくさんのお金がかかります。日本には、子育てを経済的に援助する様々な公的制度があります。申請の必要なものもありますので、それぞれの申請時期を確認してうまく利用しましょう。\n児童手当制度\n生後から高校修了年代までの児童を養育している方へ児童手当が支給されます。０歳～２歳に月１万５千円、３歳～18歳の最初の３月末までに月１万円、第３子以降は月３万円が支給されます。父母が別居している場合は、児童と同居している方に優先的に支給され、また、父母が海外に住んでいる場合、日本国内で児童を養育している方を指定すれば、その方に支給されます。\n[ 問合せ ]\n各市町\n幼児教育、保育、小中学校の授業料の無償化\n幼稚園、保育園、認定こども園の３～５歳児クラスの利用料は無料です。住民税非課税世帯は　０～２歳児クラスでも無料になります。また就労等の保育の必要性の認定を受ければ、預かり保育の利用にも補助が出ます。公立小中学校の授業料も無償化の対象です。\n[ 問合せ ]\n各市町　内閣府HP\n内閣府HP (https://www8.cao.go.jp/shoushi/shinseido/musyouka/about/index.html)\n就学援助制度\n公立の小中学校に就学している児童生徒の保護者に、学用品、通学用品、PTA会費等就学に必要な費用の一部を援助する制度です。生活保護対象の保護者、およびそれに準ずる保護者が対象です。\n[ 問合せ ]\n在籍している小中学校や市町教育委員会\n高等学校等就学支援制度\n年収９１０万円未満の世帯に対して、高校等（高専、高等専修学校等を含む）に在学する生徒の授業料について支援されます。保護者の方に直接支給されるのではなく、学校が受け取り、授業料に充当されます。\n[ 問合せ ]\n在籍している学校を通じて申請\n高校生等奨学給付金\n授業料以外の教育費負担を軽減するため、高校生等がいる低所得者世帯を対象に支援があります。\n[ 問合せ ]\n在学している学校を通じて、私立の場合は滋賀県総務部私学・県立大学振興課、国公立の場合は、滋賀県教育委員会教育総務課\n高等教育の修学支援新制度（授業料等減免と給付型奨学金）\n世帯収入等により、大学や専門学校などの授業料・入学金の免除または減額や給付型の奨学金の支給支援があります。高等学校在学中にも申請できます。\n[ 問合せ ]\n在籍、入学予定の学校・日本学生支援機構""}]"
傷病手当について,傷病手当金は、病気やケガで長期間休業した場合に支給される給付金です。支給額は直近12か月の給与の平均の2/3で、勤務先の給与総額ベースの金額です（手取りとは異なります）。支給の条件は、業務外の病気・ケガの療養による休業であること、医師の証明により就労不能であること、連続する3日を含み4日以上仕事につけなかったこと、休業期間中に給与の支払いがないことです。詳細は協会けんぽ滋賀支部に問い合わせてください。,"[{""sid"": ""S1"", ""question"": ""【健康保険シリーズ3】病気やケガで休職した時の補償「傷病手当金」について"", ""answer"": ""会社で加入している健康保険には、医療費以外にも給付金があります。\nその一つが「傷病手当金」です。\n病気やケガで長期間仕事を休むと、給料が支払われなくなり生活費に困ることがあります。\nしかし傷病手当金を申請すれば、生活補償として給付金が健康保険より支給されます。\n傷病手当金は、病気休業中に被保険者とその家族の生活を保障するために設けられた制度で、被保険者が病気やケガのために会社を休み、会社から十分な報酬が受けられない場合に支給されます。\n【支給金額】直近１２か月の給与を平均した額の2/3\nただし、勤務先が社会保険に届けを出している給与総額です。手取りの金額とは一致しません。\n【支給の条件】\n1. 業務外の事由による病気やケガの療養のための休業であること\n2. 仕事に就くことができないこと（医師の証明が必要です）\n3. 連続する三日間を含み四日以上仕事につけなかったこと\n4. 休業した期間について給与の支払いがないこと（事業主の証明が必要です）\nその他、傷病手当金の詳細については協会けんぽのHPをご覧いただくか、お電話にてお問合せください。\n協会けんぽ滋賀支部\n℡　077-522-1099 (日本語)""}]"
日本人の父親に認知されているかを確認したい,提供された情報には、日本人の父親に認知されているかを確認する具体的な手続きや要件は記載されていません。離婚話し合いの場として家庭裁判所の調停情報が挙げられていますが、認知の確認については記載がありません。もし認知に関する一般的な相談が必要であれば、所轄の家庭裁判所へご相談ください。,"[{""sid"": ""S1"", ""question"": ""離婚についての話し合いがうまくいきません。"", ""answer"": ""家庭裁判所の調停で話し合うことができます。（日本語）\n- 大津家庭裁判所 　℡　077-503-8151\n- 大津家庭裁判所 彦根支部 　℡　0749-22-0167\n- 大津家庭裁判所 長浜支部 　℡　0749-62-0240\n- 京都外国人の夫婦と親子に関する紛争解決センター 　℡　075-692-3555""}]"
在留資格の更新に関して,滋賀県在住の方の在留資格更新については、現在の在留資格の「更新手続き」を行う必要があります。手続きは出入国在留管理庁の案内に従い、在留関係手続きページをご確認ください。滋賀県内の窓口として大阪入国管理局大津出張所で手続きが案内されています。窓口の所在地・電話は公式情報をご参照ください。新しい在留資格への移行時には、在留期間満了日が近い場合の更新申請が必要です。詳細は滋賀県在住者向けの案内をご確認ください。,"[{""sid"": ""S1"", ""question"": ""在留について"", ""answer"": ""日本に住む外国人には、それぞれの滞在目的に従って在留資格と在留期間が与えられます。おのおのの「在留資格」には活動できる内容が厳格に規定されています。\n関連ページ\n出入国在留管理庁 (http://www.moj.go.jp/isa/index.html)\n在留関係の手続きについては\n在留関係手続き (https://www.moj.go.jp/isa/applications/index.html)\n入国後の在留関係の手続き\n滋賀県在住の方は、\n大阪入国管理局大津出張所\nで行います。\n大阪入国管理局大津出張所 (http://www.moj.go.jp/isa/about/region/osaka/index.html)\n大津市京町3-1-1 大津びわ湖合同庁舎6階　　℡：077-511-4231\n一般的な内容についての相談\n外国人在留インフォメーションセンター・ワンストップ型相談センター（入国管理局）に外国語で問い合わせることもできます。\n外国人在留インフォメーションセンター (http://www.moj.go.jp/isa/consultation/center/japanese.html)\n℡ 0570-013904（ＩＰ, ＰＨＳ, 海外: 03-5796-7112）\n新しい在留資格への移行により、平成24年7月9日より前の住所は住民票には記載されません。 ※これまで市区町村で保管されていた「外国人登録原票」は、平成24年7月9日から法務省で保管されています。\n外国人登録原票に係る開示請求について（法務省HPへリンク） (http://www.moj.go.jp/isa/applications/disclosure/foreigner.html)""}]"
家庭裁判所に必要していた書類,家庭裁判所での手続きには、事案の内容により必要書類が異なります。一般的には、身分を証明する書類、戸籍関連書類（婚姻／離婚の証明、戸籍謄本等）、申立ての理由を示す資料、当事者の印鑑、収入を証明する資料等が想定されます。詳しい必要書類は、管轄の大津家庭裁判所または彦根支部へ直接ご確認ください。,"[{""sid"": ""S1"", ""question"": ""離婚についての話し合いがうまくいきません。"", ""answer"": ""家庭裁判所の調停で話し合うことができます。（日本語）\n- 大津家庭裁判所 　℡　077-503-8151\n- 大津家庭裁判所 彦根支部 　℡　0749-22-0167\n- 大津家庭裁判所 長浜支部 　℡　0749-62-0240\n- 京都外国人の夫婦と親子に関する紛争解決センター 　℡　075-692-3555""}]"
雇用契約の問題,滋賀県国際協会の情報に基づくと、雇用契約の問題には有期契約の転換や雇い止めの法理の適用、退職時の手続きが関係します。具体的には、有期契約が通算5年を超えた場合には申し込みにより無期契約へ転換でき、更新拒否だけではなく一定条件下で雇い止めが無効となる可能性があります。また不合理な労働条件の差異は禁止され、労働トラブル時は労働基準監督署へ相談が推奨されます。退職事項としては、原則として期間の定めがない契約は退職の申し入れから2週間で終了しますが、就業規則の定めや解雇予告手当の要件も関係します。詳しくは滋賀労働局の窓口にも相談可能です。,"[{""sid"": ""S1"", ""question"": ""有期労働契約の新しいルールについて"", ""answer"": ""有期労働契約について規定する新しいルールが、今年４月から始まります。働き方を選択する上で参考にしましょう。パート、アルバイト、派遣社員、契約社員、嘱託など、有期労働契約で働く人であれば、新しいルールの対象となります。\n※派遣社員は、派遣元（派遣会社）と締結される労働契約が対象です。\nⅠ　無期労働契約への転換\n同一の使用者との間で、有期労働契約が反復更新されて通算5年を超えたときは、労働者の申し込みにより、期間の定めのない労働契約（無期労働契約）に転換できます。\n- 通算契約期間のカウントは、平成25年（2013年）4月1日以降に開始する有期労働契約が対象です。ただし、労働契約が締結されていない期間が連続して6ヶ月以上（契約期間が１年未満の場合は、その2分の1以上）ある場合は、それ以前の契約期間は通算契約期間に含めません。\n- 通算5年を超えて締結された契約の期間内にいつでも申込みができ、申込んだ時点で無期労働契約が成立し、無期に転換されるのは、申込み時の有期労働契約が終了する翌日からです。\n- 労働契約の労働条件は、別段の定め（就業規則)、個々の労働契約）がない限り、直前の有期労働契約と同一になります。\nⅡ　雇い止めの法理」の法定化\n一定の場合には、使用者による雇い止めが認められないことになるルールが法律に規定されました。有期労働契約は、使用者が更新を拒否したとき、契約期間の満了により雇用が終了します。しかし次の①と②については無効であることが、今回、労働契約法に条文化(されました。\n※このルールが適用されるためには、労働者からの有期労働契約の更新の申込みをすること、又は、雇い止めについて「嫌だ」など意思表示をすることが必要です。\nⅢ　不合理な労働条件の禁止\n有期契約労働者と無期契約労働者との間で、期間の定めがあることによる不合理な労働条件の相違を設けることを禁止されました。\n※ 相談窓口：滋賀労働局　雇用環境・均等室　℡：077-522-6648""}]"
ビザの更新について,ビザの更新についての具体的な新情報は、滋賀県国際協会の提供する資料〜には含まれていません。よって、出典として挙げられている情報S1〜S5の範囲内では、ビザ更新に関する回答はできません。必要であれば、滋賀県国際協会の窓口へ直接ご確認ください。,"[{""sid"": ""S1"", ""question"": ""健康保険の被扶養者は「国内居住者」に限定されます"", ""answer"": ""2020年４月より、企業の従業員が入る公的医療保険「健康保険」の被扶養者の認定要件に、「原則として国内に居住していること」が追加され、海外在住の被扶養者は外れることになりました。ただし、日本に居住していない被扶養者のうち、日本に生活の基礎があると認められるもの（海外留学、海外赴任の同行家族、観光ボランティア等のための一時的渡航者など）については、 例外的に要件を満たすこととされています。一方、国内に住所があっても、医療滞在ビザで来日した者や観光・保養を目的とするロングステイビザで来日した者は被扶養者認定されません。""}, {""sid"": ""S2"", ""question"": ""有期労働契約の新しいルールについて"", ""answer"": ""有期労働契約について規定する新しいルールが、今年４月から始まります。働き方を選択する上で参考にしましょう。パート、アルバイト、派遣社員、契約社員、嘱託など、有期労働契約で働く人であれば、新しいルールの対象となります。\n※派遣社員は、派遣元（派遣会社）と締結される労働契約が対象です。\nⅠ　無期労働契約への転換\n同一の使用者との間で、有期労働契約が反復更新されて通算5年を超えたときは、労働者の申し込みにより、期間の定めのない労働契約（無期労働契約）に転換できます。\n- 通算契約期間のカウントは、平成25年（2013年）4月1日以降に開始する有期労働契約が対象です。ただし、労働契約が締結されていない期間が連続して6ヶ月以上（契約期間が１年未満の場合は、その2分の1以上）ある場合は、それ以前の契約期間は通算契約期間に含めません。\n- 通算5年を超えて締結された契約の期間内にいつでも申込みができ、申込んだ時点で無期労働契約が成立し、無期に転換されるのは、申込み時の有期労働契約が終了する翌日からです。\n- 労働契約の労働条件は、別段の定め（就業規則)、個々の労働契約）がない限り、直前の有期労働契約と同一になります。\nⅡ　雇い止めの法理」の法定化\n一定の場合には、使用者による雇い止めが認められないことになるルールが法律に規定されました。有期労働契約は、使用者が更新を拒否したとき、契約期間の満了により雇用が終了します。しかし次の①と②については無効であることが、今回、労働契約法に条文化(されました。\n※このルールが適用されるためには、労働者からの有期労働契約の更新の申込みをすること、又は、雇い止めについて「嫌だ」など意思表示をすることが必要です。\nⅢ　不合理な労働条件の禁止\n有期契約労働者と無期契約労働者との間で、期間の定めがあることによる不合理な労働条件の相違を設けることを禁止されました。\n※ 相談窓口：滋賀労働局　雇用環境・均等室　℡：077-522-6648""}, {""sid"": ""S3"", ""question"": ""成年年齢が18歳に引き下がります"", ""answer"": ""2022年4月1日に「民法の一部を改正する法律」によって成年年齢が現行の20歳から18歳に引き下がります。\n18歳以上20歳未満の方（2002年4月2日～2004年4月1日生まれ）\n→　2002年4月1日に成年\n2004年4月2日生まれ以降の方\n→　18歳の誕生日に成年\n民法が改正されることで成年・未成年の定義が一部変更され、在留資格や国籍取得など各種申請に係る年齢要件が変更になるため、注意が必要です。\n成年年齢が引き下がることで何が変わるの？\n- 「未成年・未婚の実子」として在留資格「定住者」へ在留資格を変更する場合の年齢制限が18歳未満になります。\n- 帰化できる年齢は20歳以上となっていたところ、18歳以上になります。\n- 日本人の父に認知された子の国籍取得できる年齢は、18歳未満になります。\n- 多重国籍の方は国籍選択が20歳未満（あるいは22歳に達するまで）から18歳未満（あるいは20歳に達するまで）になります。\n- スマートフォンや一人暮らしのためのアパートを借りるための契約，クレジットカードの作成やローンを組んで自動車を購入したりすることが、１８歳から親の同意がなくてもできるようになります。（返済能力を超えるローン契約と認められる場合、契約できないこともあります。）\n- 女性が結婚できる年齢が16歳以上から18歳以上に引き上がります。2022年4月1日の時点で既に16歳以上の女性は、引き続き、18歳未満でも結婚することがきます。\n成年年齢が変わってもお酒を飲んだりたばこを吸ったりすることができるようになる年齢、公営競技（競馬、競輪、オートレース、モーターボート競走）の年齢制限については２０歳のままです。\nまた、国民年金の加入義務も20歳以上のままです。\n民法では、未成年者が親の同意なしに契約をした場合には、原則として、契約を取り消すことができるとされていますが、今回の改正によって18歳で様々な契約を結ぶことが可能になり、その契約に対して責任を負うことにもなります。安易に契約を結ぶのではなく、内容を確認し、納得したうえで契約を結びましょう。契約を結ぶ前に誰かに相談することも大切です。\n消費トラブルに巻き込まれた場合の相談窓口\n- 消費者ホットライン「１８８」（日本語のみ）\n- 法テラス（多言語情報提供サービス）０５７０-０７８３７７　【平日】９時～１７時""}, {""sid"": ""S4"", ""question"": ""【健康保険シリーズ ８】年に１回は健診を受けましょう！"", ""answer"": ""健康診断を受けていますか？健診はからだの異常を早期に発見できる絶好の機会です。まったく自覚症状のない検査数値の異常も、放置しておくと命にかかわる病気に進行してしまう可能性があります。そのため、毎年の健診結果を確認、比較し、からだの変化を読み取ることが大切です。年に１回は必ず健診を受けましょう。\n日本では、４０歳から７４歳までの健康保険の加入者を対象とした「特定健診」を実施しています。加入する健康保険から年に１回健診費用の補助が受けられます。\n★お勤めの方\n年に１回、健康診断を従業員に受けさせることが事業主に義務付けられています。\n会社で健康診断の案内があったら必ず受診しましょう。法で定められた検査項目については、事業主が費用を負担します。\n★協会けんぽの健康保険に加入の扶養家族の方\n４０歳以上のご家族の方には、毎年４月に特定健診の案内が自宅に届きます。\n中には、受診券やパンフレットなどが入っています。事前に受けたい病院や会場を予約して、特定健診を受けましょう。受診券があれば、費用の総額から７,１５０円引きになります。 自己負担なしの無料で受けられる会場もありますので、案内が届いたら、必ず受診しましょう。\n★国民健康保険に加入中の方\n国民健康保険でも特定健診の受診を推進しており、自宅に案内を配付していますので、案内が届いたら必ず受診しましょう。案内の時期や内容については、住んでいる市町村役場に聞いてみましょう。\n協会けんぽに加入の皆様へ ～ お知らせ ～\n２０２３年１月から、協会けんぽの申請書・届出書の様式が変更になりました。\n新しい様式は、協会けんぽのホームページからダウンロードできます。\n古い様式の申請書・届出書をお持ちの方は、使用せず廃棄してください。""}, {""sid"": ""S5"", ""question"": ""【健康保険シリーズ ８】年に１回は健診を受けましょう！"", ""answer"": ""健康診断を受けていますか？健診はからだの異常を早期に発見できる絶好の機会です。まったく自覚症状のない検査数値の異常も、放置しておくと命にかかわる病気に進行してしまう可能性があります。そのため、毎年の健診結果を確認、比較し、からだの変化を読み取ることが大切です。年に１回は必ず健診を受けましょう。\n日本では、４０歳から７４歳までの健康保険の加入者を対象とした「特定健診」を実施しています。加入する健康保険から年に１回健診費用の補助が受けられます。\n★お勤めの方\n年に１回、健康診断を従業員に受けさせることが事業主に義務付けられています。\n会社で健康診断の案内があったら必ず受診しましょう。法で定められた検査項目については、事業主が費用を負担します。\n★★\t協会けんぽの健康保険に加入の扶養家族の方\n４０歳以上のご家族の方には、毎年４月に特定健診の案内が自宅に届きます。\n中には、受診券やパンフレットなどが入っています。事前に受けたい病院や会場を予約して、特定健診を受けましょう。受診券があれば、費用の総額から７,１５０円引きになります。 自己負担なしの無料で受けられる会場もありますので、案内が届いたら、必ず受診しましょう。\n★★国民健康保険に加入中の方\n国民健康保険でも特定健診の受診を推進しており、自宅に案内を配付していますので、案内が届いたら必ず受診しましょう。案内の時期や内容については、住んでいる市町村役場に聞いてみましょう。\n協会けんぽに加入の皆様へ ～ お知らせ ～\n从2２０２３年１月から、協会けんぽの申請書・届出書の様式が変更になりました。\n新しい様式は、協会けんぽのホームページからダウンロードできます。\n古い様式の申請書・届出書をお持ちの方は、使用せず廃棄してください。""}]"
制度について,"制度についての要点を簡潔に述べます。
- 学校教育制度は、小学校6年、中学校3年、高等学校3年、短期大学2年、大学4年が基本です（S1）。
- 年金制度は、国民年金と厚生年金保険の2本立てで、外国人も1年以上の在日予定が対象となる場合があります。国民年金は20歳〜59歳で、厚生年金に加入していない場合に加入します（S2）。
- 労働関係法令では、国籍を理由とする差別禁止、労働条件の明示、解雇予告、賃金支払い、最低賃金、労働時間・休日、割増賃金、年次有給休暇、旅券等の管理禁止・返戻、労働安全衛生などが定められています（S3）。
- 健康保険シリーズでは、会社員は社会保険加入・保険料の半額負担、家族は加入・保険料なし、自営業等は国民健康保険へ加入します。脱退手続きは必要で、退職時は国民健康保険加入手続きが必要です（S4）。
- 子育て・両立制度として、育児休業・出生時育児休業・年金・健康保険料の免除・育児時間・看護休暇などが用意され、雇用状況・保険加入状況の条件があります。詳しくは所管窓口へ案内されます（S5）。","[{""sid"": ""S1"", ""question"": ""教育制度"", ""answer"": ""日本での教育制度は基本的に、小学校6年間、中学校3年間、高等学校3年間、短期大学2年間、大学4年間となっています。""}, {""sid"": ""S2"", ""question"": ""年金制度"", ""answer"": ""公的年金制度は、老齢、障害または死亡時の本人および遺族の生活保障の観点から、日本国内に住むすべての人について、一定の要件のもとに国籍を問わず適用しています。外国人の場合、1年以上の日本滞在を予定している人が対象となります。\n厚生年金保険\n給付の種類\n老齢厚生年金、障害厚生年金、遺族厚生年金\n国民年金\n20歳から59歳までの方で、厚生年金保険などに加入していない場合は国民年金に加入しなければいけません。\nお問い合わせ\n各市町村国民年金担当係""}, {""sid"": ""S3"", ""question"": ""日本の労働関係法令（事業主側に求められていること ）"", ""answer"": ""国籍を理由とする差別的取り扱いの禁止\n使用者は、労働者の国籍、信条又は社会的身分を理由として、賃金、労働時間、その他の労働条件について、差別的取り扱いをしてはならないとされています。（労働基準法　第3条）\n労働条件の明示\n使用者は、労働契約を締結するにあたって、賃金、労働時間その他の労働条件を労働者に明示しなければなりません。特に賃金に関する事項は、書面で明示することが必要です。（労働基準法15条）\nまた、雇い入れにあたっては、賃金、労働時間等の主要な労働条件について、外国人労働者が理解できるようその内容を明らかにした書面（雇入通知書）を交付するよう求められています。\n強制労働･中間搾取の禁止\n使用者は、暴行や脅迫等で、労働者の意思に反して労働を強制してはなりません。\nまた、法令に基づいて許される場合のほか、業として他人の就職に介入して利益を得てはなりません。\n労働契約の不履行について違約金，損害賠償額を予定する契約の禁止\n契約期間満了前の退職等，労働者側の労働契約不履行について違約金を定めたり、損害賠償の額を予定する契約をすることは禁止されています。（労働基準法第16条）\n労働災害にあって療養中の労働者に対する解雇の制限\n業務上負傷し、又は疾病にかかり療養のために休業する期間及びその後30日間の解雇は禁止されています。(労働基準法第19条)\n解雇の予告\n労働者を解雇する場合には、少なくとも30日前に予告する必要があります。30日前に予告しない場合には30日に不足する日数分の平均賃金 (解雇予告手当)を支払う必要があります。\nただし、天災などのやむを得ない事由のために事業の継続が不可能になった場合や、労働者の責に帰すべき事由により解雇する場合はこの限りではありませんが、その場合、労働基準監督署長による解雇予告の除外認定を受けることが必要です。（労働基準法第20条､第21条）\n賃金の支払い\n賃金は､通貨で､労働者に対し直接に､全額を､毎月1回以上、一定期日を定めて支払わなければなりません。ただし、税金、雇用保険料などの法定控除及び組合費などの労使協定による控除は全額払いの例外となります。(労働基準法第24条)\n最低賃金\n使用者は労働者に対し最低賃金額以上の賃金を支払わなくてはなりません。最低賃金には、地域別最低賃金と産業別最低賃金があります。(最低賃金法)\n労働時間､休日\n法定労働時間は、1日8時間、1週間40時間 (一部の規模・業種の事業場については46時間)となっています。(労働基準法第32条。第40条)法定の休日は、週について１日又は４週について４日以上とされています。(労働基準法第35条)\n時間外・休日労働及び深夜労働の割増賃金\n法定の労働時間を延長し､法定の休日に労働させるには、法令で定められた一定の手続きが必要とされています。（労働基準法第36条）\nまた、法定の労働時間を超える労働に対しては､通常の労働時間または労働日の賃金の25％以上の率、法定の休日における労働に対しては、35％以上の率で計算した割増賃金を支払わなければなりません。\nさらに、深夜（午後10時から午前5時まで）における労働に対しても、25％以上の率で計算した割増賃金を支払わなければなりません。（労働基準法第37条）\n年次有給休暇\n6ヶ月間継続勤務し、全労働の8割以上出勤した労働者に対しては､年次有給休暇を与えなければなりません。（労働基準法第39条）\n金品の返還\n我が国に在留する外国人は、旅券又は外国人登録証明書を常時携帯する必要がある（入管法第23条）ので、事業主は旅券等を保管しないこととされています。\nまた、労働者が退職する際に、請求があった場合、7日以内に当該労働者の権利に属する金品を返還しなければなりません。（労働基準法第23条）\n安全衛生\n労働者の安全と衛生を確保するため、安全衛生教育（雇入れ時の教育等）、健康診断の実施等、労働者の危険又は健康障害を防止するための措置を講じなければなりません。（労働安全衛生法）""}, {""sid"": ""S4"", ""question"": ""【健康保険シリーズ１】  日本の公的保険制度について"", ""answer"": ""日本の会社に就職して仕事を始めると、お給料から社会保険料が引かれていることに気が付くと思います。この“社会保険”とは何を指すのでしょうか。日本では様々な社会保険制度があり、国籍に関わらず皆さんが加入し保障を受けることができます。\n今回はその中の健康保険について、会社にお勤めの方と、そうでない方の違いを見てみましょう。\n会社で働いてお給料をもらっている方：会社を通じて社会保険に加入します。保険料は給料から天引きになりますが、保険料の半分を会社が負担してくれています。また、扶養の家族も一緒に加入することができます。家族は保険料がかかりません。健康保険と年金はセットで加入します。\n自営業・無職など会社にお勤めではない方（上記以外の方）：個人で国民健康保険に加入します。保険料はご自身でお住いの市役所に納める必要があります。保険料は家族分を含め、全額自己負担となります。同様に年金も、個人で国民年金に加入します。\n●　病院での支払いが3割で済むのはどちらも同じです。また医療費が高額になった時の給付、出産や死亡の時の給付も同じです。会社の社会保険には病気や出産で仕事を休んだ時に、お給料を一部保障する給付がありますが、国民健康保険にはありません。\n健康保険の加入と脱退の手続きについて\n会社に就職したとき：社会保険に加入するときは会社が手続きをしてくれますが、それまで加入していた国民健康保険の脱退の手続きは自分でする必要があります。保険料が二重で請求されることのないよう、お住いの市役所で脱退の手続きをしてください。\n会社を退職したとき：退職し社会保険の資格が喪失したときは、保険証は使えなくなっていますので、すぐに会社に返却しましょう。そして自分で市役所に行って国民健康保険に加入し、保険証をもらう手続きをする必要があります。他にも社会保険を任意で継続加入する、ご家族の扶養に入るといった選択肢もありますので確認してみてください。""}, {""sid"": ""S5"", ""question"": ""子育て応援シリーズ➂ 仕事と育児の両立を応援！"", ""answer"": ""育児をしながら仕事を続けられるように、産後や育児のための休暇や、復職してから育児をサポートする制度があります。利用するには、雇用状況や加入している保険などについての条件があります。\n★雇用保険（社会保険）の被保険者が利用できる制度\n育児休業制度\n１歳に満たない子を養育するための休業制度です。１歳までの育児休業については、2回に分けて取得することも可能です。父母ともに育児休業を取得する場合や、保育所等に入れない場合には、育児休業期間を延長することもできます。休業開始予定日の１か月前までに、勤務先に書面で申し出てください。一定の条件を満たすと、休業期間中に「育児休業給付金」の支給を受けることができます。支払額は180日までは休業開始時賃金日額の67％、それ以降は50％です。\n出生時育児休業（産後パパ育休）制度\n原則的に男性を対象とした出生後の子を養育するための休業制度です。父親は子どもが生まれた日から８週間以内、４週間分まで取得でき、２回に分割して取得することもできます。休業開始予定日の２週間前までに、勤務先に書面で申し出てください。一定の条件を満たすと「出生時育児休業給付金」の支給を受けることができます。\n支払額は、休業開始時賃金日額ｘ休業期間の日数（28日が上限）ｘ67％です。\n→詳しくは勤務先所在地を管轄するハローワークへ\n産前産後の一定期間の年金、健康保険料が免除、軽減されます（2024年１月より）：・社会保険の加入者が産前産後休業・育児休業を取得する場合、休業中の健康保険料と厚生年金保険料が免除されます。 →詳しくは年金事務所へ\n★労働基準法により定められ、復職後使える制度\n※それぞれの制度には子どもの年齢の制限や勤務時間などの条件があるので勤務先に確認しましょう。\n育児時間\n雇用形態にかかわらずフルタイム勤務の女性労働者は、子どもが1歳未満までの間、休憩時間とは別に１日２回それぞれ少なくとも30分の育児時間を請求できます。育児時間は、勤務時間中でも、勤務時間始め、または終わりにとることもできます。\n短時間勤務制度、時間外労働・深夜業の免除\n男女共に育児する親は、勤務時間の短縮（原則６時間）や時間外、深夜労働（午後１０時から午前５時まで）などの免除を請求することもできます。\n看護休暇\n雇用形態にかかわりなく、小学校就学前の子を養育する労働者は、ケガや病気の子どもの世話や、予防接種や健康診断を受けさせるために、看護休暇を取得できます。小学校就学前の子が１人であれば１年に５日、２人以上であれば10日までの看護休暇を、年次有給休暇とは別に時間単位で取得できます。\n※看護休暇について、有給か無給かは勤務先の制度によって異なります。\n→　相談は滋賀労働局雇用環境・均等室　　℡ 077-523-1190""}]"
友人について,友人に関する質問は本文に直接の情報がありません。滋賀県国際協会の資料(S1〜S5)に基づく事実ベースの回答が必要な場合は、具体的な内容を教えてください。,"[{""sid"": ""S1"", ""question"": ""「デートDV」のこと知っていますか？"", ""answer"": ""恋人同士の間に起こる暴力のことを「デートDV」と言います。暴力には身体的、精神的、性的や経済的暴力があります。相手を思いどおりにしたり、相手をバカにしたり無視をするといった行為もDVです。親しい間柄でも自分と相手の気持ちを大切にしましょう。\n- 内閣府　「人と人とのよりよい関係をつくるために」\n- 文部科学省　「生命の安全教育」\nパートナーとの悩みの相談\n- デートDV110番 https://ddv110.org/ (https://ddv110.org/)\n- にんしんSOS滋賀　（滋賀県子育て支援課）""}]"
欠席承諾書について,滋賀県国際協会の情報には「欠席承諾書」についての記載がありません。以下の点は一般的な理解として参考になるかもしれませんが、正式な手続きや要件は各機関・学校に確認してください。欠席承諾書が必要となる場合は、以下を準備・確認します： 1) 欠席理由の明確化と証拠（病院受診の診断書等、必要に応じて） 2) 提出先の指定形式・提出方法（原本・写し・オンライン提出の可否） 3) 提出期限と提出先の連絡先 4) 学校・機関の要件に沿った署名・押印 実際の要件は所属機関の指示を優先してください。,"[{""sid"": ""S1"", ""question"": ""賃貸住居"", ""answer"": ""家やアパートを借りたい場合は、不動産業者に相談してください。\n\n契約に必要とされるのは\n敷金\n家賃支払いの担保として家主に預けておくお金です。退去する際に返金されるものです。未払い賃料および借りていた家の中に損害がある場合は、その修理費をさし引かれますが、残高が戻ります。\n礼金\n家主に支払う一時金で返金されないもの。\n報酬\n不動産業者に仲介を依頼した時は、通常1ヶ月分が必要です。""}]"
職場での問題,職場の問題については、まず滋賀労働局の窓口で相談してください。いじめ・嫌がらせ・セクハラ・解雇などの相談窓口として雇用環境・均等室の連絡先が案内されています。必要に応じて労働条件相談ほっとラインや闇バイトの相談窓口も案内されます。対応としては、雇用契約書の確認、就労時間・内容・賃金の適正性の確認、証拠の保全を心掛け、状況に応じて行政ADRの利用や警察窓口への相談も検討してください。,"[{""sid"": ""S1"", ""question"": ""労働トラブルの相談"", ""answer"": ""労働関係のトラブルがあった場合は、下記の労働基準監督署に相談しましょう。（労働契約、就労規則、給料明細などがあれば持参してください）""}, {""sid"": ""S3"", ""question"": ""こんな悩み抱えていませんか？"", ""answer"": ""中学を卒業してからは勉強すること、働くこと、いろいろなことを自分で選択する機会が増えます。家や学校以外の居場所もでき、交友関係も広くなります。自由が多くなる分、自己責任も増えていきます。自分のことを守れるように、困ったときの相談先をいくつか紹介します。\n高校生はアルバイトできますか？\n15歳になって最初の3月31日が過ぎた人は就労が認められます。在籍する高校の校則でアルバイトが許可されていれば高校生も働くことができますが、18歳未満の未成年であり、社会での経験がまだ浅いため、以下のように法律で守られています。\n- 就職に当たって、保護者の同意書、年齢証明書、在留カードの提示が求められます。\n- 仕事の内容では、危険や有害な業務について就業の制限又は禁止されています。\n- 就労時間については、深夜業や時間外・休日労働の制限/変形労働時間制の勤務も禁止されています。\n※不当な労働契約や賃金の未払い、パワハラ、セクハラなど劣悪な環境で働かせるブラックバイトもあるので、雇用契約時には、雇用契約書を取り交わし、内容を確認するようにしてください。\n※犯罪行為によって報酬を受け取る\n闇バイト\nが、SNSなどを通して広まっています。決して「高収入」だから、と軽い気持ちで応募してはいけません。身分証や家族の情報などを提供してしまうことによって犯罪組織から抜け出せない手口になっています。自分の個人情報やプライバシーに関することはむやみに提供しないように気を付けましょう。\nいじめ、いやがらせ、セクハラ、解雇など仕事の相談\n- 滋賀労働局　雇用環境・均等室　Tel 077-523-1190\n- 労働条件相談ほっとライン（多言語相談）\n- 闇バイトの相談　警察相談ダイヤル#9110""}, {""sid"": ""S4"", ""question"": ""正社員と非正規社員との間の不合理な待遇差が禁止されました！（2020年４月１日施行。中小企業における適用は、2021年４月１日。）"", ""answer"": ""同一企業内における正社員（無期雇用フルタイム労働者）とパートタイム労働者・有期 雇用労働者との間の不合理な待遇の差をなくし、どのような雇用形態を選択しても待遇 に納得して働き続けることができるよう、パートタイム・有期雇用労働法や施行規則、 同一労働同一賃金ガイドライン、パートタイム・有期雇用労働指針が施行されます。\n１ 不合理な待遇差の禁止\n同一企業内において、正社員と非正規雇用労働者との間で、基本給や賞与などの あらゆる待遇について、不合理な待遇差を設けることが禁止されます。 ガイドライン（指針）において、どのような待遇差が不合理に当たるかを例示します。\n２ 労働者に対する待遇に関する説明義務の強化\n非正規雇用労働者は、「正社員との待遇差の内容や理由」などについて、事業主に 説明を求めることができるようになります。 事業主は、非正規雇用労働者から求めがあった場合は、説明をしなければなりません。\n３　行政による事業主への助言・指導等や裁判外紛争解決手続き（行政ADR）の整備\n都道府県労働局において、無料非公開の紛争解決手続きを行います。　「均等待遇」や「待遇差の内容・理由に関する説明」についても、行政ADRの対象となります。\nお問い合わせ　滋賀労働局　077-522-6648""}]"
DV 被害者についての相談,"滋賀県国際協会の情報に基づくと、DV被害者の相談先としては市町村の障害福祉担当課・滋賀県立障害者福祉センターの相談窓口などが示されています（S3参照）。外国人人権ダイヤルも利用可能で、対応言語が案内されています（S4参照）。DVに関する具体的相談窓口や緊急支援の案内は、滋賀県の公式窓口や関連機関へ連絡することを推奨します（S1,S2参照）。なお、他機関の連携情報としてデートDV110番などの外部窓口も併記されています（S1,S2参照）。","[{""sid"": ""S1"", ""question"": ""「デートDV」のこと知っていますか？"", ""answer"": ""恋人同士の間に起こる暴力のことを「デートDV」と言います。暴力には身体的、精神的、性的や経済的暴力があります。相手を思いどおりにしたり、相手をバカにしたり無視をするといった行為もDVです。親しい間柄でも自分と相手の気持ちを大切にしましょう。\n- 内閣府　「人と人とのよりよい関係をつくるために」\n- 文部科学省　「生命の安全教育」\nパートナーとの悩みの相談\n- デートDV110番 https://ddv110.org/ (https://ddv110.org/)\n- にんしんSOS滋賀　（滋賀県子育て支援課）""}, {""sid"": ""S2"", ""question"": ""「デートDV」のこと知っていますか？"", ""answer"": ""恋人同士の間に起こる暴力のことを「デートDV」と言います。暴力には身体的、精神的、性的や経済的暴力があります。相手を思いどおりにしたり、相手をバカにしたり無視をするといった行為もDVです。親しい間柄でも自分と相手の気持ちを大切にしましょう。\n- 内閣府　「人と人とのよりよい関係をつくるために」\n- 文部科学省　「生命の安全教育」\nパートナーとの悩みの相談\n- デートDV110番 https://ddv110.org/ (https://ddv110.org/)\n- にんしんSOS滋賀　（滋賀県子育て支援課）""}, {""sid"": ""S3"", ""question"": ""悩まず、すぐ相談！"", ""answer"": ""各市町役場　障害福祉担当課\n滋賀県立障害者福祉センター　心身障害者の相談・障害者のスポーツセンター\n（プール、トレーニング室などあり）\n草津市笠山８丁目５番１３０号　℡　077-564-7327\n滋賀県総合教育センター　特別支援教育相談　　発達障害等の子どもについての相談。\n来所（要予約）電話相談　9:00-12:30　13:00-16:30\n野洲市北桜　℡　077-588-2505""}, {""sid"": ""S4"", ""question"": ""人権侵害について"", ""answer"": ""外国人人権ダイヤル\nTel 0570-090911\n対応言語：英語，中国語，韓国語，フィリピノ語，ポルトガル語、ベトナム語\n(English, Chinese, Korean, Filipino, Portuguese, Vietnamese)""}]"
税還付に関する相談,滋賀県国際協会の情報で回答します。税還付に関する相談としては、確定申告において過払いの所得税を取り戻すことができます。所得税の申告期間は通常2月16日から3月15日ですが、給与所得者で給与所得が2000万円以下の場合は給与から所得税が直接控除され、申告が不要な case もあります。控除額に変更があった場合（例: 配偶者控除・配偶者特別控除の見直し、医療費控除、住宅ローン控除など）や事業所得者、複数の所得源がある場合には税務署で確定申告を行い、還付を受けられる可能性があります。詳しい状況に応じて、管轄の税務署で手続きしてください。,"[{""sid"": ""S4"", ""question"": ""所得税"", ""answer"": ""所得のある人は所得税を納めなければなりません。所得は国籍に関わらず1月1日から1年間に得た個人所得のすべてに課税されます。しかし外国人の税金は滞在期間や職種などにより、次のとおりの方法で扱われます。\n- 日本に住所を持ち、または日本に引き続き1年以上居所を有する者や日本に永住しようとしている者で現在まで引き続き5年以上滞在しているものは、外国と日本の所得の両方に基づく税を支払います。\n- 日本に住所を有し、または現在まで引き続いて1年以上居所を有する個人で、日本に永住するつもりがなくかつ現在まで引き続いて5年以内滞在の一時的な居住者は、日本の所得と海外から送られてきたお金に基づく税を支払います。\n- 日本に1年以内の滞在期間で住所を持たないものは、日本の所得だけに基づく税を払います。\n納税者は管轄されている税務署で確定申告を提出します。申告の期間は2月16日から3月15日です。給与収入2000万円以下の給与所得の場合の所得税は、給与から直接差し引かれますので、通常給与所得者は所得税の申告書を提出する必要はありません。""}, {""sid"": ""S5"", ""question"": ""確定申告　2025年2月17日（月）～3月17日（月）"", ""answer"": ""多額の医療費を支払った、住宅ローンがあるなど控除額に訂正がある場合や事業所得者、複数の場所で所得がある方は税務署で確定申告をしましょう。""}]"
適切な当局への連絡に関する支援を要請する,滋賀県国際協会の情報に基づき、適切な当局への連絡支援として次の通りです。困ったときは市役所の福祉の窓口または社会福祉協議会の相談窓口（社会的包摂サポートセンター よりそいホットライン 0120-279-338）に連絡してください。 ペットを保護・行方不明の場合は、動物愛護センターまたは最寄りの交番・警察署へ連絡してください。 事件・事故（犯罪・交通事故）など緊急時は、近くの交番または警察署を利用し、緊急時には110番を使用してください。 児童虐待の疑いがある場合は、虐待ホットライン（24時間対応）077-562-8996、または各市町の子ども家庭相談センターへ連絡してください。 火事等の緊急時は119番で消防署へ連絡し、同時に初期消火行動と近所への通報を行ってください。,"[{""sid"": ""S1"", ""question"": ""生活に困ったら"", ""answer"": ""市役所の福祉の窓口または、社会福祉協議会に相談しましょう。\n社会的包摂サポートセンター　よりそいホットライン\nTel: 0120-279-338""}, {""sid"": ""S2"", ""question"": ""ペットが行方不明になったり、保護した場合は？"", ""answer"": ""動物愛護センターや最寄りの交番か警察署に連絡しましょう。""}, {""sid"": ""S3"", ""question"": ""犯罪や交通事故にあったとき （事件・事故）"", ""answer"": ""交番\n日本では街角などに「交番」があり、警察官が駐在しています。地域のパトロールや犯罪の防止、家出人や落し物などの届け出を受け付けたり、道案内などを行っていますので、困ったことがあったら気軽に立ち寄ってみましょう。\n盗難や暴行にあったとき\n留守中に泥棒に入られたり、暴力の被害にあったときは、近くの交番や警察署に届けてください。\n緊急に助けを求めたい時は、110番に電話をしましょう。預金通帳，クレジットカードを盗まれた時は、銀行やカードの発行会社に届け出て、支払停止の手続きを要請することが必要です。\n交通事故にあったとき\n交通事故にあったら、どんな小さな事故でも警察に届けましょう。ケガ人がいる時は救急車を呼んでください。""}, {""sid"": ""S4"", ""question"": ""児童虐待の疑いがある場合はすぐに連絡しましょう"", ""answer"": ""虐待ホットライン（24時間対応）\n電話 : 077-562-8996　（日本語）\n中央子ども家庭相談センター\n草津市笠山七丁目4番45号　　電話: 077-562-1121\n彦根子ども家庭相談センター\n彦根市小泉町932-1　　電話: 0749-24-3741\n大津・高島子ども家庭相談センター\n大津市におの浜4-4-5　　電話: 077-548-7768\n児童相談所全国共通ダイヤル（24時間対応）\n電話：189""}, {""sid"": ""S5"", ""question"": ""火事になったら"", ""answer"": ""火災が発生したら，すぐに消防署に連絡する（119番）一方、バケツ、消火器などで初期消火につとめると同時に、「火事だ！ （ KAJI-DA！) 」と叫んで近所に助けを求めましょう。""}]"
生命保険などについて,滋賀県国際協会の情報に基づき回答します。生命保険についての具体的な記載はS1〜S5の健康保険・雇用保険・火災保険には含まれていません。そのため、当協会の情報ソースには生命保険の取り扱いは記載されておらず、生命保険についての事実ベースの説明は提供できません。ご質問が生命保険に関する一般的な情報であれば、当協会の資料には記載がないことをご了承ください。必要であれば、別の公的機関の情報をご案内します。,"[{""sid"": ""S1"", ""question"": ""【健康保険シリーズ１】  日本の公的保険制度について"", ""answer"": ""日本の会社に就職して仕事を始めると、お給料から社会保険料が引かれていることに気が付くと思います。この“社会保険”とは何を指すのでしょうか。日本では様々な社会保険制度があり、国籍に関わらず皆さんが加入し保障を受けることができます。\n今回はその中の健康保険について、会社にお勤めの方と、そうでない方の違いを見てみましょう。\n会社で働いてお給料をもらっている方：会社を通じて社会保険に加入します。保険料は給料から天引きになりますが、保険料の半分を会社が負担してくれています。また、扶養の家族も一緒に加入することができます。家族は保険料がかかりません。健康保険と年金はセットで加入します。\n自営業・無職など会社にお勤めではない方（上記以外の方）：個人で国民健康保険に加入します。保険料はご自身でお住いの市役所に納める必要があります。保険料は家族分を含め、全額自己負担となります。同様に年金も、個人で国民年金に加入します。\n●　病院での支払いが3割で済むのはどちらも同じです。また医療費が高額になった時の給付、出産や死亡の時の給付も同じです。会社の社会保険には病気や出産で仕事を休んだ時に、お給料を一部保障する給付がありますが、国民健康保険にはありません。\n健康保険の加入と脱退の手続きについて\n会社に就職したとき：社会保険に加入するときは会社が手続きをしてくれますが、それまで加入していた国民健康保険の脱退の手続きは自分でする必要があります。保険料が二重で請求されることのないよう、お住いの市役所で脱退の手続きをしてください。\n会社を退職したとき：退職し社会保険の資格が喪失したときは、保険証は使えなくなっていますので、すぐに会社に返却しましょう。そして自分で市役所に行って国民健康保険に加入し、保険証をもらう手続きをする必要があります。他にも社会保険を任意で継続加入する、ご家族の扶養に入るといった選択肢もありますので確認してみてください。""}, {""sid"": ""S2"", ""question"": ""火災保険について"", ""answer"": ""住宅は賃貸や持ち家にかかわらず、火災保険に加入する必要があります。 賃貸アパートやマンションなどの場合、入居時や更新時に「大家」と「入居者」がそれぞれ火災保険に加入するケースが一般的です。建物は大家の資産なので、建物に対する火災保険は大家が加入して保険料を支払い、室内の家具や家電などの家財道具に対する保険は、入居者が加入し保険料を支払います。持ち家であれば建物と家財の両方を補償する火災保険に入ります。""}, {""sid"": ""S3"", ""question"": ""雇用保険"", ""answer"": ""雇用保険制度とは、在職中の労働者の雇用の安定を図り、失業中の労働者に対して、生活の安定と再就職の促進のために失業等給付を行うものです。　失業等給付は、労働者と事業主が支払う保険料によってまかなわれており、日本で雇用されれば外国の失業保険制度の適用を受けていることが立証された者を除き、原則として国籍（無国籍を含む）のいかんに関わらず被保険者となり、事業主を通じて被保険者になります。\n労働者が会社を自己都合、解雇などで離職した場合、次の条件を満たし、公共職業安定所が認めれば基本手当てを受給することができます。\n- 日本国内での就労に制限のない方で日本において反復して就労することが可能な方。\n- 離職日以前２年間に、被保険者期間が通算して１２ヶ月以上ある。（解雇や倒産の場合は離職の日以前１年間に通算６ヶ月以上）\n- 離職したため、被保険者の資格をなくしたことが確認された。\n- 仕事をしたくても仕事に就けない。\n※詳しくは、居住地の公共職業安定所までお問い合わせください。\n雇用保険の手続きについて (https://www.mhlw.go.jp/stf/seisakunitsuite/bunya/koyou_roudou/koyou/koyouhoken/index_00003.html)""}, {""sid"": ""S4"", ""question"": ""雇用保険"", ""answer"": ""雇用保険制度とは、在職中の労働者の雇用の安定を図り、失業中の労働者に対して、生活の安定と再就職の促進のために失業等給付を行うものです。　失業等給付は、労働者と事業主が支払う保険料によってまかなわれており、日本で雇用されれば外国の失業保険制度の適用を受けていることが立証された者を除き、原則として国籍（無国籍を含む）のいかんに関わらず被保険者となり、事業主を通じて被保険者になります。\n労働者が会社を自己都合、解雇などで離職した場合、次の条件を満たし、公共職業安定所が認めれば基本手当てを受給することができます。\n- 日本国内での就労に制限のない方で日本において反復して就労することが可能な方。\n- 離職日以前２年間に、被保険者期間が通算して１２ヶ月以上ある。（解雇や倒産の場合は離職の日以前１年間に通算６ヶ月以上）\n- 離職したため、被保険者の資格をなくしたことが確認された。\n- 仕事をしたくても仕事に就けない。\n※詳しくは、居住地の公共職業安定所までお問い合わせください。""}, {""sid"": ""S5"", ""question"": ""医療保険制度"", ""answer"": ""日本の医療保険制度には、大きく分けて「健康保険」と「国民健康保険」があります。外国人も1年以上在留する場合はいずれかの保険に加入しなければなりません。医療保険に加入することにより、被保険者やその被扶養者が病気やけがをして診療を受ける場合に医療給付が受けられます。\n健康保険\n会社で常時雇用されている人は健康保険制度が適用されます。被保険者とその扶養者が加入し給付が受けられます。保険料は、加入者の所得によって決まりますが、本人が負担するのは半分で、残りの半分は雇用主が支払います。\n医療費自己負担　　3割\n- その他の給付：傷病給付、出産育児一時金、出産手当金など\n国民健康保険\n一年以上日本に居住し，健康保険に加入していない場合、居住地の市町村で国民健康保険に加入しなければなりません。\n 保険料は、加入世帯の所得、固定資産税額、世帯の人数などをもとに毎年決めています。\n医療費自己負担　　3割\n- その他の給付：出産一時金、　高額医療費、葬祭費（加入者が死亡したとき）\n- 病院で治療、診察を受ける時には健康保険証を必ず受け付けで渡して下さい。""}]"
学校の欠席について,滋賀県国際協会の情報に基づくと、学校の欠席に関する具体的な制度は明示されていません。ただし、欠席時の扱いは各学校の出席・欠席規定に従い、欠席理由に応じて学習の補習や課題の受け渡し、欠席連絡の手続きなどが案内されることが一般的です。学年の年度初めには学校等から欠席に関する案内がある場合があります。欠席が長期間に及ぶ場合は、教育委員会や学校と連携して就学の支援や学習の補完について相談することが推奨されます。,"[{""sid"": ""S1"", ""question"": ""[小学校デビューQ＆A]  学校でのケガなどが心配…補償などありますか？"", ""answer"": ""子どもが幼稚園・保育園から高校までの間、学校等の施設の管理下（保育・授業中、課外活動中、休憩時間中、通学中など）においてケガなどをした場合、「災害共済給付制度（日本スポーツ振興センター）」から医療費や見舞金が受け取れます。学年の年度初めに学校等から案内があります。保護者の掛金は年額で数百円程度です。""}]"
妻子に再会したい,妻子に再会したい場合、家庭裁判所の調停を活用することができます。具体的には、下記窓口へ連絡して調停の手続きを相談してください。- 大津家庭裁判所（電話 077-503-8151）- 大津家庭裁判所 彦根支部（電話 0749-22-0167）- 大津家庭裁判所 長浜支部（電話 0749-62-0240）- 京都外国人の夫婦と親子に関する紛争解決センター（電話 075-692-3555）調停を通じて、再会の機会や面会についての取り決めを話し合うことができます。,"[{""sid"": ""S1"", ""question"": ""離婚についての話し合いがうまくいきません。"", ""answer"": ""家庭裁判所の調停で話し合うことができます。（日本語）\n- 大津家庭裁判所 　℡　077-503-8151\n- 大津家庭裁判所 彦根支部 　℡　0749-22-0167\n- 大津家庭裁判所 長浜支部 　℡　0749-62-0240\n- 京都外国人の夫婦と親子に関する紛争解決センター 　℡　075-692-3555""}]"
ベトナム語通訳について,滋賀県国際協会の情報に基づくと、ベトナム語通訳に関する具体的な窓口や連絡先は提示されていません。S2の技能実習関連の案内にはベトナム語の連絡先が記載されていますが、通訳サービス自体の情報は含まれていません。必要な場合は「OTIT外国人技能実習機構」や人権侵害ダイヤル等の多言語対応窓口を利用することを検討してください。,"[{""sid"": ""S2"", ""question"": ""技能実習について"", ""answer"": ""OTIT外国人技能実習機構　母国語相談\nTel 0120-250-147（英語 English）\nTel 0120-250-169 （中国語 中文）\nTel 0120-250-197（タガログ語 Tagalog）\nTel 0120-250-197（タガログ語 Tagalog）\nTel 0120-250-168（ベトナム語 Tiếng Việt）\nTel 0120-250-192（インドネシア語 Indonesia）　 　等々""}, {""sid"": ""S3"", ""question"": ""人権侵害について"", ""answer"": ""外国人人権ダイヤル\nTel 0570-090911\n対応言語：英語，中国語，韓国語，フィリピノ語，ポルトガル語、ベトナム語\n(English, Chinese, Korean, Filipino, Portuguese, Vietnamese)""}]"
生活面についての通訳,生活面についての通訳として、滋賀県国際協会の案内に基づく要点を以下にまとめます。・生活に困ったときは市役所の福祉窓口または社会福祉協議会へ相談してください。社会的包摂サポートセンター よりそいホットライン Tel: 0120-279-338。・高校生のアルバイトに関する基本は、15歳を過ぎた時点で就労が認められ、所属校の校則で許可されていれば可能ですが、年齢・契約の確認・就労時間・業務内容に制限があります。雇用契約書の確認を推奨します。闇バイトや不適切な職場環境には注意してください。滋賀労働局の窓口や多言語相談、警察の相談窓口も利用可能です。・中学校・学校生活に関する情報として、滋賀県内には公立・私立を含む多様な中学校があり、学習科目・部活動・制服・通学方法などの基本事項が説明されています。就学援助制度についても案内されています。これらは全て滋賀県国際協会の関連ページで案内があります。,"[{""sid"": ""S2"", ""question"": ""生活に困ったら"", ""answer"": ""市役所の福祉の窓口または、社会福祉協議会に相談しましょう。\n社会的包摂サポートセンター　よりそいホットライン\nTel: 0120-279-338""}, {""sid"": ""S3"", ""question"": ""こんな悩み抱えていませんか？"", ""answer"": ""中学を卒業してからは勉強すること、働くこと、いろいろなことを自分で選択する機会が増えます。家や学校以外の居場所もでき、交友関係も広くなります。自由が多くなる分、自己責任も増えていきます。自分のことを守れるように、困ったときの相談先をいくつか紹介します。\n高校生はアルバイトできますか？\n15歳になって最初の3月31日が過ぎた人は就労が認められます。在籍する高校の校則でアルバイトが許可されていれば高校生も働くことができますが、18歳未満の未成年であり、社会での経験がまだ浅いため、以下のように法律で守られています。\n- 就職に当たって、保護者の同意書、年齢証明書、在留カードの提示が求められます。\n- 仕事の内容では、危険や有害な業務について就業の制限又は禁止されています。\n- 就労時間については、深夜業や時間外・休日労働の制限/変形労働時間制の勤務も禁止されています。\n※不当な労働契約や賃金の未払い、パワハラ、セクハラなど劣悪な環境で働かせるブラックバイトもあるので、雇用契約時には、雇用契約書を取り交わし、内容を確認するようにしてください。\n※犯罪行為によって報酬を受け取る\n闇バイト\nが、SNSなどを通して広まっています。決して「高収入」だから、と軽い気持ちで応募してはいけません。身分証や家族の情報などを提供してしまうことによって犯罪組織から抜け出せない手口になっています。自分の個人情報やプライバシーに関することはむやみに提供しないように気を付けましょう。\nいじめ、いやがらせ、セクハラ、解雇など仕事の相談\n- 滋賀労働局　雇用環境・均等室　Tel 077-523-1190\n- 労働条件相談ほっとライン（多言語相談）\n- 闇バイトの相談　警察相談ダイヤル#9110""}, {""sid"": ""S4"", ""question"": ""こんな悩み抱えていませんか？"", ""answer"": ""中学を卒業してからは勉強すること、働くこと、いろいろなことを自分で選択する機会が増えます。家や学校以外の居場所もでき、交友関係も広くなります。自由が多くなる分、自己責任も増えていきます。自分のことを守れるように、困ったときの相談先をいくつか紹介します。\n高校生はアルバイトできますか？\n15歳になって最初の3月31日が過ぎた人は就労が認められます。在籍する高校の校則でアルバイトが許可されていれば高校生も働くことができますが、18歳未満の未成年であり、社会での経験がまだ浅いため、以下のように法律で守られています。\n- 就職に当たって、保護者の同意書、年齢証明書、在留カードの提示が求められます。\n- 仕事の内容では、危険や有害な業務について就業の制限又は禁止されています。\n- 就労時間については、深夜業や時間外・休日労働の制限/変形労働時間制の勤務も禁止されています。\n※不当な労働契約や賃金の未払い、パワハラ、セクハラなど劣悪な環境で働かせるブラックバイトもあるので、雇用契約時には、雇用契約書を取り交わし、内容を確認するようにしてください。\n※犯罪行為によって報酬を受け取る\n闇バイト\nが、SNSなどを通して広まっています。決して「高収入」だから、と軽い気持ちで応募してはいけません。身分証や家族の情報などを提供してしまうことによって犯罪組織から抜け出せない手口になっています。自分の個人情報やプライバシーに関することはむやみに提供しないように気を付けましょう。\nいじめ、いやがらせ、セクハラ、解雇など仕事の相談\n- 滋賀労働局　雇用環境・均等室　Tel 077-523-1190\n- 労働条件相談ほっとライン（多言語相談）\n- 闇バイトの相談　警察相談ダイヤル#9110""}, {""sid"": ""S5"", ""question"": ""子育て応援シリーズ④ 日本の中学生活とは？"", ""answer"": ""中学校では、小学校の時とは授業内容や学校生活で様々な変化があります。安心して中学生活が送れるよう、中学校について少しご紹介しましょう！\n滋賀県には市町立中学校が93校あります。その他に国立中学校、県立中学校、私立中学校、義務教育学校（小中一貫校）、または特別支援学校あります。（2024年4月1日現在）\n市町立中学校はお住まいの学区によって行く学校が決まっています。\n国立・県立・私立中学への進学を希望する場合は受験があります。受験を希望する人は、小学校高学年くらいから学校の先生と相談して進路を決めていきましょう。\n学校生活について\nQ　中学校ではどのような教科を学びますか？\nA　中学校では主に９つの科目（国語、数学、社会、理科、英語、音楽、美術、保健体育、技術・家庭）を勉強し、教科によって先生が違います。年に4，5回定期試験（中間試験、期末試験）があります。また年に数回実力テストもあり、このテストの結果は進学先を考えるときに参考にします。成績は定期試験の結果、授業への参加状況や遅刻、欠席の状況、提出物（ノートや宿題）で評価され、高校進学にも関わる重要なものです。中学校は義務教育なので落第はありません。\nQ　部活動とは何ですか？\nA　生徒の自主的な活動として部活動があり、基本的に加入は自由です。運動部（野球、サッカー、バスケットボール、陸上、テニスなど）と文化部（美術、吹奏楽、手芸、演劇など）があり、部活動の種類は学校によって異なります。主に放課後や休日に活動します。異なる学年の生徒との交流もあり、大会やコンクールに参加することもあります。\nQ　その他学校生活について教えてください。\nA　多くの中学校では学校ごとに制服があります。制服には夏服と冬服があり、夏服は6月から１０月、冬服は10月から6月まで着ます。体操服も学校で決められたものを着ます。\n通学は学校によって自転車や電車通学が認められているところもあります。自転車通学では、鍵の取り付けやヘルメットの着用、自転車保険への加入が必要です。交通ルールを守って登下校しましょう。\n「中学生チャレンジウィーク」があります。働く大人の姿にふれ、自分の生き方を考える機会として中学２年の時期に５日間の職場体験を経験します。（滋賀県内のすべての公立中学校で実施しています）\nQ　子どもの学校での様子が気になります…。\nA　個人面談の時などで子どもの学校生活や学習についての相談ができます。中学３年生になると、三者面談があり、卒業後の進路や高校受験について生徒・保護者・先生で話し合います。また心配なことがあればその都度先生に相談しましょう。\nQ　中学校でかかる費用にはどのようなものがありますか？\nA　授業料、教科書代は無料ですが、入学準備の費用（制服、体操着、水着、体育館シューズ、カバン、部活動の道具など）や、通年の費用（給食費、副教材・学用品費、PTA会費、遠足・修学旅行費、部活動費、通学関連費など）が必要です。\n※就学援助制度：公立の中学校に就学している生徒の保護者に学用品、通学用品、PTA会費等就学に必要な費用の一部を援助する制度です。生活保護対象の保護者、およびそれに準ずる保護者が対象です。在籍している学校、または市町教育委員会にお問い合わせください。""}]"
家族呼び寄せについて,滋賀県の情報源に基づくと、家族呼び寄せに直接の案内はこの文脈には示されていません。死亡届・転居・子育てなどの関連手続きは示されていますが、外国籍の家族を日本へ呼び寄せる具体的な手続き（在留資格の取得手続き等）は、滋賀県の公式情報ページには含まれていません。必要であれば、在留資格の申請や家族呼び寄せに関する一般的な案内は出入国管理局や在日外国公資機関の窓口でご確認ください。,"[{""sid"": ""S3"", ""question"": ""子育て応援シリーズ① 子どもが生まれたら"", ""answer"": ""子どもが生まれたらお住まいの役所で様々な手続きがあります。外国籍の子どもには、領事館（大使館）や出入国管理局での手続きも必要になります。\n役所でする手続き\n1. 出生届\n2. 児童手当\n3. 子どもの健康保険\n4. 福祉医療費助成（乳幼児）\n大使館・出入国管理局での手続き\n- 生まれてから30日以内に出入国管理局で子どもの在留許可申請をします。\n- 各国領事館 （大使館）で子どもの国籍を取得し、パスポートの申請をします。\n子どもとお母さんの健康のために\n出産後、子どもとお母さんの健康を定期的に確認します。子どもの各種健診や教室、訪問のほとんどが無料なので積極的に利用しましょう。心配なことがあれば相談しましょう。\n- 産後健診\n- 新生児訪問\n- 予防接種\n- 乳幼児健診\n- 離乳食教室\n子どもの成長、発達が気になる．．．\nまずは乳幼児健診の時やかかりつけ医に相談しましょう。\n市町の保健センター\n市町の発達支援室・センター (https://www.pref.shiga.lg.jp/file/attachment/5397382.pdf)\n発達障害に関する外国人保護者向けパンフレット\n発達障害情報・支援センター (http://www.rehab.go.jp/ddis/world/brochure/)\n育児の不安を相談したい．．．\n市町の家庭児童相談室　市町の役場で相談しましょう。\nこころんだいやる電話相談\nTEL： 077-524-2030\n（子ども・子育て応援センター　電話、または面接での相談ができます）\n児童相談所相談専用ダイヤル\nTEL：0120-189-783\n虐待かな．．．\n児童相談所虐待対応ダイヤル\nTEL：189\n子どもを一時的に預かってほしい．．．（事前登録要）\nファミリー・サポート・センター\nファミリー・サポート・センター (https://www.hugnavi.net/child/family.php)\n「子どもを預けたい人」と「子どもを預かりたい人」を結び付け、保育所までの送迎や、保護者の病気などの際に子どもを預かったりします。\n一時預かり事業\n保護者の病気や用事の時に子どもを保育所などで一時的に預かります。\n病児・病後児保育\n病児・病後児保育 (https://hugnavi.net/child/byouji.php)\n子どもが病気の際、保護者が家庭での保育が難しい場合に、医療機関や保育所等で子どもを一時的に保育します。\n働いているので子どもを保育所で預かってもらいたい．．．\n保育所、認定こども園、認可外子ども施設などで、０歳から子どもを預かってもらえます。施設の利用にはお住まいの市町から利用のための認定を受ける必要があります。市町の役場で相談しましょう。\n一人で子どもを育てています．．．\n経済支援、就労支援のほかに、家事や子育てのサポートが受けられます。\n市町の役場で相談しましょう。\n子どもとお出かけしたい．．．\n地域子育て支援拠点\n地域子育て支援拠点 (https://hugnavi.net/child/base.php)\n子育て中の親子が集い、相互交流や子育ての不安・悩みを相談できる場です。\n児童館\n児童館 (https://hugnavi.net/child/house.php)\n健全な遊びを通して、子どもの発達を援助していく施設です。\n♡滋賀県立びわ湖こどもの国\n滋賀県立びわ湖こどもの国 (http://www.biwa.ne.jp/~kodomo92/sp/index.html)\nたくさんの遊具がある大型の児童館です。　高島市安曇川町北船木\n悩みがあれば、相談しましょう！\n★言葉が心配なときは、「しが外国人相談センター」にお電話ください。\nTEL：077-523-5646\nSHIGA SMILE BABY PROJECT　～ありがとうの贈り物～\nSHIGA SMILE BABY PROJECT　～ありがとうの贈り物～ (https://www.pref.shiga.lg.jp/ippan/kosodatekyouiku/kosodate/319567.html)\n滋賀で生まれた子どもやその家族へ「おめでとう、ありがとう」の思いをこめて、社会全体で出産・子育てを応援しているというメッセージとともに「ありがとうの贈り物」をお届けします。\n対象：１歳未満の赤ちゃん　※事前申し込みが必要です。""}]"
年金料の請求について,年金料の請求に関しては、ねんきん定期便が届く場合は記載の手続きに従い、届出住所が現住所と異なる場合は住所変更を届け出ることが重要です。年金記録の確認や、納付済期間・合算対象期間の有無はねんきんネット等で確認できます。年金を受け取るための要件は10年以上の期間が必要で、4項目を合計して判定します。詳しい手続きや請求先はお住まいの市町村の国民年金担当係へお問い合わせください。,"[{""sid"": ""S1"", ""question"": ""自分の年金情報をチェック！"", ""answer"": ""毎年1回、誕生月に国民年金および厚生年金保険の加入者（被保険者）には、年金加入記録の確認のため、「ねんきん定期便」が届きます。届出住所が現住所と異なっている場合、「ねんきん定期便」が届きませんので、住所が変った場合は住所変更を届け出ましょう。\n年金記録の確認は\nねんきんネット (https://www.nenkin.go.jp/n_net/index.html)\n年金定期便・年金専用ダイヤル　℡　0570-058-555\n★\t保険料納付期間が１０年に満たない方も年金事務所で確認しましょう！ 年金記録に漏れがないか。（基礎年金番号が他にないか。別の氏名で登録されたものがないか。 合算対象期間がないか。（特に永住者、日本国籍の方は海外の滞在期間が合算されます。）\n★\t資格期間を満たすために次のような方法があります。 ６０歳から６５歳まで国民年金に任意加入する。（1965年4月1日以前生まれの方は最長７０歳まで任意加入できます） 国民年金後納制度を使い未納期間を解消する。（2018年9月30日まで５年後納制度が適用されます）""}]"
弁護士相談,滋賀県国際協会の情報のみを根拠に回答します。滋賀県内で弁護士相談や法的支援を受けたい場合、法テラス（日本語は0570-078374、外国語は0570-078377、ダイヤル多言語は03-5366-6008）を活用すると良いです。滋賀弁護士会の連絡先は掲載情報に基づきます。なお、弁護士相談の具体的な予約や対応言語については、法テラス滋賀または滋賀弁護士会に直接ご確認ください。法律相談の窓口として、滋賀県内の法的支援の入口として法テラスが案内されています。,"[{""sid"": ""S1"", ""question"": ""法律についての相談は"", ""answer"": ""法テラス\n℡　0570-078374（日本語）\n℡　0570-078377（英語、中国語、韓国語、スペイン語、ポルトガル語、ベトナム語、タガログ語)\n℡　03-5366-6008（多言語ダイヤル）\n法テラス滋賀\n大津市浜大津1-2-22　大津商中日生ビル５Ｆ\n℡　050-3383-5454\n滋賀弁護士会\n大津市梅林１-３-３""}]"
フィリピンの方の聞き取りをお願いしたい,フィリピンの方の聞き取りに関する直接の窓口情報は、滋賀県国際協会の提供情報には含まれていません。人権問題や外国人支援全般の問い合わせは、外国人人権ダイヤル（Tel 0570-090911）へご連絡ください。技能実習関連の相談はOTIT母国語相談窓口（各言語別電話番号）をご利用ください。ペット出入国の情報は動物検疫所をご案内しています。必要に応じて、滋賀県外国人相談センター等の日本語以外の窓口も併せてご紹介します。,"[{""sid"": ""S1"", ""question"": ""人権侵害について"", ""answer"": ""外国人人権ダイヤル\nTel 0570-090911\n対応言語：英語，中国語，韓国語，フィリピノ語，ポルトガル語、ベトナム語\n(English, Chinese, Korean, Filipino, Portuguese, Vietnamese)""}, {""sid"": ""S2"", ""question"": ""技能実習について"", ""answer"": ""OTIT外国人技能実習機構　母国語相談\nTel 0120-250-147（英語 English）\nTel 0120-250-169 （中国語 中文）\nTel 0120-250-197（タガログ語 Tagalog）\nTel 0120-250-197（タガログ語 Tagalog）\nTel 0120-250-168（ベトナム語 Tiếng Việt）\nTel 0120-250-192（インドネシア語 Indonesia）　 　等々""}, {""sid"": ""S3"", ""question"": ""エイズの無料相談・検査のお知らせ"", ""answer"": ""- 匿名で検査を受けられます。\n- 梅毒の検査も一緒にできます。\n- 曜日・時間：HPで確認してください\n- 場所：県内保健所（大津市・草津・甲賀・東近江・彦根・長浜・高島）\n- 検査は電話予約が必要です。\n- 当日に検査結果をお渡しできない場合があります。（２～３週間後）\n問合せ先\n県内保健所（日本語のみ対応可能）\nしが外国人相談センター（日本語以外）\nTel 077-523-5646""}, {""sid"": ""S5"", ""question"": ""ペットを出国、入国させる場合は？"", ""answer"": ""ペットを海外へ連れて行ったり、持ち帰ったりするときは、日本と相手国に入るための条件をクリアする必要があります。手続きに時間がかかるので、できるだけ早く動物検疫所に連絡してください。\n動物検疫所 (http://www.maff.go.jp/aqs/animal/index.html)""}]"
傷病手当申請について,傷病手当金は、協会けんぽ滋賀支部の制度です。支給額は直近12か月の給与の2/3で、業務外の病気やケガの療養のための休業で、医師の証明を得て、連続する三日を含み四日以上休業し、休業期間中に給与が支払われていない場合に支給されます。詳しい条件や申請方法は協会けんぽ滋賀支部へご確認ください。電話番号は077-522-1099です。,"[{""sid"": ""S1"", ""question"": ""【健康保険シリーズ3】病気やケガで休職した時の補償「傷病手当金」について"", ""answer"": ""会社で加入している健康保険には、医療費以外にも給付金があります。\nその一つが「傷病手当金」です。\n病気やケガで長期間仕事を休むと、給料が支払われなくなり生活費に困ることがあります。\nしかし傷病手当金を申請すれば、生活補償として給付金が健康保険より支給されます。\n傷病手当金は、病気休業中に被保険者とその家族の生活を保障するために設けられた制度で、被保険者が病気やケガのために会社を休み、会社から十分な報酬が受けられない場合に支給されます。\n【支給金額】直近１２か月の給与を平均した額の2/3\nただし、勤務先が社会保険に届けを出している給与総額です。手取りの金額とは一致しません。\n【支給の条件】\n1. 業務外の事由による病気やケガの療養のための休業であること\n2. 仕事に就くことができないこと（医師の証明が必要です）\n3. 連続する三日間を含み四日以上仕事につけなかったこと\n4. 休業した期間について給与の支払いがないこと（事業主の証明が必要です）\nその他、傷病手当金の詳細については協会けんぽのHPをご覧いただくか、お電話にてお問合せください。\n協会けんぽ滋賀支部\n℡　077-522-1099 (日本語)""}]"
傷病手当金申請について,傷病手当金の申請については、協会けんぽ滋賀支部の案内に従ってください。支給額は直近12か月の給与の平均の2/3で、業務外の病気やケガの療養のための休業、医師の証明、連続して四日以上仕事につけず、休業期間中に給与支払いがないことが要件です。申請方法や詳細は協会けんぽのHPまたは電話でご確認ください。滋賀支部代表電話: 077-522-1099（日本語）,"[{""sid"": ""S1"", ""question"": ""【健康保険シリーズ3】病気やケガで休職した時の補償「傷病手当金」について"", ""answer"": ""会社で加入している健康保険には、医療費以外にも給付金があります。\nその一つが「傷病手当金」です。\n病気やケガで長期間仕事を休むと、給料が支払われなくなり生活費に困ることがあります。\nしかし傷病手当金を申請すれば、生活補償として給付金が健康保険より支給されます。\n傷病手当金は、病気休業中に被保険者とその家族の生活を保障するために設けられた制度で、被保険者が病気やケガのために会社を休み、会社から十分な報酬が受けられない場合に支給されます。\n【支給金額】直近１２か月の給与を平均した額の2/3\nただし、勤務先が社会保険に届けを出している給与総額です。手取りの金額とは一致しません。\n【支給の条件】\n1. 業務外の事由による病気やケガの療養のための休業であること\n2. 仕事に就くことができないこと（医師の証明が必要です）\n3. 連続する三日間を含み四日以上仕事につけなかったこと\n4. 休業した期間について給与の支払いがないこと（事業主の証明が必要です）\nその他、傷病手当金の詳細については協会けんぽのHPをご覧いただくか、お電話にてお問合せください。\n協会けんぽ滋賀支部\n℡　077-522-1099 (日本語)""}]"
貸したお金に関するトラブル,滋賀県国際協会の情報に基づくと、貸したお金のトラブルについては具体的な案内はS1～S5の中には含まれていません。ただし、賃貸に関する一般的な費用（敷金、礼金、仲介手数料）はS1に記載があります。貸したお金の回収方法や法的対応については、専門の法律相談や警察・消費者センターなどの窓口を利用してください。,"[{""sid"": ""S1"", ""question"": ""賃貸住居"", ""answer"": ""家やアパートを借りたい場合は、不動産業者に相談してください。\n\n契約に必要とされるのは\n敷金\n家賃支払いの担保として家主に預けておくお金です。退去する際に返金されるものです。未払い賃料および借りていた家の中に損害がある場合は、その修理費をさし引かれますが、残高が戻ります。\n礼金\n家主に支払う一時金で返金されないもの。\n報酬\n不動産業者に仲介を依頼した時は、通常1ヶ月分が必要です。""}]"
在留資格の更新,滋賀県在住の方の在留資格更新については、在留期間が満了する前に更新手続きが必要です。在留資格の内容は活動範囲が厳格に規定され、更新の可否は現在の在留資格の要件と活動内容の適合性によります。手続き方法や必要書類の詳細は在留関係手続きページおよび大阪入国管理局大津出張所の案内をご確認ください。なお、滋賀県在住の方の窓口は大阪入国管理局大津出張所となります。外国人在留インフォメーションセンターでの相談も利用できます。,"[{""sid"": ""S1"", ""question"": ""在留について"", ""answer"": ""日本に住む外国人には、それぞれの滞在目的に従って在留資格と在留期間が与えられます。おのおのの「在留資格」には活動できる内容が厳格に規定されています。\n関連ページ\n出入国在留管理庁 (http://www.moj.go.jp/isa/index.html)\n在留関係の手続きについては\n在留関係手続き (https://www.moj.go.jp/isa/applications/index.html)\n入国後の在留関係の手続き\n滋賀県在住の方は、\n大阪入国管理局大津出張所\nで行います。\n大阪入国管理局大津出張所 (http://www.moj.go.jp/isa/about/region/osaka/index.html)\n大津市京町3-1-1 大津びわ湖合同庁舎6階　　℡：077-511-4231\n一般的な内容についての相談\n外国人在留インフォメーションセンター・ワンストップ型相談センター（入国管理局）に外国語で問い合わせることもできます。\n外国人在留インフォメーションセンター (http://www.moj.go.jp/isa/consultation/center/japanese.html)\n℡ 0570-013904（ＩＰ, ＰＨＳ, 海外: 03-5796-7112）\n新しい在留資格への移行により、平成24年7月9日より前の住所は住民票には記載されません。 ※これまで市区町村で保管されていた「外国人登録原票」は、平成24年7月9日から法務省で保管されています。\n外国人登録原票に係る開示請求について（法務省HPへリンク） (http://www.moj.go.jp/isa/applications/disclosure/foreigner.html)""}]"
入管に提出する書類,大臣・出入国管理庁への提出書類については、この記事の情報には言及がありません。滋賀県国際協会の情報源S1～S5には、年末調整関連の申告書の外国語版案内、確定申告時の注意、婚姻届の手続き、郵便局案内、健診案内などが含まれていますが、入管への提出書類に関する具体的な要件は記載されていません。よって、入管へ提出する書類の詳解は、この情報のみからは判断できません。必要であれば、正式には出入国在留管理庁または滋賀県の窓口で最新の指示をご確認ください。,"[{""sid"": ""S1"", ""question"": ""年末調整の各種申告書（扶養控除等申告書など）について"", ""answer"": ""国税庁のウェブサイト内で、《外国語版》各種申告書（扶養控除等申告書など）が公開されています。\n【６言語版】\n英語、中国語、ポルトガル語、スペイン語、ベトナム語、フィリピノ語\nご活用ください。""}, {""sid"": ""S2"", ""question"": ""確定申告　2025年2月17日（月）～3月17日（月）"", ""answer"": ""多額の医療費を支払った、住宅ローンがあるなど控除額に訂正がある場合や事業所得者、複数の場所で所得がある方は税務署で確定申告をしましょう。""}, {""sid"": ""S3"", ""question"": ""婚姻届"", ""answer"": ""- 外国人が日本国内で結婚する場合は両人の本国の法律と日本の法律にしたがって婚姻の手続きをしなければなりせん。\n- 本国の在日領事館または、大使館に婚姻の手続きについて問い合わせてください。\n- 婚姻に関しては、本国で定められている婚姻法に従って、必要書類をそろえ手続きをしてください。（書類の日本語訳文も必要です）\n- 婚姻届を届出人の所在地の市町村役場の戸籍係に提出してください。""}, {""sid"": ""S4"", ""question"": ""郵便局について"", ""answer"": ""以下の関連ページに各言語で案内があります。""}, {""sid"": ""S5"", ""question"": ""【健康保険シリーズ ８】年に１回は健診を受けましょう！"", ""answer"": ""健康診断を受けていますか？健診はからだの異常を早期に発見できる絶好の機会です。まったく自覚症状のない検査数値の異常も、放置しておくと命にかかわる病気に進行してしまう可能性があります。そのため、毎年の健診結果を確認、比較し、からだの変化を読み取ることが大切です。年に１回は必ず健診を受けましょう。\n日本では、４０歳から７４歳までの健康保険の加入者を対象とした「特定健診」を実施しています。加入する健康保険から年に１回健診費用の補助が受けられます。\n★お勤めの方\n年に１回、健康診断を従業員に受けさせることが事業主に義務付けられています。\n会社で健康診断の案内があったら必ず受診しましょう。法で定められた検査項目については、事業主が費用を負担します。\n★★\t協会けんぽの健康保険に加入の扶養家族の方\n４０歳以上のご家族の方には、毎年４月に特定健診の案内が自宅に届きます。\n中には、受診券やパンフレットなどが入っています。事前に受けたい病院や会場を予約して、特定健診を受けましょう。受診券があれば、費用の総額から７,１５０円引きになります。 自己負担なしの無料で受けられる会場もありますので、案内が届いたら、必ず受診しましょう。\n★★国民健康保険に加入中の方\n国民健康保険でも特定健診の受診を推進しており、自宅に案内を配付していますので、案内が届いたら必ず受診しましょう。案内の時期や内容については、住んでいる市町村役場に聞いてみましょう。\n協会けんぽに加入の皆様へ ～ お知らせ ～\n从2２０２３年１月から、協会けんぽの申請書・届出書の様式が変更になりました。\n新しい様式は、協会けんぽのホームページからダウンロードできます。\n古い様式の申請書・届出書をお持ちの方は、使用せず廃棄してください。""}]"
弁護士相談の依頼,滋賀県国際協会の情報を根拠に事実ベースで簡潔に回答します。弁護士相談の依頼について、滋賀県内の法的支援に関する窓口として、法テラス（日本司法支援センター）や滋賀弁護士会の当番弁護士制度が案内されています。具体的には、法テラスの多言語ダイヤル0570-078-377と多言語情報、法テラス滋賀の連絡先050-3383-5454、滋賀弁護士会の連絡先077-522-2013を利用できます。被疑者権利や当番弁護士制度、国選弁護人の制度も案内されています。離婚や家庭裁判所の調停などの情報も提供されていますが、弁護士相談の直接の依頼先としては法テラスと滋賀弁護士会が主要です。なお、個別の事件の具体的な対応や費用については、上記窓口へ問い合わせてください。,"[{""sid"": ""S1"", ""question"": ""法律についての相談は"", ""answer"": ""法テラス\n℡　0570-078374（日本語）\n℡　0570-078377（英語、中国語、韓国語、スペイン語、ポルトガル語、ベトナム語、タガログ語)\n℡　03-5366-6008（多言語ダイヤル）\n法テラス滋賀\n大津市浜大津1-2-22　大津商中日生ビル５Ｆ\n℡　050-3383-5454\n滋賀弁護士会\n大津市梅林１-３-３""}, {""sid"": ""S2"", ""question"": ""刑事事件を起こしてしまったら （事件・事故）"", ""answer"": ""被疑者の権利\n被疑者の権利として３つの権利が保障されています。\n1. 事実を知る権利\n2. 黙秘権\n3. 弁護人依頼権\n当番弁護士制度\n警察に逮捕、拘留された被疑者や家族の求めに応じて弁護士会が速やかに弁護士を被疑者のところに派遣する「当番弁護士」の制度があります。要請する場合ははっきりと申し出てください。\n滋賀弁護士会　当番弁護士専用電話　　TEL　077-522-2013\n民事法律扶助制度\n経済的に困っている人には、日本司法支援センター　(法テラス)　がありますので、当番弁護士が接見に来た際に相談してください 。\n法テラス [多言語ダイヤル]　TEL 0570-078-377\n法テラス [多言語] (http://www.houterasu.or.jp/multilingual/)\n国選弁護人\n起訴後、被告人は裁判のための弁護人を依頼することができます。経済的に無理な場合は、依頼すれば政府の国選弁護人をつけてくれます。""}]"
消費生活センターについて,滋賀県の消費生活センターの情報は、滋賀県内の消費生活センターを利用してください。相談窓口は彦根市の滋賀県消費生活センター（彦根）などが案内されています。詳細は滋賀県の公式案内や琵琶湖周辺の窓口情報をご確認ください。,"[{""sid"": ""S4"", ""question"": ""住む家を探すには？"", ""answer"": ""住まい探しに役立つ情報です。住宅には、「公営住宅」、「賃貸住宅」、「持ち家」などがあります。\n公営住宅\n所得の低い人など一定の条件を満たす人を対象に、公的な住宅があります。定期的に募集をおこない、抽選によって入居が決定します。滋賀県には県営住宅と、市町によって市営や町営住宅があるところもあります。在留資格や所得の要件があるので、確認してください。\n県営住宅\n滋賀県には、県営住宅が県内各地域にあり、年4回（４月、７月、１０月、１月）募集があります。\n市営町営住宅\nお住まいの市町役場に問い合わせてください。\n賃貸住宅\n一般に、日本では不動産屋で物件を探し、書面で契約を結びます。契約時、物件により、礼金や敷金が必要になります。（礼金は家主へのお礼として支払うお金で戻ってきません。敷金とは退去時に原状回復のために使われ、一部戻ってくる場合もあります。）また、連帯保証人が必要な場合と、家賃保証会社を利用する場合があります。その他、不動産屋への仲介手数料の支払いがあります。契約に火災保険の加入が含まれる場合が一般的です。その他、管理費や２年ごとに更新料を支払う必要がある場合が多いです。\nお役立ちサイト\n- [ 不動産情報検索サイト ] （公社）滋賀県宅地建物取引業協会 (https://www.hatomarksite.com/search/shiga/)\n- [ 外国語が話せる不動産店一覧 ] （公財）日本賃貸住宅管理協会 (https://www.jpm.jp/multilingual/index.html)\n- [ 外国人の民間賃貸住宅への円滑な入居について ]　国土交通省 (https://www.mlit.go.jp/jutakukentiku/house/jutakukentiku_house_tk3_000017.html)\n滋賀県の居住支援・住宅セーフティネット制度\n滋賀県での高齢者世帯、障害者世帯、外国人世帯、子育て世帯の入居を受け入れる民間賃貸住宅等の情報です。\n- 滋賀県のセーフティネット住宅 (https://safetynet-jutaku.mlit.go.jp/guest/apart_list.php?pref=25)\n- 滋賀あんしん賃貸住宅 (https://www.pref.shiga.lg.jp/ippan/kendoseibi/zyuutaku/300196.html)\n火災保険\n住宅は賃貸や持ち家にかかわらず、火災保険に加入する必要があります。\n賃貸アパートやマンションなどの場合、入居時や更新時に「大家」と「入居者」がそれぞれ火災保険に加入するケースが一般的です。建物は大家の資産なので、建物に対する火災保険は大家が加入して保険料を支払い、室内の家具や家電などの家財道具に対する保険は、入居者が加入し保険料を支払います。持ち家であれば建物と家財の両方を補償する火災保険に入ります。\n持ち家\n日本では、不動産を購入する際に国籍や在留資格に基づく制限はありません。ただし住宅ローンの借り入れは、永住者や特別永住者の在留資格をお持ちの方に限られています。年齢や所得、勤続年数などの基準を満たし、審査に通ると住宅ローンを組むことができます。また、要件などを満たせば、確定申告で住宅ローン控除を受けることができます。住宅を購入した後、経済状況に変化があった場合は、住宅ローンの借り換えや返済について、銀行に条件変更の相談をしましょう。\nまた、１月１日に住宅を所有している人は、その資産をもとに算定した固定資産税をお住まいの市町役場に支払います。\n空き家バンク\n空き家の賃貸・売却を希望する人が登録した情報を、空き家の利活用を希望する人に紹介する制度です。希望する市町役場の住宅課に空き家バンクがあるかたずねてください。\n- 空き家バンク (https://www.akiya-athome.jp/buy/25/)\n困ったときの相談窓口　（相談無料）\n入居中・契約の解除・明渡し時のトラブルなどの相談窓口：・滋賀県消費生活センター（彦根）/ TEL 0749-23-0999\n住宅取得や不具合、事業者とのトラブルなど様々な住宅についての相談窓口：・住まいるダイヤル/ TEL 03-3556-5147\n引っ越し先が決まったら、何をしたらいいのでしょう？\n届け出\nお住まいの市町役場に転出届を出します。引っ越し後14日以内に、新住所の役場に転居、転入届を出し、在留カードとマイナンバーカードの住所変更も行います。また、子どもさんがおられる方は、新しい保育園、幼稚園、学校への転入手続きも行います。職場、銀行への連絡や、運転免許証の住所変更も必要です。郵便局へ郵便物の転送届を出しておくと、引っ越し前の住所地に届いた郵便物を新住所に転送してもらえます。\n近所との付き合い\n日本では、引っ越した人が近所の人に挨拶をする習慣があります。近所の人と知り合って、ゴミの収集日や収集場所、災害時の避難場所など地域のルールを教えてもらいましょう。\n自治会\n地域ごとに住民が運営する自治会があります。自治会では、住民同士が地域での暮らしを良くするため、防犯、防災、美化活動を行ったり、地域の子どもたちがスポーツや祭りなどを楽しむ「子ども会」があるなど様々な活動をしています。それらの事業の運営のため、会員は自治会費を支払い、役割分担(ぶんたん)もあります。また、細かな地域の情報が掲載された「回覧板」が回ってきます。自治会は任意加入ですが、ゴミ収集場所の管理を自治会がしている場合など、加入が必要になることもあります。災害時などには近所同士の助け合いが必要になるので、近所とのお付き合いは大切にしましょう。\n※地域によって自治会の有無や活動内容、自治会費は異なりますので、必ず確認してください。""}]"
会社をやめるにあたって,退職時は就業規則と事前の手続き確認が大切です。民法627条により、期間の定めない契約は退職の申し出から原則2週間で終了します。退職時期は会社とよく話し合い、引継ぎなどで迷惑がかからないよう配慮してください。解雇の場合は、少なくとも30日前に予告する必要があり、予告なしの場合は不足日数分の平均賃金を支払います。,"[{""sid"": ""S1"", ""question"": ""退職するときは"", ""answer"": ""自己都合による退職\n退職については、通常就業規則に定めがありますので、あらかじめその内容や手続きについて確認しておきましょう。 　なお、民法（第627条）によれば、期間に定めのない労働契約の場合は，原則として退職の申し入れから２週間後に契約は終了するものとされています。\nただし、急に「辞めたい」と申し入れることは、会社にとっては事務引継ぎなどで困ることもありますので、退職の時期等については会社と充分話し合うことが望ましいでしょう。\n事業主からの解雇\n解雇に当たっては、雇用者は労働者に少なくとも30日前にその予告をする必要があり、30日前に予告しない場合には30日に不足する日数分の平均賃金（解雇予告手当）を支払う必要があります。（労働基準法20条、21条）。""}]"
紹介状,紹介状に関する具体的な案内は、提供された情報には含まれていません。滋賀県国際協会の公開情報に基づくと、求職関連ではハローワークなどの職業紹介や就労相談が案内されていますが、紹介状の手配や発行についての記載はありません。必要な場合は関連機関へ直接お問い合わせください。,"[{""sid"": ""S2"", ""question"": ""求職"", ""answer"": ""日本国内で就労できる外国人の方は日本人と同じように職業紹介を受ける事ができます。\n公共職業安定所　(ハローワーク)\n職業紹介、就労に関する相談などに応じる国の機関が公共職業安定所です。\n仕事が見つかり労働契約を結ぶ時の重要な決まりや雇用保険についてなど、いろいろな相談も合わせて行われています。""}]"
患者の生活支援,患者の生活支援に関しては、まず市役所の福祉の窓口または社会福祉協議会へ相談してください。滋賀県内の具体的な支援として、住居確保給付金や各種福祉サービス・手当が案内されています。必要に応じて、社会的包摂サポートセンターよりそいホットライン（電話0120-279-338）へ連絡すると、適切な窓口紹介や支援案内を受けられます。新型コロナ関連での生活支援情報も含め、滋賀県では県営住宅の一時入居などの支援が案内されています。詳しい内容や申請方法は、各制度の案内ページや市町の窓口へご確認ください。,"[{""sid"": ""S1"", ""question"": ""【健康保険シリーズ４】生活習慣病にならないために"", ""answer"": ""食生活が乱れると、糖尿病や高血圧、心筋梗塞など「生活習慣病」といわれる病気に繋がることがあります。「生活習慣病」になると治療が長期にわたり、医療費がとても高額になることが多く、仕事にも支障がでてきます。\nそうならないためには、１年に１度は健診機関で身体の状況をチェックする「健康診断」を受けることが大事です。身体の異常を早期発見することができれば、将来の医療費負担を抑えることができます。\n日本に来て、今まで食べ慣れた食事を食べることが難しくなり、食生活が変わったという方もいらっしゃるのではないでしょうか。\n食生活の変化で主食などが変わると、体内に取り入れていた栄養バランスも今までと違ってきます。なかなか自分では気づきにくい身体の変化を、健康診断でチェックしてみてはいかがでしょうか。\n【健康診断にも費用の補助がある】\n協会けんぽでは、医療費以外にも健康診断の費用の補助をしています。\n協会けんぽの健康診断は病気の発見や早期治療はもちろん、生活習慣病を予防することを目的に行っています。\n協会けんぽ加入の会社にお勤めしている35～74歳の方であれば詳細な健診が約7,000円で受けることができます。またその加入者家族の方（40～74歳）であれば、血液検査などの簡単な健診を0円～約1500円（受診方法により費用が異なります）で受けることができます。\n健診をご希望の方は、健診機関か協会けんぽ滋賀支部（日本語対応のみ）までお電話にてお問合わせください。\nその他健診に関しての詳細は協会けんぽHPをご確認ください。\n★また会社にお勤めでない方も、お住いの市町で健康診断の補助が受けられる場合があります。""}, {""sid"": ""S4"", ""question"": ""新型コロナウイルス感染症の影響を受けた方への生活支援について"", ""answer"": ""住居確保給付金（家主さんに直接支払われる家賃）\n対象\n離職・廃業から２年以内または休業等により収入が減少し、離職等と同程度の状況にある方\n支給期間\n原則３カ月（最長９カ月まで）\n支給額\n家賃相当額を自治体から家主さんに支給\n申請方法\n市にお住まいの方は各市。町にお住まいの方は各町の社会福祉協議会\nご案内\n住居確保給付金のご案内はこちらから (https://www.mhlw.go.jp/content/000626236.pdf)\n★滋賀県では県営住宅での一時的な受入れを行っています。\n対象\n新型コロナウイルスの感染症に起因する解雇等により住宅の退去を余儀なくされた方\n入居期間\n最長一年間\n申込方法\n県庁土木交通部住宅課へお電話　（℡　０７７－５２８－４２３４）\nその他、生活にお困りの方は、お住まいの市町の福祉課や社会福祉事務所で相談しましょう！""}, {""sid"": ""S5"", ""question"": ""生活に困ったら"", ""answer"": ""市役所の福祉の窓口または、社会福祉協議会に相談しましょう。\n社会的包摂サポートセンター　よりそいホットライン\nTel: 0120-279-338""}]"
傷病手当の申請書,傷病手当金の申請書についての具体的な記載は、協会けんぽ滋賀支部のお問い合わせ先を参照してください。申請には、業務外の事由で療養していること、医師の証明、連続する三日間を含み四日以上仕事につけなかったこと、休業期間中の給与支払いなしなどの要件を満たす必要があります。申請書の様式は協会けんぽのホームページからダウンロード可能で、2023年1月以降の新様式を使用します。詳しくは滋賀支部℡077-522-1099へご連絡ください。,"[{""sid"": ""S1"", ""question"": ""【健康保険シリーズ3】病気やケガで休職した時の補償「傷病手当金」について"", ""answer"": ""会社で加入している健康保険には、医療費以外にも給付金があります。\nその一つが「傷病手当金」です。\n病気やケガで長期間仕事を休むと、給料が支払われなくなり生活費に困ることがあります。\nしかし傷病手当金を申請すれば、生活補償として給付金が健康保険より支給されます。\n傷病手当金は、病気休業中に被保険者とその家族の生活を保障するために設けられた制度で、被保険者が病気やケガのために会社を休み、会社から十分な報酬が受けられない場合に支給されます。\n【支給金額】直近１２か月の給与を平均した額の2/3\nただし、勤務先が社会保険に届けを出している給与総額です。手取りの金額とは一致しません。\n【支給の条件】\n1. 業務外の事由による病気やケガの療養のための休業であること\n2. 仕事に就くことができないこと（医師の証明が必要です）\n3. 連続する三日間を含み四日以上仕事につけなかったこと\n4. 休業した期間について給与の支払いがないこと（事業主の証明が必要です）\nその他、傷病手当金の詳細については協会けんぽのHPをご覧いただくか、お電話にてお問合せください。\n協会けんぽ滋賀支部\n℡　077-522-1099 (日本語)""}]"
高校の成績証明書,滋賀県教育委員会を根拠とした情報には、高校の成績証明書に関する具体的な記載は見当たりません。高校入学時の出願や入試についての一般事項、学費支援などの情報が含まれています。成績証明書の発行や取り扱いについては、在学校の事務窓口または滋賀県教育委員会事務局にご確認ください。,"[{""sid"": ""S1"", ""question"": ""高校の入学"", ""answer"": ""一般の日本の高校へ入学するためには、入学試験に合格しなければなりません。\n応募資格\n年齢が入学しようとする年の4月1日までに15才に達していること。\n原則として、外国で9年間の学校教育を終了しているか、日本の中学校を卒業、又は卒業見込であること。\n入学の問い合わせ\n滋賀県教育委員会事務局 ： 077-528-4573""}]"
国保料の返金について,滋賀県国際協会の情報だけを根拠に回答します。国保料の返金についての具体的な案内はS1〜S5の記載には含まれていません。そのため、国保料の返金手続きや詳細は公式窓口（市区町村の国民健康保険窓口）へお問い合わせください。緊急の該当情報が必要な場合は、消費者ホットライン188等をご利用ください。,"[{""sid"": ""S1"", ""question"": ""金融トラブルにご注意！！"", ""answer"": ""電子マネーのトラブル\nインターネット有料サイトの利用料金未納を騙った架空請求など、詐欺行為の支払手段として現金だけでなく、電子マネーを悪用した被害が急増しています。\n※※プリペイドカードなどの電子マネーは、相手にカードを渡さなくても、カードに記載された番号等を伝えるだけで電子マネーの価値を譲渡したことになります。\n詐欺です！：コンビニで電子マネーカードを買って、カード番号を教えて。\n！身に覚えのない請求等に返信、連絡しないでください。\n！事業者、法務省や裁判所などが「未納料金などの支払い」の名目で、　　コンビニで電子マネーカードを購入させることは絶対にありません。\nマネー・ロンダリング（犯罪に関係するお金を持っている人をわからなくすること）は違法です！\n詐欺です！：「このお金をあなたの口座から送金してほしいんです。一万円あげますから。」\n！口座を他人にあげるなどの行為は違法です。\n！違法な業者かどうか判断できない場合はその業者は使わないでください。\n　金融庁ウェブサイトの資金移動業者登録一覧に載っていない業者は違法です。\n　ここから確認できます\nメール・SMS（ショートメッセージサービス）による被害防止対策として、あらかじめ受信拒否設定をしておくことが効果的です。\n！おかしいと思ったら、すぐに家族や友人、警察＃9110（警察相談専用電話）に相談！\n- 消費者ホットライン　　　　１８８　（日本語）\n- 訪日外国人観光客消費者ホットライン 03-5449-0906 英語・中国語・韓国語・タイ語・ベトナム語・フランス語・日本語\n- 金融サービス利用者相談室0570-016811（从ＩＰ電話からは：03-5251-6811）\n- 英語ワンストップ窓口 　　　email: equestion@fsa.go.jp""}]"
住民票の取得,滋賀県国際協会の情報のみを根拠に事実ベースで回答します。住民票の取得については、提供された資料には直接「住民票の取得方法」自体の具体的手続きは記載されていません。S1で関連する内容としては、住民基本台帳や転入・転出、在留・マイナンバー関連が挙げられており、転出届・転入届や在留カードの住所変更が触れられていますが、自治体窓口での住民票の取得方法の詳細は示されていません。一般的な情報としては、転入・転出時の届け出や在留関係の手続きが本文中に含まれており、住民票の取得自体は居住地の市区町村役場で行う手続きになることが多いですが、本回答はS1の情報のみを根拠にしています。必要に応じて、住民票の取得方法を市町村役場の窓口案内や公式ガイドで確認してください。,"[{""sid"": ""S1"", ""question"": ""住民手続きについて"", ""answer"": ""- 住民基本台帳について (http://www.soumu.go.jp/main_sosiki/jichi_gyousei/c-gyousei/zairyu/related_materials-publicity_leaflets-etc.html)\n- マイナンバー制度について (https://www.digital.go.jp/policies/mynumber) マイナンバーカードについて (https://www.kojinbango-card.go.jp/)\n- 転入・転出について (http://www.soumu.go.jp/main_sosiki/jichi_gyousei/c-gyousei/zairyu/move-in_move-out.html)""}]"
在留資格認定証明書について,滋賀県在住の方を対象とした在留資格認定証明書に関する情報は、滋賀県協会の提供する在留情報には記載がありません。一般的には、在留資格認定証明書は入国管理局の審査を経て発行され、在留資格の新規取得や変更に際して出入国在留管理庁が所管します。詳しい手続きは大阪入国管理局大津出張所などの窓口、または外国人在留インフォメーションセンターへ問い合わせることが推奨されています。,"[{""sid"": ""S1"", ""question"": ""在留について"", ""answer"": ""日本に住む外国人には、それぞれの滞在目的に従って在留資格と在留期間が与えられます。おのおのの「在留資格」には活動できる内容が厳格に規定されています。\n関連ページ\n出入国在留管理庁 (http://www.moj.go.jp/isa/index.html)\n在留関係の手続きについては\n在留関係手続き (https://www.moj.go.jp/isa/applications/index.html)\n入国後の在留関係の手続き\n滋賀県在住の方は、\n大阪入国管理局大津出張所\nで行います。\n大阪入国管理局大津出張所 (http://www.moj.go.jp/isa/about/region/osaka/index.html)\n大津市京町3-1-1 大津びわ湖合同庁舎6階　　℡：077-511-4231\n一般的な内容についての相談\n外国人在留インフォメーションセンター・ワンストップ型相談センター（入国管理局）に外国語で問い合わせることもできます。\n外国人在留インフォメーションセンター (http://www.moj.go.jp/isa/consultation/center/japanese.html)\n℡ 0570-013904（ＩＰ, ＰＨＳ, 海外: 03-5796-7112）\n新しい在留資格への移行により、平成24年7月9日より前の住所は住民票には記載されません。 ※これまで市区町村で保管されていた「外国人登録原票」は、平成24年7月9日から法務省で保管されています。\n外国人登録原票に係る開示請求について（法務省HPへリンク） (http://www.moj.go.jp/isa/applications/disclosure/foreigner.html)""}]"
仕事探し,滋賀県国際協会の情報に基づくと、日本国内で就労できる外国人も日本人と同様に職業紹介を受けることができます。公共職業安定所（ハローワーク）を通じて、職業紹介や就労相談等が提供されます。,"[{""sid"": ""S1"", ""question"": ""求職"", ""answer"": ""日本国内で就労できる外国人の方は日本人と同じように職業紹介を受ける事ができます。\n公共職業安定所　(ハローワーク)\n職業紹介、就労に関する相談などに応じる国の機関が公共職業安定所です。\n仕事が見つかり労働契約を結ぶ時の重要な決まりや雇用保険についてなど、いろいろな相談も合わせて行われています。""}]"
友人が困っている,友人が困っている場合は、まず身近な大人や学校の先生・スクールカウンセラーに相談を促してください。地域の窓口としては、福祉の窓口や社会福祉協議会の相談、ならびに下記の相談先があります。こどもの人権110番、チャイルドライン、24時間子供SOSダイヤルなど、年齢に応じた相談先を活用しましょう。具体的な連絡先は以下のとおりです。- こどもの人権110番 0120-007-110（平日8:30-17:15）- チャイルドライン 0120-99-7777（毎日16:00-21:00）- 24時間子供SOSダイヤル 0120-0-78310（24時間対応）なお、困りごとが就労・いじめ・セクハラなどに及ぶ場合は、滋賀労働局や警察相談ダイヤルなどの適切な窓口へつなぐことが重要です。,"[{""sid"": ""S1"", ""question"": ""生活に困ったら"", ""answer"": ""市役所の福祉の窓口または、社会福祉協議会に相談しましょう。\n社会的包摂サポートセンター　よりそいホットライン\nTel: 0120-279-338""}]"
児童虐待の相談があった場合,児童虐待の相談があった場合は、直ちに虐待ホットライン等に連絡します。24時間対応の児童虐待ホットラインは電話077-562-8996（日本語）、中央子ども家庭相談センター、草津市笠山七丁目4番45号、電話077-562-1121、彦根子ども家庭相談センター、彦根市小泉町932-1、電話0749-24-3741、大津・高島子ども家庭相談センター、電話077-548-7768、全国共通ダイヤル189（24時間）です。,"[{""sid"": ""S1"", ""question"": ""児童虐待の疑いがある場合はすぐに連絡しましょう"", ""answer"": ""虐待ホットライン（24時間対応）\n電話 : 077-562-8996　（日本語）\n中央子ども家庭相談センター\n草津市笠山七丁目4番45号　　電話: 077-562-1121\n彦根子ども家庭相談センター\n彦根市小泉町932-1　　電話: 0749-24-3741\n大津・高島子ども家庭相談センター\n大津市におの浜4-4-5　　電話: 077-548-7768\n児童相談所全国共通ダイヤル（24時間対応）\n電話：189""}]"
身寄りのない人の死について,身寄りのない人の死亡時も、死亡診断書を添付して、死亡後7日以内に届出人の所在地の市町村役場へ届出を行ってください。在留カードの返却は14日以内です。身寄りがなくても届出は必要です。,"[{""sid"": ""S1"", ""question"": ""死亡届"", ""answer"": ""- 死亡届は医師が発行する死亡診断書を添付の上、同居の親族、その他同居者等が死亡後7日以内に届出人の所在地の市町村役場に提出してください。\n- 在留カードを死亡14日以内に返してください。""}]"
薬について,滋賀県国際協会の情報に基づくと、薬についての具体的な説明は入手できません。ジェネリック医薬品に関する一般的情報は提供できますが、滋賀県内での最新情報や具体的な薬局・病院の運用については、S1/S2/S3/S4の出典を参照してください。滋賀県内の病院・医院情報は医療ネットしがをご確認ください。,"[{""sid"": ""S1"", ""question"": ""ジェネリック医薬品は安い！"", ""answer"": ""ジェネリック医薬品（後発医薬品）は先発医薬品と同等の有効成分、同等の効果があるのに、新薬の特許が切れた後販売されるため、先発医薬品より安いお薬です。日本でもジェネリック医薬品がたくさん流通していて、医師から処方されるお薬の、おおよそ80％に達しています。（病院で買う場合も、調剤薬局で買う場合もあります）\nジェネリック医薬品の購入希望の場合は、病院にかかってお薬を買う時や、処方箋を見せて調剤薬局でお薬を買う時に、「ジェネリックを希望します」と伝えましょう。日本語に自信のない人は下の二次元コードから「ジェネリック医薬品希望カード」の画像を出して、病院や調剤薬局の人に見せましょう。（薬の種類によってはジェネリック医薬品が存在しない場合もあります。）""}, {""sid"": ""S2"", ""question"": ""ジェネリック医薬品は安い！"", ""answer"": ""ジェネリック医薬品（後発医薬品）は先発医薬品と同等の有効成分、同等の効果があるのに、新薬の特許が切れた後販売されるため、先発医薬品より安いお薬です。日本でもジェネリック医薬品がたくさん流通していて、医師から処方されるお薬の、おおよそ80％に達しています。（病院で買う場合も、調剤薬局で買う場合もあります）\nジェネリック医薬品の購入希望の場合は、病院にかかってお薬を買う時や、処方箋を見せて調剤薬局でお薬を買う時に、「ジェネリックを希望します」と伝えましょう。日本語に自信のない人は下の二次元コードから「ジェネリック医薬品希望カードPDF」の画像を出して、病院や調剤薬局の人に見せましょう。（薬の種類によってはジェネリック医薬品が存在しない場合もあります。）""}, {""sid"": ""S3"", ""question"": ""予防接種について"", ""answer"": ""予防接種リサーチセンターのウェブサイトを確認してください。""}, {""sid"": ""S4"", ""question"": ""滋賀県の病院、医院の情報は"", ""answer"": ""医療ネットしがWebサイトをご覧ください。\n対応言語：英語、ハングル、中文""}]"
年金多言語対応,滋賀県国際協会の情報に基づくと、年金制度は公的年金として全国民に適用され、外国人も一定要件を満たす場合対象です（1年以上日本滞在予定が目安）。老齢年金は老齢基礎年金に厚生年金の部分を加算した額となり、受給開始年齢は原則65歳、繰り上げ・繰り下げあり。ねんきん定期便による年金記録の年次確認が案内され、住所変更時の届け出が重要です。年金の相談窓口としてねんきんダイヤルや各年金事務所・相談センターの情報が案内されています。年金多言語対応については、年末調整の各種申告書の外国語版（英語、中国語、ポルトガル語、スペイン語、ベトナム語、フィリピノ語）を公表との記載があります。,"[{""sid"": ""S1"", ""question"": ""年金制度"", ""answer"": ""公的年金制度は、老齢、障害または死亡時の本人および遺族の生活保障の観点から、日本国内に住むすべての人について、一定の要件のもとに国籍を問わず適用しています。外国人の場合、1年以上の日本滞在を予定している人が対象となります。\n厚生年金保険\n給付の種類\n老齢厚生年金、障害厚生年金、遺族厚生年金\n国民年金\n20歳から59歳までの方で、厚生年金保険などに加入していない場合は国民年金に加入しなければいけません。\nお問い合わせ\n各市町村国民年金担当係""}, {""sid"": ""S2"", ""question"": ""年金の相談は"", ""answer"": ""- ねんきんダイヤル ℡ 0570-05-1165　　　IP電話・PHS: ℡ 03-6700-1165\n- 街角の年金相談センター草津（草津市渋川1-1-50） ℡　077-564-4311\n- 大津年金事務所（大津市打出浜13-5） ℡ 077-521-1789\n- 草津年金事務所（草津市西渋川1-16-35） ℡ 077-567-2220\n- 彦根年金事務所（彦根市外町169-6） ℡ 0749-23-1114""}, {""sid"": ""S3"", ""question"": ""年末調整の各種申告書（扶養控除等申告書など）について"", ""answer"": ""国税庁のウェブサイト内で、《外国語版》各種申告書（扶養控除等申告書など）が公開されています。\n【６言語版】\n英語、中国語、ポルトガル語、スペイン語、ベトナム語、フィリピノ語\nご活用ください。""}, {""sid"": ""S4"", ""question"": ""老齢年金"", ""answer"": ""老齢年金では、どの人にも共通な基礎となる年金を老齢基礎年金といいます。国民年金の加入者は、この老齢基礎年金を受給しますが、厚生年金の加入者は、これに厚生年金部分を加算した金額を受給します。老齢基礎年金は、６０歳まで４０年間保険料を全額支払った場合、年間(779,300円（2017年度）の満額の年金額になります。老齢年金を受給するための年齢はこれまでどおりで６５歳からですが、希望すれば繰り上げ支給や繰り下げ支給もあります。また、厚生年金では、６０歳から６５歳まで、生年月日や性別など一定の要件に基づき、特別支給の老齢厚生年金が支給されます。""}, {""sid"": ""S5"", ""question"": ""自分の年金情報をチェック！"", ""answer"": ""毎年1回、誕生月に国民年金および厚生年金保険の加入者（被保険者）には、年金加入記録の確認のため、「ねんきん定期便」が届きます。届出住所が現住所と異なっている場合、「ねんきん定期便」が届きませんので、住所が変った場合は住所変更を届け出ましょう。\n年金記録の確認は\nねんきんネット (https://www.nenkin.go.jp/n_net/index.html)\n年金定期便・年金専用ダイヤル　℡　0570-058-555\n★\t保険料納付期間が１０年に満たない方も年金事務所で確認しましょう！ 年金記録に漏れがないか。（基礎年金番号が他にないか。別の氏名で登録されたものがないか。 合算対象期間がないか。（特に永住者、日本国籍の方は海外の滞在期間が合算されます。）\n★\t資格期間を満たすために次のような方法があります。 ６０歳から６５歳まで国民年金に任意加入する。（1965年4月1日以前生まれの方は最長７０歳まで任意加入できます） 国民年金後納制度を使い未納期間を解消する。（2018年9月30日まで５年後納制度が適用されます）""}]"
国民保険加入について,滋賀県国際協会の情報のみを根拠に、国民健康保険（国民保険）加入について事実ベースで以下を簡潔に示します。・会社に就職して社会保険に加入する場合、国民健康保険の脱退手続きは原則自分で行う必要があります。・退職後は社会保険資格喪失となり、保険証は返却し、速やかに市役所で国民健康保険へ加入手続きをします。・試用期間中であっても、雇用形態次第では国民健康保険ではなく社会保険の適用が前提となるため、加入手続きは雇用主が行います。・国民健康保険は市区町村単位の加入・納付となり、保険料の額は自治体が決定します。・高額療養費制度や限度額適用認定証の適用は国民健康保険にもあります。なお、制度の具体的な手続きや適用条件についてはお住まいの市役所・国民健康保険窓口でご確認ください。,"[{""sid"": ""S3"", ""question"": ""【健康保険シリーズ１】  日本の公的保険制度について"", ""answer"": ""日本の会社に就職して仕事を始めると、お給料から社会保険料が引かれていることに気が付くと思います。この“社会保険”とは何を指すのでしょうか。日本では様々な社会保険制度があり、国籍に関わらず皆さんが加入し保障を受けることができます。\n今回はその中の健康保険について、会社にお勤めの方と、そうでない方の違いを見てみましょう。\n会社で働いてお給料をもらっている方：会社を通じて社会保険に加入します。保険料は給料から天引きになりますが、保険料の半分を会社が負担してくれています。また、扶養の家族も一緒に加入することができます。家族は保険料がかかりません。健康保険と年金はセットで加入します。\n自営業・無職など会社にお勤めではない方（上記以外の方）：個人で国民健康保険に加入します。保険料はご自身でお住いの市役所に納める必要があります。保険料は家族分を含め、全額自己負担となります。同様に年金も、個人で国民年金に加入します。\n●　病院での支払いが3割で済むのはどちらも同じです。また医療費が高額になった時の給付、出産や死亡の時の給付も同じです。会社の社会保険には病気や出産で仕事を休んだ時に、お給料を一部保障する給付がありますが、国民健康保険にはありません。\n健康保険の加入と脱退の手続きについて\n会社に就職したとき：社会保険に加入するときは会社が手続きをしてくれますが、それまで加入していた国民健康保険の脱退の手続きは自分でする必要があります。保険料が二重で請求されることのないよう、お住いの市役所で脱退の手続きをしてください。\n会社を退職したとき：退職し社会保険の資格が喪失したときは、保険証は使えなくなっていますので、すぐに会社に返却しましょう。そして自分で市役所に行って国民健康保険に加入し、保険証をもらう手続きをする必要があります。他にも社会保険を任意で継続加入する、ご家族の扶養に入るといった選択肢もありますので確認してみてください。""}, {""sid"": ""S4"", ""question"": ""【健康保険シリーズ６】医療費が高額になりそうなとき"", ""answer"": ""健康保険には、高額な医療費を支払った場合に、あとから申請することで、一定の金額を超えた分について払い戻される「高額療養費制度」があります。\n高額療養費制度とは\n同一の月（1日から月末まで）に病院などでの支払いが高額になり一定の金額※1を超えたときに申請することで、その超えた分が後日払い戻されます。\nしかし、払い戻されるとはいえ、高額な医療費の支払いは大きな負担です。そのような場合、「限度額適用認定証」が利用できます。\n※1 年齢・会社からの給料によって、支払いの上限金額が決まります。\nURL：https://www.kyoukaikenpo.or.jp/g3/sb3030/r150/ (https://www.kyoukaikenpo.or.jp/g3/sb3030/r150/)\n→ページ右上のSelect Languageで言語を選択（英語、中国語（簡体字・繁体字）、韓国語、スペイン語、ポルトガル語）\n限度額適用認定証とは\n医療費が高額になることが事前にわかっている場合には、事前に申請して交付された「限度額適用認定証」を病院の窓口での支払い時に保険証と合わせて提示することで、支払い金額が一定の上限までとなります。また、後日の払い戻しの手続きが不要になります。\n手続きから利用までの流れ\n1. 事前に郵送で「限度額適用認定申請書」を提出\n2. 「限度額適用認定証」が交付される（有効期限：最長１年）\n3. 2.で交付された「限度額適用認定証」と「保険証」を病院の窓口で精算時に提示\n*国民健康保険の加入者にも高額療養費と限度額適用認定証があります。お住まいの市町で手続きをしてください。\n★★★★★　社会保険加入対象者の適用範囲が拡大します　★★★★★\n2022年10月より、従業員数101人以上の企業で働く以下の条件にあてはまる短時間労働者も社会保険に加入できるようになりました。\n- 週の所定労働時間が２０時間以上３０時間未満である。\n- 月額賃金が８.８万円以上である。\n- ２カ月を超える雇用の見込みがある。\n- 学生でないこと。（休学中や夜間学生は加入対象です。）""}, {""sid"": ""S5"", ""question"": ""【健康保険シリーズ６】医療費が高額になりそうなとき"", ""answer"": ""健康保険には、高額な医療費を支払った場合に、あとから申請することで、一定の金額を超えた分について払い戻される「高額療養費制度」があります。\n高額療養費制度とは\n同一の月（1日から月末まで）に病院などでの支払いが高額になり一定の金額※1を超えたときに申請することで、その超えた分が後日払い戻されます。\nしかし、払い戻されるとはいえ、高額な医療費の支払いは大きな負担です。そのような場合、「限度額適用認定証」が利用できます。\n※1 年齢・会社からの給料によって、支払いの上限金額が決まります。\nURL：https://www.kyoukaikenpo.or.jp/g3/sb3030/r150/ (https://www.kyoukaikenpo.or.jp/g3/sb3030/r150/)\n→ページ右上のSelect Languageで言語を選択（英語、中国語（簡体字・繁体字）、韓国語、スペイン語、ポルトガル語）\n限度額適用認定証とは\n医療費が高額になることが事前にわかっている場合には、事前に申請して交付された「限度額適用認定証」を病院の窓口での支払い時に保険証と合わせて提示することで、支払い金額が一定の上限までとなります。また、後日の払い戻しの手続きが不要になります。\n手続きから利用までの流れ\n1. 事前に郵送で「限度額適用認定申請書」を提出\n2. 「限度額適用認定証」が交付される（有効期限：最長１年）\n3. 2.で交付された「限度額適用認定証」と「保険証」を病院の窓口で精算時に提示\n*国民健康保険の加入者にも高額療養費と限度額適用認定証があります。お住まいの市町で手続きをしてください。\n★★★★★　社会保険加入対象者の適用範囲が拡大します　★★★★★\n2022年10月より、従業員数101人以上の企業で働く以下の条件にあてはまる短時間労働者も社会保険に加入できるようになりました。\n- 週の所定労働時間が２０時間以上３０時間未満である。\n- 月額賃金が８.８万円以上である。\n- ２カ月を超える雇用の見込みがある。\n- 学生でないこと。（休学中や夜間学生は加入対象です。）""}]"
年金の手続きについて,年金の手続きについては、以下の点が基本です。住所が現住所と異なるとねんきん定期便が届かないため、住所変更の届け出をしてください。年金記録の確認はねんきんネットなどで行い、未納期間がある場合は年金事務所で確認しましょう。合算対象期間を含む受給要件は10年以上で、納付期間、免除期間、第三号被保険者期間、合算対象期間を合わせて判断します。手続きや相談先はねんきんダイヤルや各年金事務所・街角の年金相談センターを利用してください。詳しい手続きの流れや相談先は、滋賀県内の窓口情報をご確認ください。,"[{""sid"": ""S1"", ""question"": ""自分の年金情報をチェック！"", ""answer"": ""毎年1回、誕生月に国民年金および厚生年金保険の加入者（被保険者）には、年金加入記録の確認のため、「ねんきん定期便」が届きます。届出住所が現住所と異なっている場合、「ねんきん定期便」が届きませんので、住所が変った場合は住所変更を届け出ましょう。\n年金記録の確認は\nねんきんネット (https://www.nenkin.go.jp/n_net/index.html)\n年金定期便・年金専用ダイヤル　℡　0570-058-555\n★\t保険料納付期間が１０年に満たない方も年金事務所で確認しましょう！ 年金記録に漏れがないか。（基礎年金番号が他にないか。別の氏名で登録されたものがないか。 合算対象期間がないか。（特に永住者、日本国籍の方は海外の滞在期間が合算されます。）\n★\t資格期間を満たすために次のような方法があります。 ６０歳から６５歳まで国民年金に任意加入する。（1965年4月1日以前生まれの方は最長７０歳まで任意加入できます） 国民年金後納制度を使い未納期間を解消する。（2018年9月30日まで５年後納制度が適用されます）""}, {""sid"": ""S2"", ""question"": ""年金を受け取るために必要な期間が１０年に短縮されました"", ""answer"": ""これまでは、老齢年金を受け取るためには、保険料納付済等期間が25年以上必要でしたが、2017年8月1日から、10年になりました。（遺族年金・障害年金の受給要件はこれまでどおり変更ありません。）\n老齢年金の受給資格は、以下の４項目をあわせた期間が１０年以上です。\n1. 保険料納付期間（国民年金保険料納付済み期間、厚生年金被保険者加入期間）\n2. 保険料免除、学生納付特例等の納付猶予を受けた期間\n3. 第３号被保険者期間（加入者に扶養されている被保険者）\n4. 合算対象期間（カラ期間） ＊\n＊4. のカラ期間は、年金額に反映されませんが、加入期間には計算される合算対象期間です。\n★ 合算対象期間 には、次のようなものがあります。\n日本国籍を取得した方、永住者等が年金の請求手続きをする際、海外在住期間があった場合に、このことを証明する書類が必要となります。このため、これまでのパスポートも大切に保管しておくことが大切です。また、2012年7月9日以前の「外国人登録原票」は、法務省で保管されています。このため、それ以前の出入国を証明するためには、出入(帰)国記録に係わる開示請求することになります。\n出入（帰）国記録に係る開示請求 (http://www.moj.go.jp/isa/applications/disclosure/record.html)""}, {""sid"": ""S3"", ""question"": ""年金制度"", ""answer"": ""公的年金制度は、老齢、障害または死亡時の本人および遺族の生活保障の観点から、日本国内に住むすべての人について、一定の要件のもとに国籍を問わず適用しています。外国人の場合、1年以上の日本滞在を予定している人が対象となります。\n厚生年金保険\n給付の種類\n老齢厚生年金、障害厚生年金、遺族厚生年金\n国民年金\n20歳から59歳までの方で、厚生年金保険などに加入していない場合は国民年金に加入しなければいけません。\nお問い合わせ\n各市町村国民年金担当係""}, {""sid"": ""S4"", ""question"": ""年金の相談は"", ""answer"": ""- ねんきんダイヤル ℡ 0570-05-1165　　　IP電話・PHS: ℡ 03-6700-1165\n- 街角の年金相談センター草津（草津市渋川1-1-50） ℡　077-564-4311\n- 大津年金事務所（大津市打出浜13-5） ℡ 077-521-1789\n- 草津年金事務所（草津市西渋川1-16-35） ℡ 077-567-2220\n- 彦根年金事務所（彦根市外町169-6） ℡ 0749-23-1114""}]"
火災保険の手続きについて,滋賀県国際協会の情報に基づくと、火災保険は住宅の状況に応じて加入します。持ち家の場合は建物と家財の両方を補償する火災保険に入り、賃貸の場合は建物の保険料を大家が、室内の家財は入居者がそれぞれ加入して保険料を支払うのが一般的です。手続きの具体的な窓口や手順は、契約先の保険会社・保険代理店を通じて行います。更新時や新規契約時には加入内容の確認と契約者情報の届け出が必要です。事故時の補償請求や保険金の支払い手続きについては、加入先の保険会社の指示に従って提出物を準備してください。,"[{""sid"": ""S1"", ""question"": ""火災保険について"", ""answer"": ""住宅は賃貸や持ち家にかかわらず、火災保険に加入する必要があります。 賃貸アパートやマンションなどの場合、入居時や更新時に「大家」と「入居者」がそれぞれ火災保険に加入するケースが一般的です。建物は大家の資産なので、建物に対する火災保険は大家が加入して保険料を支払い、室内の家具や家電などの家財道具に対する保険は、入居者が加入し保険料を支払います。持ち家であれば建物と家財の両方を補償する火災保険に入ります。""}]"
職場の同僚にお金を盗まれた,滋賀県国際協会の情報に基づくと、職場の同僚にお金を盗まれた場合は、まず自分の被害を記録し、雇用契約や給与明細など証拠を整理してください。その上で、労働条件に関する相談窓口として滋賀労働局の雇用環境・均等室（TEL 077-523-1190）へ相談することが推奨されています。必要に応じて闇バイトや犯罪関連の相談窓口（警察相談ダイヤル#9110）も活用してください。なお、提供された資料では具体的な窓口の追加案内は記載されていません。,"[{""sid"": ""S1"", ""question"": ""こんな悩み抱えていませんか？"", ""answer"": ""中学を卒業してからは勉強すること、働くこと、いろいろなことを自分で選択する機会が増えます。家や学校以外の居場所もでき、交友関係も広くなります。自由が多くなる分、自己責任も増えていきます。自分のことを守れるように、困ったときの相談先をいくつか紹介します。\n高校生はアルバイトできますか？\n15歳になって最初の3月31日が過ぎた人は就労が認められます。在籍する高校の校則でアルバイトが許可されていれば高校生も働くことができますが、18歳未満の未成年であり、社会での経験がまだ浅いため、以下のように法律で守られています。\n- 就職に当たって、保護者の同意書、年齢証明書、在留カードの提示が求められます。\n- 仕事の内容では、危険や有害な業務について就業の制限又は禁止されています。\n- 就労時間については、深夜業や時間外・休日労働の制限/変形労働時間制の勤務も禁止されています。\n※不当な労働契約や賃金の未払い、パワハラ、セクハラなど劣悪な環境で働かせるブラックバイトもあるので、雇用契約時には、雇用契約書を取り交わし、内容を確認するようにしてください。\n※犯罪行為によって報酬を受け取る\n闇バイト\nが、SNSなどを通して広まっています。決して「高収入」だから、と軽い気持ちで応募してはいけません。身分証や家族の情報などを提供してしまうことによって犯罪組織から抜け出せない手口になっています。自分の個人情報やプライバシーに関することはむやみに提供しないように気を付けましょう。\nいじめ、いやがらせ、セクハラ、解雇など仕事の相談\n- 滋賀労働局　雇用環境・均等室　Tel 077-523-1190\n- 労働条件相談ほっとライン（多言語相談）\n- 闇バイトの相談　警察相談ダイヤル#9110""}]"
口頭弁論及び答弁書について,滋賀県国際協会の情報に基づくと、口頭弁論および答弁書に関する具体的な案内は提供されていません。法律相談や適切な弁護手続きについては、法テラスや滋賀弁護士会の窓口・電話を利用してください。法テラス滋賀の連絡先は電話050-3383-5454、法テラス多言語ダイヤルは0570-078-377、一般的な法テラス案内はhttp://www.houterasu.or.jp/multilingual/、当番弁護士制度の案内は滋賀弁護士会の専用電話077-522-2013です。必要に応じ、弁護士に速やかに連絡して口頭弁論や答弁書の対応についての具体的手続を確認してください。,"[{""sid"": ""S1"", ""question"": ""法律についての相談は"", ""answer"": ""法テラス\n℡　0570-078374（日本語）\n℡　0570-078377（英語、中国語、韓国語、スペイン語、ポルトガル語、ベトナム語、タガログ語)\n℡　03-5366-6008（多言語ダイヤル）\n法テラス滋賀\n大津市浜大津1-2-22　大津商中日生ビル５Ｆ\n℡　050-3383-5454\n滋賀弁護士会\n大津市梅林１-３-３""}, {""sid"": ""S2"", ""question"": ""刑事事件を起こしてしまったら （事件・事故）"", ""answer"": ""被疑者の権利\n被疑者の権利として３つの権利が保障されています。\n1. 事実を知る権利\n2. 黙秘権\n3. 弁護人依頼権\n当番弁護士制度\n警察に逮捕、拘留された被疑者や家族の求めに応じて弁護士会が速やかに弁護士を被疑者のところに派遣する「当番弁護士」の制度があります。要請する場合ははっきりと申し出てください。\n滋賀弁護士会　当番弁護士専用電話　　TEL　077-522-2013\n民事法律扶助制度\n経済的に困っている人には、日本司法支援センター　(法テラス)　がありますので、当番弁護士が接見に来た際に相談してください 。\n法テラス [多言語ダイヤル]　TEL 0570-078-377\n法テラス [多言語] (http://www.houterasu.or.jp/multilingual/)\n国選弁護人\n起訴後、被告人は裁判のための弁護人を依頼することができます。経済的に無理な場合は、依頼すれば政府の国選弁護人をつけてくれます。""}]"
出産育児金・赤ちゃんの面倒見について,出産育児一時金は、出産費用の補助として一児につき50万円（病院によっては48.8万円）を直接払いで受けられる制度です。対象は妊娠4ヵ月以降の出産（死産を含む）で、病院での手続きが可能です。出産手当金は、健康保険に加入している方が出産前後に休業する場合、直近1年の平均給料の約2/3を、出産日以前42日間（多胎は98日間）＋出産日後56日間、手当として受け取れます。なお、これらの給付は資格要件や手続きが必要なので、所属する職場の総務・健康保険へ確認してください。,"[{""sid"": ""S1"", ""question"": ""【健康保険シリーズ5】子どもが生まれたら"", ""answer"": ""健康保険は病気になったときの給付だけではありません。他にもさまざまな給付があります。今日はその中でも、出産にかかわる健康保険からの給付をご紹介します。出産を控えている方にはぜひ知っておいて欲しい制度です。\n出産は保険が使えるの？「出産育児一時金」\n正常な妊娠・出産は病気ではありませんので、健康保険の対象外となります。3割負担での受診はできません。\nしかし「出産育児一時金」の直接払いの手続きをすれば、出産費用が補助されます。\n病院では補助される額を超えた分のみの費用負担で済みます。\n補助額\n一児につき50万円\n（重度の脳性麻痺を保障する制度に加入していない病院では４8.８万円）\n対象者\n妊娠４ヵ月（８５日）以降の出産で、死産を含みます。\n手続き方法\n病院で手続きができます。利用申込の書類に署名してください。\n出産育児一時金 URL: https://www.kyoukaikenpo.or.jp/g6/cat620/r310/ (https://www.kyoukaikenpo.or.jp/g6/cat620/r310/)\n*頁右上の Select language で言語を選択（英語、中国語（簡体字、繁体字）、韓国語、スペイン語、ポルトガル語）\n出産で会社を休んだら？　「出産手当金」\n妊娠や出産で長期間仕事を休むと、お給料が支払われなくなり生活に困ることもあります。しかし会社で健康保険に加入して働いている方は、「出産手当金」を請求すれば生活保障として手当金が支給されます。（扶養家族の出産は対象外です。また市町村の国民健康保険には、この制度はありません）\n給付額\n直近一年間のお給料を平均した額のおおよそ2/3\n対象期間\n出産日以前42日間（多胎妊娠は98日間）＋出産日後56日間\n手続き方法\n会社を通して健康保険に申請してください。\n出産手当金 URL: https://www.kyoukaikenpo.or.jp/g6/cat620/r311/ (https://www.kyoukaikenpo.or.jp/g6/cat620/r311/)\n*頁右上の Select language で言語を選択\nまた毎月のお給料から引かれている社会保険料も、産休中は支払いが免除されます。\n会社の総務の方に相談してみてください。""}]"
給付金について,滋賀県国際協会の情報によると、給付金に関する具体的な案内は提示されていません。賃貸関連の敷金・礼金・仲介手数料や教育資金・奨学金制度、傷病手当金などの給付に触れている項目はありますが、給付金の総称としての制度の詳細は示されていません。給付金の情報を知りたい場合は、対応機関（日本政策金融公庫、JASSO、滋賀県社会福祉協議会、健康保険組合等）へ直接ご確認ください。,"[{""sid"": ""S3"", ""question"": ""教育資金貸付制度、教育ローン"", ""answer"": ""＊在留資格について、制約がある場合があります。\n金利、返済期間等について、確認してから借りましょう。\n生活福祉資金教育貸付 (教育支援金)\n[対象者] 低所得者世帯\n[連絡先・備考] 滋賀県社会福祉協議会 　 TEL：077-567-3903\n＊無利子\nひとり親家庭・寡婦福祉資金の修学資金、就学支度金の貸付\n[対象者] 母子父子家庭\n[連絡先・備考]\n滋賀県健康医療福祉部子ども・青少年局 TEL：077-528-3554\n大津市在住者は大津こども家庭課　 TEL：077-528-2686\n＊無利子\n教育一般貸付 国の教育ローン\n[連絡先・備考]\n日本政策金融公庫 (https://www.jfc.go.jp/n/finance/search/ippan.html)\n教育コールセンター TEL：0570-008656\n＊有利子\n銀行の教育ローン\n[連絡先・備考] 各銀行（銀行により金利が異なります）\n＊有利子""}, {""sid"": ""S4"", ""question"": ""奨学金"", ""answer"": ""各大学での奨学生の募集は、入学後、４月、５月に行われることが一般的ですが、入学前に予約型奨学金の募集をする大学もあります。このため、希望校が決まれば、早めに奨学金の情報を収集しましょう。\n奨学金には、大きく分けて、（1）日本学生支援機構の奨学金（2）各大学が独自に設けている奨学金（3）民間企業や財団法人などの奨学金（4）地方自治体の奨学金があります。募集対象や受給条件はまちまちですが、世帯の経済状況、学力や専攻分野などが審査基準になることが多いです。奨学金には返済の必要のない「給付」と返済が必要な「貸与」の二種類があります。また重複して受給できない奨学金もあります。学校の担当課やホームページなどで情報を収集しましょう。\n＊在留資格について、制約がある場合があります。\n日本学生支援機構（JASSO）\n[対象者] 大学院・大学・短期大学・高等専門学校・専修学校(専門課程)に在学する学生\n日本学生支援機構（JASSO）には、有利子、無利子の奨学金（貸与型）の他、経済的に困難な状況にある優秀な学生に対する給付型の奨学金もあります。\n[連絡先・備考]\n日本学生支援機構（JASSO） (https://www.jasso.go.jp/about/shogakukin)\n＊給付・貸与\n自治体の奨学金\n[対象者] 対象はそれぞれ異なります\n[連絡先・備考] 市町役場（奨学金のない自治体もあります）\n＊給付・貸与\n新聞奨学金\n[対象者] 新聞配達の仕事をする学生\n[連絡先・備考] 各新聞社\n＊給付・貸与\n交通遺児育英会奨学金\n[対象者] 交通事故の遺児や保護者に著しい障がいのある学生\n[連絡先・備考]\n交通遺児育英会奨学金 (http://www.kotsuiji.com/howto/)\n＊給付\n日本教育公務員弘済会\n[対象者] 大学院・大学・高等専門学校・専修学校専門課程の学生\n[連絡先・備考] 滋賀支部　　 　TEL： 077-526-1356\n＊給付・貸与\n坪井一郎・仁子学生支援プログラム\n[対象者] 大学生(3年生以上)や大学院生(入学予定者も可)難民や日系定住者及び中国帰国者の子弟\n[連絡先・備考]\n（社福）さぽうと２１ (http://support21.or.jp)\nTEL：03-5449-1331\n＊給付\nPP奨学金\n[対象者] 日本国籍、永住者、特別永住者\n[連絡先・備考]\n（社福）さぽうと２１ (http://support21.or.jp)\nTEL：03-5449-1331\n＊給付\nびわこ奨学金\n[対象者] 滋賀県内の留学生\n[連絡先・備考]\n（公財）滋賀県国際協会 (http://www.s-i-a.or.jp/index.php/projects/multicultural)\nTEL：077-526-0931\n＊給付""}, {""sid"": ""S5"", ""question"": ""【健康保険シリーズ3】病気やケガで休職した時の補償「傷病手当金」について"", ""answer"": ""会社で加入している健康保険には、医療費以外にも給付金があります。\nその一つが「傷病手当金」です。\n病気やケガで長期間仕事を休むと、給料が支払われなくなり生活費に困ることがあります。\nしかし傷病手当金を申請すれば、生活補償として給付金が健康保険より支給されます。\n傷病手当金は、病気休業中に被保険者とその家族の生活を保障するために設けられた制度で、被保険者が病気やケガのために会社を休み、会社から十分な報酬が受けられない場合に支給されます。\n【支給金額】直近１２か月の給与を平均した額の2/3\nただし、勤務先が社会保険に届けを出している給与総額です。手取りの金額とは一致しません。\n【支給の条件】\n1. 業務外の事由による病気やケガの療養のための休業であること\n2. 仕事に就くことができないこと（医師の証明が必要です）\n3. 連続する三日間を含み四日以上仕事につけなかったこと\n4. 休業した期間について給与の支払いがないこと（事業主の証明が必要です）\nその他、傷病手当金の詳細については協会けんぽのHPをご覧いただくか、お電話にてお問合せください。\n協会けんぽ滋賀支部\n℡　077-522-1099 (日本語)""}]"
永住申請について,滋賀県在住者の永住申請に関する具体的な手続きや要件は、滋賀県国際協会の情報だけでは網羅的に説明できません。永住権（永住者の資格取得）については、法務省・入国管理局の公式情報を参照してください。滋賀県在住者の窓口として大阪入国管理局大津出張所の案内が案内されていますが、永住申請の手続き自体の詳細は出入国在留管理庁の情報をご確認ください。一般的には、長期間の居住要件、納付実績、身分の安定性、素行などの審査項目が関係します。公式窓口として外国人在留インフォメーションセンターへの相談も利用可能です。,"[{""sid"": ""S1"", ""question"": ""在留について"", ""answer"": ""日本に住む外国人には、それぞれの滞在目的に従って在留資格と在留期間が与えられます。おのおのの「在留資格」には活動できる内容が厳格に規定されています。\n関連ページ\n出入国在留管理庁 (http://www.moj.go.jp/isa/index.html)\n在留関係の手続きについては\n在留関係手続き (https://www.moj.go.jp/isa/applications/index.html)\n入国後の在留関係の手続き\n滋賀県在住の方は、\n大阪入国管理局大津出張所\nで行います。\n大阪入国管理局大津出張所 (http://www.moj.go.jp/isa/about/region/osaka/index.html)\n大津市京町3-1-1 大津びわ湖合同庁舎6階　　℡：077-511-4231\n一般的な内容についての相談\n外国人在留インフォメーションセンター・ワンストップ型相談センター（入国管理局）に外国語で問い合わせることもできます。\n外国人在留インフォメーションセンター (http://www.moj.go.jp/isa/consultation/center/japanese.html)\n℡ 0570-013904（ＩＰ, ＰＨＳ, 海外: 03-5796-7112）\n新しい在留資格への移行により、平成24年7月9日より前の住所は住民票には記載されません。 ※これまで市区町村で保管されていた「外国人登録原票」は、平成24年7月9日から法務省で保管されています。\n外国人登録原票に係る開示請求について（法務省HPへリンク） (http://www.moj.go.jp/isa/applications/disclosure/foreigner.html)""}]"
大型ごみの処分について,滋賀県内の大型ごみの処分については、具体的な手続きや回収方法は市町別の自治体の案内を確認してください。一般的には自治体の収集日程に従い、指定の大型ごみ処分窓口または収集サービスを利用します。事前申し込み、収集費用、収集日・回収基準などが市町ごとに異なるため、居住地の市町役場の大型ごみの案内をご確認ください。,"[{""sid"": ""S1"", ""question"": ""ペットが死亡した場合は？"", ""answer"": ""1. 市役所に連絡しましょう。 ＊市によって対応は異なりますが、火葬をする所もあります。\n犬の場合は、市役所で登録抹消手続きをします。（30日以内）\n2. ペットの葬儀やお墓を扱う民間業者もあります。\n3. 私有地に遺体を土葬することは問題はありませんが、河川や公園等に埋めることは禁止です。""}]"
仕事探し,滋賀県国際協会の情報によると、日本国内で就労できる外国人は日本人と同様に公共職業安定所（ハローワーク）で職業紹介を受けることができます。職業紹介や就労に関する相談は国の機関であるハローワークが対応します。,"[{""sid"": ""S1"", ""question"": ""求職"", ""answer"": ""日本国内で就労できる外国人の方は日本人と同じように職業紹介を受ける事ができます。\n公共職業安定所　(ハローワーク)\n職業紹介、就労に関する相談などに応じる国の機関が公共職業安定所です。\n仕事が見つかり労働契約を結ぶ時の重要な決まりや雇用保険についてなど、いろいろな相談も合わせて行われています。""}]"
辞任について,辞任は通常、自己都合による退職に該当します。就業規則で定められた手続きや退職日を事前に確認し、会社と十分話し合うことが望ましいです。民法627条により、期間の定めのない労働契約の場合は原則として退職の申し入れから2週間後に契約が終了します。なお、解雇の場合は30日前に予告する必要があり、予告日数が不足する場合は不足日数分の平均賃金を支払います（労働基準法20条・21条）。,"[{""sid"": ""S1"", ""question"": ""退職するときは"", ""answer"": ""自己都合による退職\n退職については、通常就業規則に定めがありますので、あらかじめその内容や手続きについて確認しておきましょう。 　なお、民法（第627条）によれば、期間に定めのない労働契約の場合は，原則として退職の申し入れから２週間後に契約は終了するものとされています。\nただし、急に「辞めたい」と申し入れることは、会社にとっては事務引継ぎなどで困ることもありますので、退職の時期等については会社と充分話し合うことが望ましいでしょう。\n事業主からの解雇\n解雇に当たっては、雇用者は労働者に少なくとも30日前にその予告をする必要があり、30日前に予告しない場合には30日に不足する日数分の平均賃金（解雇予告手当）を支払う必要があります。（労働基準法20条、21条）。""}]"
公証サービスについて,滋賀県国際協会の情報に基づくと、公証サービスに関する具体的な案内はS1～S5の情報には含まれていません。従って、現時点の提供情報からは公証サービスについての事実ベースの回答はできません。必要であれば、関連する公式窓口や公証サービスの公式サイトをご案内します。,"[{""sid"": ""S1"", ""question"": ""金融トラブルにご注意！！"", ""answer"": ""電子マネーのトラブル\nインターネット有料サイトの利用料金未納を騙った架空請求など、詐欺行為の支払手段として現金だけでなく、電子マネーを悪用した被害が急増しています。\n※※プリペイドカードなどの電子マネーは、相手にカードを渡さなくても、カードに記載された番号等を伝えるだけで電子マネーの価値を譲渡したことになります。\n詐欺です！：コンビニで電子マネーカードを買って、カード番号を教えて。\n！身に覚えのない請求等に返信、連絡しないでください。\n！事業者、法務省や裁判所などが「未納料金などの支払い」の名目で、　　コンビニで電子マネーカードを購入させることは絶対にありません。\nマネー・ロンダリング（犯罪に関係するお金を持っている人をわからなくすること）は違法です！\n詐欺です！：「このお金をあなたの口座から送金してほしいんです。一万円あげますから。」\n！口座を他人にあげるなどの行為は違法です。\n！違法な業者かどうか判断できない場合はその業者は使わないでください。\n　金融庁ウェブサイトの資金移動業者登録一覧に載っていない業者は違法です。\n　ここから確認できます\nメール・SMS（ショートメッセージサービス）による被害防止対策として、あらかじめ受信拒否設定をしておくことが効果的です。\n！おかしいと思ったら、すぐに家族や友人、警察＃9110（警察相談専用電話）に相談！\n- 消費者ホットライン　　　　１８８　（日本語）\n- 訪日外国人観光客消費者ホットライン 03-5449-0906 英語・中国語・韓国語・タイ語・ベトナム語・フランス語・日本語\n- 金融サービス利用者相談室0570-016811（从ＩＰ電話からは：03-5251-6811）\n- 英語ワンストップ窓口 　　　email: equestion@fsa.go.jp""}, {""sid"": ""S2"", ""question"": ""郵便局について"", ""answer"": ""以下の関連ページに各言語で案内があります。""}, {""sid"": ""S3"", ""question"": ""運転免許証について"", ""answer"": ""滋賀県運転免許センター\n守山市木浜町2294番地　　℡　077-585-1255""}, {""sid"": ""S4"", ""question"": ""住民手続きについて"", ""answer"": ""- 住民基本台帳について (http://www.soumu.go.jp/main_sosiki/jichi_gyousei/c-gyousei/zairyu/related_materials-publicity_leaflets-etc.html)\n- マイナンバー制度について (https://www.digital.go.jp/policies/mynumber) マイナンバーカードについて (https://www.kojinbango-card.go.jp/)\n- 転入・転出について (http://www.soumu.go.jp/main_sosiki/jichi_gyousei/c-gyousei/zairyu/move-in_move-out.html)""}, {""sid"": ""S5"", ""question"": ""在留について"", ""answer"": ""日本に住む外国人には、それぞれの滞在目的に従って在留資格と在留期間が与えられます。おのおのの「在留資格」には活動できる内容が厳格に規定されています。\n関連ページ\n出入国在留管理庁 (http://www.moj.go.jp/isa/index.html)\n在留関係の手続きについては\n在留関係手続き (https://www.moj.go.jp/isa/applications/index.html)\n入国後の在留関係の手続き\n滋賀県在住の方は、\n大阪入国管理局大津出張所\nで行います。\n大阪入国管理局大津出張所 (http://www.moj.go.jp/isa/about/region/osaka/index.html)\n大津市京町3-1-1 大津びわ湖合同庁舎6階　　℡：077-511-4231\n一般的な内容についての相談\n外国人在留インフォメーションセンター・ワンストップ型相談センター（入国管理局）に外国語で問い合わせることもできます。\n外国人在留インフォメーションセンター (http://www.moj.go.jp/isa/consultation/center/japanese.html)\n℡ 0570-013904（ＩＰ, ＰＨＳ, 海外: 03-5796-7112）\n新しい在留資格への移行により、平成24年7月9日より前の住所は住民票には記載されません。 ※これまで市区町村で保管されていた「外国人登録原票」は、平成24年7月9日から法務省で保管されています。\n外国人登録原票に係る開示請求について（法務省HPへリンク） (http://www.moj.go.jp/isa/applications/disclosure/foreigner.html)""}]"
日本語での言い方について,日本語での言い方については、滋賀県国際協会の情報には具体的な言い方の案内は含まれていません。関連する案内は、郵便局の案内や外国人支援サイト、在留関係手続きなどの一般情報ページです。必要に応じて各関連ページをご参照ください。,"[{""sid"": ""S1"", ""question"": ""郵便局について"", ""answer"": ""以下の関連ページに各言語で案内があります。""}]"
名義変更の手続きについてベトナム語通訳依頼,滋賀県国際協会の情報に基づくと、名義変更の手続きに関する直接的なベトナム語通訳の案内は提供されていません。ですが、必要な法的相談や通訳支援については、法テラス滋賀や多言語ダイヤルを利用することが推奨されています。法的相談をベトナム語で受けたい場合は、法テラスの多言語ダイヤル（0570-078377、または日本語以外の言語対応を含む多言語ダイヤル）や滋賀県内の法テラス滋賀窓口に連絡してください。名義変更の具体的手続きや必要書類については、個別の法的助言が必要となるため、専門家への問い合わせをお勧めします。,"[{""sid"": ""S4"", ""question"": ""法律についての相談は"", ""answer"": ""法テラス\n℡　0570-078374（日本語）\n℡　0570-078377（英語、中国語、韓国語、スペイン語、ポルトガル語、ベトナム語、タガログ語)\n℡　03-5366-6008（多言語ダイヤル）\n法テラス滋賀\n大津市浜大津1-2-22　大津商中日生ビル５Ｆ\n℡　050-3383-5454\n滋賀弁護士会\n大津市梅林１-３-３""}]"
離職するにあたって,離職には原則として自己都合の退職と解雇があり、就業規則の定めと会社との話し合いが重要です。民法627条により期間の定めのない労働契約の場合、退職の申し入れから2週間で契約終了となるケースが基本です。解雇の場合は30日前の予告が必要で、予告なしの場合は欠勤日数分の平均賃金を支払います。離職前提で基本手当を受給するには、被保険者期間の要件など一定条件を公共職業安定所が認定する必要があります。詳しくは居住地の公共職業安定所へご相談ください。,"[{""sid"": ""S1"", ""question"": ""退職するときは"", ""answer"": ""自己都合による退職\n退職については、通常就業規則に定めがありますので、あらかじめその内容や手続きについて確認しておきましょう。 　なお、民法（第627条）によれば、期間に定めのない労働契約の場合は，原則として退職の申し入れから２週間後に契約は終了するものとされています。\nただし、急に「辞めたい」と申し入れることは、会社にとっては事務引継ぎなどで困ることもありますので、退職の時期等については会社と充分話し合うことが望ましいでしょう。\n事業主からの解雇\n解雇に当たっては、雇用者は労働者に少なくとも30日前にその予告をする必要があり、30日前に予告しない場合には30日に不足する日数分の平均賃金（解雇予告手当）を支払う必要があります。（労働基準法20条、21条）。""}, {""sid"": ""S2"", ""question"": ""雇用保険"", ""answer"": ""雇用保険制度とは、在職中の労働者の雇用の安定を図り、失業中の労働者に対して、生活の安定と再就職の促進のために失業等給付を行うものです。　失業等給付は、労働者と事業主が支払う保険料によってまかなわれており、日本で雇用されれば外国の失業保険制度の適用を受けていることが立証された者を除き、原則として国籍（無国籍を含む）のいかんに関わらず被保険者となり、事業主を通じて被保険者になります。\n労働者が会社を自己都合、解雇などで離職した場合、次の条件を満たし、公共職業安定所が認めれば基本手当てを受給することができます。\n- 日本国内での就労に制限のない方で日本において反復して就労することが可能な方。\n- 離職日以前２年間に、被保険者期間が通算して１２ヶ月以上ある。（解雇や倒産の場合は離職の日以前１年間に通算６ヶ月以上）\n- 離職したため、被保険者の資格をなくしたことが確認された。\n- 仕事をしたくても仕事に就けない。\n※詳しくは、居住地の公共職業安定所までお問い合わせください。""}, {""sid"": ""S3"", ""question"": ""雇用保険"", ""answer"": ""雇用保険制度とは、在職中の労働者の雇用の安定を図り、失業中の労働者に対して、生活の安定と再就職の促進のために失業等給付を行うものです。　失業等給付は、労働者と事業主が支払う保険料によってまかなわれており、日本で雇用されれば外国の失業保険制度の適用を受けていることが立証された者を除き、原則として国籍（無国籍を含む）のいかんに関わらず被保険者となり、事業主を通じて被保険者になります。\n労働者が会社を自己都合、解雇などで離職した場合、次の条件を満たし、公共職業安定所が認めれば基本手当てを受給することができます。\n- 日本国内での就労に制限のない方で日本において反復して就労することが可能な方。\n- 離職日以前２年間に、被保険者期間が通算して１２ヶ月以上ある。（解雇や倒産の場合は離職の日以前１年間に通算６ヶ月以上）\n- 離職したため、被保険者の資格をなくしたことが確認された。\n- 仕事をしたくても仕事に就けない。\n※詳しくは、居住地の公共職業安定所までお問い合わせください。\n雇用保険の手続きについて (https://www.mhlw.go.jp/stf/seisakunitsuite/bunya/koyou_roudou/koyou/koyouhoken/index_00003.html)""}]"
車の修理をめぐるトラブルについて,滋賀県国際協会の情報には、車の修理トラブル専用の案内は記載されていません。ただし、修理トラブルが法的問題や消費者トラブルに該当する場合は、法テラスや消費者ホットラインなどの公的機関へ相談することが一般的な対応として示されています。具体的な対応は以下の観点で検討してください。1) 契約内容・見積もり・保証期間・修理内容などを確認し、業者との書面でのやり取りを残す。2) 代金未払い・過剰請求・修理の内容に関する不満がある場合は、消費生活センターや法テラスを活用して助言を受ける。3) 重大なトラブル（嘘の修理、過剰請求、未着手の修理を継続する等）の場合は、警察への相談や110番・警察相談専用電話の利用を検討する。なお、滋賀県運転免許センターや警察などの公的機関は、車両の修理自体の斡旋は行わない点に留意してください。,"[{""sid"": ""S4"", ""question"": ""運転免許証について"", ""answer"": ""滋賀県運転免許センター\n守山市木浜町2294番地　　℡　077-585-1255""}, {""sid"": ""S5"", ""question"": ""法律についての相談は"", ""answer"": ""法テラス\n℡　0570-078374（日本語）\n℡　0570-078377（英語、中国語、韓国語、スペイン語、ポルトガル語、ベトナム語、タガログ語)\n℡　03-5366-6008（多言語ダイヤル）\n法テラス滋賀\n大津市浜大津1-2-22　大津商中日生ビル５Ｆ\n℡　050-3383-5454\n滋賀弁護士会\n大津市梅林１-３-３""}]"
在留資格申請の手伝い,滋賀県国際協会の情報に基づくと、在留資格申請の具体的な手続きの案内は掲載されていません。一般的な情報としては、在留資格は滞在目的に応じた在留資格と在留期間が設定され、手続きは出入国在留管理庁および滋賀県在住の方は大阪入国管理局大津出張所で行うことが案内されています。詳しい手続きについては、出入国在留管理庁の関連ページや滋賀県の案内を確認してください。,"[{""sid"": ""S5"", ""question"": ""在留について"", ""answer"": ""日本に住む外国人には、それぞれの滞在目的に従って在留資格と在留期間が与えられます。おのおのの「在留資格」には活動できる内容が厳格に規定されています。\n関連ページ\n出入国在留管理庁 (http://www.moj.go.jp/isa/index.html)\n在留関係の手続きについては\n在留関係手続き (https://www.moj.go.jp/isa/applications/index.html)\n入国後の在留関係の手続き\n滋賀県在住の方は、\n大阪入国管理局大津出張所\nで行います。\n大阪入国管理局大津出張所 (http://www.moj.go.jp/isa/about/region/osaka/index.html)\n大津市京町3-1-1 大津びわ湖合同庁舎6階　　℡：077-511-4231\n一般的な内容についての相談\n外国人在留インフォメーションセンター・ワンストップ型相談センター（入国管理局）に外国語で問い合わせることもできます。\n外国人在留インフォメーションセンター (http://www.moj.go.jp/isa/consultation/center/japanese.html)\n℡ 0570-013904（ＩＰ, ＰＨＳ, 海外: 03-5796-7112）\n新しい在留資格への移行により、平成24年7月9日より前の住所は住民票には記載されません。 ※これまで市区町村で保管されていた「外国人登録原票」は、平成24年7月9日から法務省で保管されています。\n外国人登録原票に係る開示請求について（法務省HPへリンク） (http://www.moj.go.jp/isa/applications/disclosure/foreigner.html)""}]"
娘の薬について,娘さんの薬についての質問は、滋賀県国際協会の情報のみを根拠に事実ベースで回答します。本文中には「ジェネリック医薬品は先発医薬品と同等の有効成分・効果を持ち、特許切れ後に販売されるため安い」との説明があり、日本では医師が処方するお薬の約80％がジェネリックに該当すると記載されています。ただし、薬の種類によってはジェネリックが存在しない場合がある点にも言及されています。娘さんの薬がジェネリック対応可能かは、処方時に「ジェネリックを希望します」と伝えるか、調剤薬局窓口で確認してください。必要であれば、病院や調剤薬局でジェネリック希望カードの画像を見せることも案内されています。なお、具体的な薬名・薬剤情報・適用可否については、滋賀県国際協会の資料だけでは判断できませんので、担当の医療機関へご相談ください。,"[{""sid"": ""S1"", ""question"": ""ジェネリック医薬品は安い！"", ""answer"": ""ジェネリック医薬品（後発医薬品）は先発医薬品と同等の有効成分、同等の効果があるのに、新薬の特許が切れた後販売されるため、先発医薬品より安いお薬です。日本でもジェネリック医薬品がたくさん流通していて、医師から処方されるお薬の、おおよそ80％に達しています。（病院で買う場合も、調剤薬局で買う場合もあります）\nジェネリック医薬品の購入希望の場合は、病院にかかってお薬を買う時や、処方箋を見せて調剤薬局でお薬を買う時に、「ジェネリックを希望します」と伝えましょう。日本語に自信のない人は下の二次元コードから「ジェネリック医薬品希望カード」の画像を出して、病院や調剤薬局の人に見せましょう。（薬の種類によってはジェネリック医薬品が存在しない場合もあります。）""}]"
心理士について,滋賀県国際協会の公開情報の範囲では、心理士（臨床心理士・公認心理師など）の資格要件や認定機関についての公式情報は確認できません。心理士に関する詳細は、一般的には日本心理学会や日本認知行動療法学会、公認心理師制度などの別機関の情報を参照します。滋賀県国際協会が提供する国際交流・通訳・相談等のサービス領域内で心理的サポートを提供する場合があるものの、専門的な心理面の評価・診断・治療を行う専門職としての資格要件には直接言及していません。,[]
教育奨学金について,滋賀県国際協会の情報に基づくと、奨学金は主にJASSO、大学独自、民間・財団、自治体等で募集され、給付型と貸与型の両方があることが一般的です。希望校が決まれば、早めに奨学金情報を収集し、在留資格の制約がある場合もある点に注意してください。,"[{""sid"": ""S1"", ""question"": ""奨学金"", ""answer"": ""各大学での奨学生の募集は、入学後、４月、５月に行われることが一般的ですが、入学前に予約型奨学金の募集をする大学もあります。このため、希望校が決まれば、早めに奨学金の情報を収集しましょう。\n奨学金には、大きく分けて、（1）日本学生支援機構の奨学金（2）各大学が独自に設けている奨学金（3）民間企業や財団法人などの奨学金（4）地方自治体の奨学金があります。募集対象や受給条件はまちまちですが、世帯の経済状況、学力や専攻分野などが審査基準になることが多いです。奨学金には返済の必要のない「給付」と返済が必要な「貸与」の二種類があります。また重複して受給できない奨学金もあります。学校の担当課やホームページなどで情報を収集しましょう。\n＊在留資格について、制約がある場合があります。\n日本学生支援機構（JASSO）\n[対象者] 大学院・大学・短期大学・高等専門学校・専修学校(専門課程)に在学する学生\n日本学生支援機構（JASSO）には、有利子、無利子の奨学金（貸与型）の他、経済的に困難な状況にある優秀な学生に対する給付型の奨学金もあります。\n[連絡先・備考]\n日本学生支援機構（JASSO） (https://www.jasso.go.jp/about/shogakukin)\n＊給付・貸与\n自治体の奨学金\n[対象者] 対象はそれぞれ異なります\n[連絡先・備考] 市町役場（奨学金のない自治体もあります）\n＊給付・貸与\n新聞奨学金\n[対象者] 新聞配達の仕事をする学生\n[連絡先・備考] 各新聞社\n＊給付・貸与\n交通遺児育英会奨学金\n[対象者] 交通事故の遺児や保護者に著しい障がいのある学生\n[連絡先・備考]\n交通遺児育英会奨学金 (http://www.kotsuiji.com/howto/)\n＊給付\n日本教育公務員弘済会\n[対象者] 大学院・大学・高等専門学校・専修学校専門課程の学生\n[連絡先・備考] 滋賀支部　　 　TEL： 077-526-1356\n＊給付・貸与\n坪井一郎・仁子学生支援プログラム\n[対象者] 大学生(3年生以上)や大学院生(入学予定者も可)難民や日系定住者及び中国帰国者の子弟\n[連絡先・備考]\n（社福）さぽうと２１ (http://support21.or.jp)\nTEL：03-5449-1331\n＊給付\nPP奨学金\n[対象者] 日本国籍、永住者、特別永住者\n[連絡先・備考]\n（社福）さぽうと２１ (http://support21.or.jp)\nTEL：03-5449-1331\n＊給付\nびわこ奨学金\n[対象者] 滋賀県内の留学生\n[連絡先・備考]\n（公財）滋賀県国際協会 (http://www.s-i-a.or.jp/index.php/projects/multicultural)\nTEL：077-526-0931\n＊給付""}]"
離婚について,離婚の準拠法は基本的に夫婦の本国方が同一の場合はその法律、同一でない場合は常居所地法、いずれもない場合は密接関連法、ただし一方が日本に常居所のある日本人の場合は日本法が適用されます。日本の法律が適用される場合、協議離婚が可能で、協議が成立しない場合は家庭裁判所の調停・審判・または地方裁判所の判決により離婚できます。各国の離婚法については在日公館にお問い合わせください。,"[{""sid"": ""S1"", ""question"": ""離婚届"", ""answer"": ""- それぞれの夫婦が離婚する場合、どの国の法律が適用されるかという準拠法に深くかかわってきます。\n- 日本では、離婚の準拠法について、第一に夫婦の本国方が同一の時はその法律（共通本国法）により、第二にその共通本国法がない場合において夫婦の常居所地法が同一であるときはその法律によるが、第三にそのいずれの法律もない時は夫婦にもっとも密接な関係のある地の法律（密接関連法）による、とされていますが、これには例外があって、夫婦の一方が日本に常居所がある日本人であるときは、日本の法律によって決められます。\n- 日本の法律が適用される場合、協議離婚をすることができます。協議が成立しない場合は、家庭裁判所の調停や審判による離婚、地方裁判所の判決による離婚のいずれの方法もとることができます。\n- 各国の離婚に関する法律については、各在日公館にお問い合わせください。""}]"
DV被害者に対しての相談,滋賀県内でDV被害を受けた方の相談先として、滋賀県内の市町役場の障害福祉担当課や、滋賀県立障害者福祉センター等の窓口を活用できます。必要に応じて、デートDV110番（https://ddv110.org/）などの専門窓口へ連絡することも推奨されています。なお、離婚など法的手続きが絡む場合は家庭裁判所の調停窓口が案内されています。,"[{""sid"": ""S4"", ""question"": ""悩まず、すぐ相談！"", ""answer"": ""各市町役場　障害福祉担当課\n滋賀県立障害者福祉センター　心身障害者の相談・障害者のスポーツセンター\n（プール、トレーニング室などあり）\n草津市笠山８丁目５番１３０号　℡　077-564-7327\n滋賀県総合教育センター　特別支援教育相談　　発達障害等の子どもについての相談。\n来所（要予約）電話相談　9:00-12:30　13:00-16:30\n野洲市北桜　℡　077-588-2505""}, {""sid"": ""S5"", ""question"": ""離婚についての話し合いがうまくいきません。"", ""answer"": ""家庭裁判所の調停で話し合うことができます。（日本語）\n- 大津家庭裁判所 　℡　077-503-8151\n- 大津家庭裁判所 彦根支部 　℡　0749-22-0167\n- 大津家庭裁判所 長浜支部 　℡　0749-62-0240\n- 京都外国人の夫婦と親子に関する紛争解決センター 　℡　075-692-3555""}]"
住宅 所有権 夫婦,滋賀県内での住宅の「所有権」は、民法の原則により夫婦共有となることが多いです。離婚時には財産分与として、夫婦間の合意または裁判所の判断により分割されます（本問は所有権そのものの取り扱いに関する一般的枠組みの説明にとどめます）。新築・中古を問わず、住宅ローンを伴う場合は在留資格や国籍にかかわらず購入可能ですが、ローンは永住者等特定在留資格を有する方に限られるケースがある点に注意してください。固定資産税は毎年1月1日時点の所有者に対して市町村へ支払います。空き家バンク制度や売買に関する具体的手続きは市町役場の担当窓口や滋賀県の窓口にご確認ください。,"[{""sid"": ""S2"", ""question"": ""住む家を探すには？"", ""answer"": ""住まい探しに役立つ情報です。住宅には、「公営住宅」、「賃貸住宅」、「持ち家」などがあります。\n公営住宅\n所得の低い人など一定の条件を満たす人を対象に、公的な住宅があります。定期的に募集をおこない、抽選によって入居が決定します。滋賀県には県営住宅と、市町によって市営や町営住宅があるところもあります。在留資格や所得の要件があるので、確認してください。\n県営住宅\n滋賀県には、県営住宅が県内各地域にあり、年4回（４月、７月、１０月、１月）募集があります。\n市営町営住宅\nお住まいの市町役場に問い合わせてください。\n賃貸住宅\n一般に、日本では不動産屋で物件を探し、書面で契約を結びます。契約時、物件により、礼金や敷金が必要になります。（礼金は家主へのお礼として支払うお金で戻ってきません。敷金とは退去時に原状回復のために使われ、一部戻ってくる場合もあります。）また、連帯保証人が必要な場合と、家賃保証会社を利用する場合があります。その他、不動産屋への仲介手数料の支払いがあります。契約に火災保険の加入が含まれる場合が一般的です。その他、管理費や２年ごとに更新料を支払う必要がある場合が多いです。\nお役立ちサイト\n- [ 不動産情報検索サイト ] （公社）滋賀県宅地建物取引業協会 (https://www.hatomarksite.com/search/shiga/)\n- [ 外国語が話せる不動産店一覧 ] （公財）日本賃貸住宅管理協会 (https://www.jpm.jp/multilingual/index.html)\n- [ 外国人の民間賃貸住宅への円滑な入居について ]　国土交通省 (https://www.mlit.go.jp/jutakukentiku/house/jutakukentiku_house_tk3_000017.html)\n滋賀県の居住支援・住宅セーフティネット制度\n滋賀県での高齢者世帯、障害者世帯、外国人世帯、子育て世帯の入居を受け入れる民間賃貸住宅等の情報です。\n- 滋賀県のセーフティネット住宅 (https://safetynet-jutaku.mlit.go.jp/guest/apart_list.php?pref=25)\n- 滋賀あんしん賃貸住宅 (https://www.pref.shiga.lg.jp/ippan/kendoseibi/zyuutaku/300196.html)\n火災保険\n住宅は賃貸や持ち家にかかわらず、火災保険に加入する必要があります。\n賃貸アパートやマンションなどの場合、入居時や更新時に「大家」と「入居者」がそれぞれ火災保険に加入するケースが一般的です。建物は大家の資産なので、建物に対する火災保険は大家が加入して保険料を支払い、室内の家具や家電などの家財道具に対する保険は、入居者が加入し保険料を支払います。持ち家であれば建物と家財の両方を補償する火災保険に入ります。\n持ち家\n日本では、不動産を購入する際に国籍や在留資格に基づく制限はありません。ただし住宅ローンの借り入れは、永住者や特別永住者の在留資格をお持ちの方に限られています。年齢や所得、勤続年数などの基準を満たし、審査に通ると住宅ローンを組むことができます。また、要件などを満たせば、確定申告で住宅ローン控除を受けることができます。住宅を購入した後、経済状況に変化があった場合は、住宅ローンの借り換えや返済について、銀行に条件変更の相談をしましょう。\nまた、１月１日に住宅を所有している人は、その資産をもとに算定した固定資産税をお住まいの市町役場に支払います。\n空き家バンク\n空き家の賃貸・売却を希望する人が登録した情報を、空き家の利活用を希望する人に紹介する制度です。希望する市町役場の住宅課に空き家バンクがあるかたずねてください。\n- 空き家バンク (https://www.akiya-athome.jp/buy/25/)\n困ったときの相談窓口　（相談無料）\n入居中・契約の解除・明渡し時のトラブルなどの相談窓口：・滋賀県消費生活センター（彦根）/ TEL 0749-23-0999\n住宅取得や不具合、事業者とのトラブルなど様々な住宅についての相談窓口：・住まいるダイヤル/ TEL 03-3556-5147\n引っ越し先が決まったら、何をしたらいいのでしょう？\n届け出\nお住まいの市町役場に転出届を出します。引っ越し後14日以内に、新住所の役場に転居、転入届を出し、在留カードとマイナンバーカードの住所変更も行います。また、子どもさんがおられる方は、新しい保育園、幼稚園、学校への転入手続きも行います。職場、銀行への連絡や、運転免許証の住所変更も必要です。郵便局へ郵便物の転送届を出しておくと、引っ越し前の住所地に届いた郵便物を新住所に転送してもらえます。\n近所との付き合い\n日本では、引っ越した人が近所の人に挨拶をする習慣があります。近所の人と知り合って、ゴミの収集日や収集場所、災害時の避難場所など地域のルールを教えてもらいましょう。\n自治会\n地域ごとに住民が運営する自治会があります。自治会では、住民同士が地域での暮らしを良くするため、防犯、防災、美化活動を行ったり、地域の子どもたちがスポーツや祭りなどを楽しむ「子ども会」があるなど様々な活動をしています。それらの事業の運営のため、会員は自治会費を支払い、役割分担(ぶんたん)もあります。また、細かな地域の情報が掲載された「回覧板」が回ってきます。自治会は任意加入ですが、ゴミ収集場所の管理を自治会がしている場合など、加入が必要になることもあります。災害時などには近所同士の助け合いが必要になるので、近所とのお付き合いは大切にしましょう。\n※地域によって自治会の有無や活動内容、自治会費は異なりますので、必ず確認してください。""}, {""sid"": ""S3"", ""question"": ""火災保険について"", ""answer"": ""住宅は賃貸や持ち家にかかわらず、火災保険に加入する必要があります。 賃貸アパートやマンションなどの場合、入居時や更新時に「大家」と「入居者」がそれぞれ火災保険に加入するケースが一般的です。建物は大家の資産なので、建物に対する火災保険は大家が加入して保険料を支払い、室内の家具や家電などの家財道具に対する保険は、入居者が加入し保険料を支払います。持ち家であれば建物と家財の両方を補償する火災保険に入ります。""}, {""sid"": ""S4"", ""question"": ""住宅を探しています。"", ""answer"": ""県営住宅や市営住宅の他、民間の住宅もあります。市営住宅については市町役場にたずねましょう。\n- 県営住宅 滋賀県営住宅管理センター (https://shiga-kenei.com) ℡　077-510-1500 ℡　077-510-1501　(外国人専用)\n- 滋賀あんしん賃貸支援事業 (https://www.shiga-anshin.net/)\n- 日本賃貸住宅管理協会 (https://www.jpm.jp/) 日本賃貸住宅管理協会 English (https://www.jpm.jp/foreigner/)\n- ＵＲ賃貸住宅 (https://www.ur-net.go.jp/chintai/kansai/shiga/counter/)\n- VILLAGE HOUSE (ENG, POR) (https://www.villagehouse.jp)\n- 大東建託(多言語 Multilingual) (http://e-heya.kentaku.net/shiga/)\n民間賃貸住宅についての相談は\n滋賀県土木交通部住宅課 (http://www.pref.shiga.lg.jp/h/jutaku/sumai_machi/safetynet/soudan.html)\n℡077-528-4235""}]"
通訳の依頼。,滋賀県国際協会の情報の範囲では、通訳の直接的な依頼窓口は記載がありません。必要な場合は、技術実習や法的相談の窓口（OTIT、法テラスなど）を通じて通訳サービスを紹介してもらうことを検討してください。詳しくは各機関の multilingual受付をご活用ください。,"[{""sid"": ""S2"", ""question"": ""技能実習について"", ""answer"": ""OTIT外国人技能実習機構　母国語相談\nTel 0120-250-147（英語 English）\nTel 0120-250-169 （中国語 中文）\nTel 0120-250-197（タガログ語 Tagalog）\nTel 0120-250-197（タガログ語 Tagalog）\nTel 0120-250-168（ベトナム語 Tiếng Việt）\nTel 0120-250-192（インドネシア語 Indonesia）　 　等々""}, {""sid"": ""S3"", ""question"": ""法律についての相談は"", ""answer"": ""法テラス\n℡　0570-078374（日本語）\n℡　0570-078377（英語、中国語、韓国語、スペイン語、ポルトガル語、ベトナム語、タガログ語)\n℡　03-5366-6008（多言語ダイヤル）\n法テラス滋賀\n大津市浜大津1-2-22　大津商中日生ビル５Ｆ\n℡　050-3383-5454\n滋賀弁護士会\n大津市梅林１-３-３""}]"
タガログ語通訳の依頼。,滋賀県国際協会の情報に基づくと、タガログ語の通訳についての直接的な窓口情報はS1に記載の電話番号があり、OTITの母国語相談窓口がタガログ語を含む対応を行っています。依頼方法の具体的な案内は本文にはありませんが、以下の連絡先を確認してください：- OTIT母国語相談 Tel 0120-250-197（タガログ語）/ 0120-250-168（ベトナム語）等々（英語・多言語対応） なお、滋賀県内の公的な多言語窓口としては法テラス滋賀や滋賀労働局の外国人向け相談窓口も利用可能です。必要に応じてこれらの窓口へお問い合わせください。,"[{""sid"": ""S1"", ""question"": ""技能実習について"", ""answer"": ""OTIT外国人技能実習機構　母国語相談\nTel 0120-250-147（英語 English）\nTel 0120-250-169 （中国語 中文）\nTel 0120-250-197（タガログ語 Tagalog）\nTel 0120-250-197（タガログ語 Tagalog）\nTel 0120-250-168（ベトナム語 Tiếng Việt）\nTel 0120-250-192（インドネシア語 Indonesia）　 　等々""}]"
住民の迷惑行為について,滋賀県国際協会の情報に基づくと、住民の迷惑行為には以下の点に注意してください。1) 迷惑行為を見かけたら、危険を伴う場合を除き自分で対処せず、関係機関へ相談する。2) 住宅周辺の騒音・ごみ出し・公園の使用などの地域ルールは自治会や市町の指導の下で管理される。3) 行為の実態把握が難しい場合は、自治体の消費生活センターや区役所・自治会など適切な窓口に相談する。4) 住民トラブルは個別の事情が多く、解決には記録を残し、公式な窓口に相談することが重要。5) 引っ越し時の挨拶や地域の習慣を守り、自治会活動に参加することで近隣関係の円滑化を図る。,"[{""sid"": ""S4"", ""question"": ""住民手続きについて"", ""answer"": ""- 住民基本台帳について (http://www.soumu.go.jp/main_sosiki/jichi_gyousei/c-gyousei/zairyu/related_materials-publicity_leaflets-etc.html)\n- マイナンバー制度について (https://www.digital.go.jp/policies/mynumber) マイナンバーカードについて (https://www.kojinbango-card.go.jp/)\n- 転入・転出について (http://www.soumu.go.jp/main_sosiki/jichi_gyousei/c-gyousei/zairyu/move-in_move-out.html)""}]"
登校について,滋賀県国際協会の情報に基づくと、登下校は通学路ごとに集団登校・集団下校を行う学校もあり、保護者や地域の見守りが安全確保の一環として設けられています。地域や市町の方針により、個々で通学するケースや見守り活動が行われる場合もあります。（S1）,"[{""sid"": ""S1"", ""question"": ""[小学校デビューQ＆A] 登下校について教えてください。"", ""answer"": ""多くの学校では家から学校までの通学路が決まっています。通学路ごとに集団登校、下校する学校や、個々で通学し、途中に保護者や地域の方が見守りをしているところもあり、子どもの安全を守っています。""}]"
免許の住所変更,免許の住所変更は、運転免許証の住所と登録住所が一致するよう、所持している運転免許センターまたは警察署で手続きを行います。引っ越し後14日以内に新住所へ転居・転入届を出し、在留カードとマイナンバーカードの住所変更も行う必要があります。なお、自治体の手続きは居住地の市町役場で行い、運転免許証の住所変更手続き自体は滋賀県運転免許センター等の窓口で実施します。詳しくは、滋賀県警察の案内をご確認ください。,"[{""sid"": ""S1"", ""question"": ""外国の運転免許証から日本の運転免許証への切り替え"", ""answer"": ""- 外国の運転免許証から日本の運転免許証への切替手続について (https://www.pref.shiga.lg.jp/police/menkyo/kokugai/301012.html)\n- CONVERTING YOUR OVERSEAS DRIVER’S LICENSE TO A JAPANESE LICENSE (https://www.pref.shiga.lg.jp/police/menkyo/kokugai/301012.html#%E8%8B%B1%E8%AA%9E)\n- 외국 운전면허를 국내 운전면허로 교체 신청하시는 분께 (https://www.pref.shiga.lg.jp/police/menkyo/kokugai/301012.html#%E9%9F%93%E5%9B%BD%E8%AA%9E)\n- 外国驾照换领日本驾照须知 (https://www.pref.shiga.lg.jp/police/menkyo/kokugai/301012.html#%E4%B8%AD%E5%9B%BD%E8%AA%9E)\n- TROCA DA CARTEIRA DE HABILITAÇÃO ESTRANGEIRA PARA A CARTEIRA DE HABILITAÇÃO DO JAPÃO (https://www.pref.shiga.lg.jp/police/menkyo/kokugai/301012.html#%E3%83%9D%E3%83%AB%E3%83%88%E3%82%AC%E3%83%AB%E8%AA%9E)\n- CAMBIO DE SU LICENCIA DE CONDUCIR EXTRANJERA A LA LICENCIA JAPONESA (https://www.pref.shiga.lg.jp/police/menkyo/kokugai/301012.html#%E3%82%B9%E3%83%9A%E3%82%A4%E3%83%B3%E8%AA%9E)""}]"
私立中学,滋賀県には市町立中学校のほか、私立中学校も存在します。私立中学校への進学を希望する場合は、各学校の入学案内を確認し、学校ごとに実施される入学選考や出願条件に従って準備します。学区に縛られず私立を選択でき、進路相談は在学中の先生と進学計画を相談するとよいでしょう。,"[{""sid"": ""S1"", ""question"": ""子育て応援シリーズ④ 日本の中学生活とは？"", ""answer"": ""中学校では、小学校の時とは授業内容や学校生活で様々な変化があります。安心して中学生活が送れるよう、中学校について少しご紹介しましょう！\n滋賀県には市町立中学校が93校あります。その他に国立中学校、県立中学校、私立中学校、義務教育学校（小中一貫校）、または特別支援学校あります。（2024年4月1日現在）\n市町立中学校はお住まいの学区によって行く学校が決まっています。\n国立・県立・私立中学への進学を希望する場合は受験があります。受験を希望する人は、小学校高学年くらいから学校の先生と相談して進路を決めていきましょう。\n学校生活について\nQ　中学校ではどのような教科を学びますか？\nA　中学校では主に９つの科目（国語、数学、社会、理科、英語、音楽、美術、保健体育、技術・家庭）を勉強し、教科によって先生が違います。年に4，5回定期試験（中間試験、期末試験）があります。また年に数回実力テストもあり、このテストの結果は進学先を考えるときに参考にします。成績は定期試験の結果、授業への参加状況や遅刻、欠席の状況、提出物（ノートや宿題）で評価され、高校進学にも関わる重要なものです。中学校は義務教育なので落第はありません。\nQ　部活動とは何ですか？\nA　生徒の自主的な活動として部活動があり、基本的に加入は自由です。運動部（野球、サッカー、バスケットボール、陸上、テニスなど）と文化部（美術、吹奏楽、手芸、演劇など）があり、部活動の種類は学校によって異なります。主に放課後や休日に活動します。異なる学年の生徒との交流もあり、大会やコンクールに参加することもあります。\nQ　その他学校生活について教えてください。\nA　多くの中学校では学校ごとに制服があります。制服には夏服と冬服があり、夏服は6月から１０月、冬服は10月から6月まで着ます。体操服も学校で決められたものを着ます。\n通学は学校によって自転車や電車通学が認められているところもあります。自転車通学では、鍵の取り付けやヘルメットの着用、自転車保険への加入が必要です。交通ルールを守って登下校しましょう。\n「中学生チャレンジウィーク」があります。働く大人の姿にふれ、自分の生き方を考える機会として中学２年の時期に５日間の職場体験を経験します。（滋賀県内のすべての公立中学校で実施しています）\nQ　子どもの学校での様子が気になります…。\nA　個人面談の時などで子どもの学校生活や学習についての相談ができます。中学３年生になると、三者面談があり、卒業後の進路や高校受験について生徒・保護者・先生で話し合います。また心配なことがあればその都度先生に相談しましょう。\nQ　中学校でかかる費用にはどのようなものがありますか？\nA　授業料、教科書代は無料ですが、入学準備の費用（制服、体操着、水着、体育館シューズ、カバン、部活動の道具など）や、通年の費用（給食費、副教材・学用品費、PTA会費、遠足・修学旅行費、部活動費、通学関連費など）が必要です。\n※就学援助制度：公立の中学校に就学している生徒の保護者に学用品、通学用品、PTA会費等就学に必要な費用の一部を援助する制度です。生活保護対象の保護者、およびそれに準ずる保護者が対象です。在籍している学校、または市町教育委員会にお問い合わせください。""}]"
在留資格更新について,滋賀県在住者の在留資格の更新は、在留期間の満了前に新しい在留資格の申請を行います。申請先は在留関係の窓口で、必要書類は在留資格の種別によって異なります。最新の手続き情報は滋賀県庁・大阪入国管理局大津出張所・在留関係手続きページで確認してください。,"[{""sid"": ""S1"", ""question"": ""在留について"", ""answer"": ""日本に住む外国人には、それぞれの滞在目的に従って在留資格と在留期間が与えられます。おのおのの「在留資格」には活動できる内容が厳格に規定されています。\n関連ページ\n出入国在留管理庁 (http://www.moj.go.jp/isa/index.html)\n在留関係の手続きについては\n在留関係手続き (https://www.moj.go.jp/isa/applications/index.html)\n入国後の在留関係の手続き\n滋賀県在住の方は、\n大阪入国管理局大津出張所\nで行います。\n大阪入国管理局大津出張所 (http://www.moj.go.jp/isa/about/region/osaka/index.html)\n大津市京町3-1-1 大津びわ湖合同庁舎6階　　℡：077-511-4231\n一般的な内容についての相談\n外国人在留インフォメーションセンター・ワンストップ型相談センター（入国管理局）に外国語で問い合わせることもできます。\n外国人在留インフォメーションセンター (http://www.moj.go.jp/isa/consultation/center/japanese.html)\n℡ 0570-013904（ＩＰ, ＰＨＳ, 海外: 03-5796-7112）\n新しい在留資格への移行により、平成24年7月9日より前の住所は住民票には記載されません。 ※これまで市区町村で保管されていた「外国人登録原票」は、平成24年7月9日から法務省で保管されています。\n外国人登録原票に係る開示請求について（法務省HPへリンク） (http://www.moj.go.jp/isa/applications/disclosure/foreigner.html)""}]"
内職について,滋賀県内の就労に関する情報として、内職（在宅ワーク）に関する特定のガイドラインはS1〜S5には掲載されていません。一般的な就職・労働条件については、ハローワークを通じた職業紹介や労働条件の相談、未成年の就労制限、社会保険加入などの事項が案内されています。内職を始める際は、雇用契約の有無や所得の扱い、税務・保険の適用などを確認するため、滋賀労働局/滋賀労働局雇用環境・均等室（Tel 077-523-1190 相当）や労働条件相談窓口、ハローワークへ相談してください。闇バイト等の犯罪リスクに関する情報も併せて確認してください。,"[{""sid"": ""S1"", ""question"": ""求職"", ""answer"": ""日本国内で就労できる外国人の方は日本人と同じように職業紹介を受ける事ができます。\n公共職業安定所　(ハローワーク)\n職業紹介、就労に関する相談などに応じる国の機関が公共職業安定所です。\n仕事が見つかり労働契約を結ぶ時の重要な決まりや雇用保険についてなど、いろいろな相談も合わせて行われています。""}, {""sid"": ""S2"", ""question"": ""こんな悩み抱えていませんか？"", ""answer"": ""中学を卒業してからは勉強すること、働くこと、いろいろなことを自分で選択する機会が増えます。家や学校以外の居場所もでき、交友関係も広くなります。自由が多くなる分、自己責任も増えていきます。自分のことを守れるように、困ったときの相談先をいくつか紹介します。\n高校生はアルバイトできますか？\n15歳になって最初の3月31日が過ぎた人は就労が認められます。在籍する高校の校則でアルバイトが許可されていれば高校生も働くことができますが、18歳未満の未成年であり、社会での経験がまだ浅いため、以下のように法律で守られています。\n- 就職に当たって、保護者の同意書、年齢証明書、在留カードの提示が求められます。\n- 仕事の内容では、危険や有害な業務について就業の制限又は禁止されています。\n- 就労時間については、深夜業や時間外・休日労働の制限/変形労働時間制の勤務も禁止されています。\n※不当な労働契約や賃金の未払い、パワハラ、セクハラなど劣悪な環境で働かせるブラックバイトもあるので、雇用契約時には、雇用契約書を取り交わし、内容を確認するようにしてください。\n※犯罪行為によって報酬を受け取る\n闇バイト\nが、SNSなどを通して広まっています。決して「高収入」だから、と軽い気持ちで応募してはいけません。身分証や家族の情報などを提供してしまうことによって犯罪組織から抜け出せない手口になっています。自分の個人情報やプライバシーに関することはむやみに提供しないように気を付けましょう。\nいじめ、いやがらせ、セクハラ、解雇など仕事の相談\n- 滋賀労働局　雇用環境・均等室　Tel 077-523-1190\n- 労働条件相談ほっとライン（多言語相談）\n- 闇バイトの相談　警察相談ダイヤル#9110""}, {""sid"": ""S3"", ""question"": ""こんな悩み抱えていませんか？"", ""answer"": ""中学を卒業してからは勉強すること、働くこと、いろいろなことを自分で選択する機会が増えます。家や学校以外の居場所もでき、交友関係も広くなります。自由が多くなる分、自己責任も増えていきます。自分のことを守れるように、困ったときの相談先をいくつか紹介します。\n高校生はアルバイトできますか？\n15歳になって最初の3月31日が過ぎた人は就労が認められます。在籍する高校の校則でアルバイトが許可されていれば高校生も働くことができますが、18歳未満の未成年であり、社会での経験がまだ浅いため、以下のように法律で守られています。\n- 就職に当たって、保護者の同意書、年齢証明書、在留カードの提示が求められます。\n- 仕事の内容では、危険や有害な業務について就業の制限又は禁止されています。\n- 就労時間については、深夜業や時間外・休日労働の制限/変形労働時間制の勤務も禁止されています。\n※不当な労働契約や賃金の未払い、パワハラ、セクハラなど劣悪な環境で働かせるブラックバイトもあるので、雇用契約時には、雇用契約書を取り交わし、内容を確認するようにしてください。\n※犯罪行為によって報酬を受け取る\n闇バイト\nが、SNSなどを通して広まっています。決して「高収入」だから、と軽い気持ちで応募してはいけません。身分証や家族の情報などを提供してしまうことによって犯罪組織から抜け出せない手口になっています。自分の個人情報やプライバシーに関することはむやみに提供しないように気を付けましょう。\nいじめ、いやがらせ、セクハラ、解雇など仕事の相談\n- 滋賀労働局　雇用環境・均等室　Tel 077-523-1190\n- 労働条件相談ほっとライン（多言語相談）\n- 闇バイトの相談　警察相談ダイヤル#9110""}, {""sid"": ""S4"", ""question"": ""入社後、試用期間中の社会保険加入について"", ""answer"": ""「試用期間中は社会保険に加入できない」と言われたことはありませんか。\n日本で就職したときは社会保険に加入して、会社から保険証をもらいます。\n試用期間中は社会保険に入れないと誤解されることがありますが、それは違います。\n社会保険の加入にならないのは、短期アルバイトなど契約期間が2カ月以内の労働者です。 試用期間中は、その後の正式採用を前提とした雇用とみなされますから、雇用主は社会保険に試用期間開始当初から加入させなければなりません。\n試用期間中は市役所の国民健康保険にも入れませんので、無保険にならないよう会社側に社会保険の加入手続きを依頼しましょう。\n年金事務所では社会保険の加入ルールの窓口相談も行っていますので、ご活用ください。""}, {""sid"": ""S5"", ""question"": ""正社員と非正規社員との間の不合理な待遇差が禁止されました！（2020年４月１日施行。中小企業における適用は、2021年４月１日。）"", ""answer"": ""同一企業内における正社員（無期雇用フルタイム労働者）とパートタイム労働者・有期 雇用労働者との間の不合理な待遇の差をなくし、どのような雇用形態を選択しても待遇 に納得して働き続けることができるよう、パートタイム・有期雇用労働法や施行規則、 同一労働同一賃金ガイドライン、パートタイム・有期雇用労働指針が施行されます。\n１ 不合理な待遇差の禁止\n同一企業内において、正社員と非正規雇用労働者との間で、基本給や賞与などの あらゆる待遇について、不合理な待遇差を設けることが禁止されます。 ガイドライン（指針）において、どのような待遇差が不合理に当たるかを例示します。\n２ 労働者に対する待遇に関する説明義務の強化\n非正規雇用労働者は、「正社員との待遇差の内容や理由」などについて、事業主に 説明を求めることができるようになります。 事業主は、非正規雇用労働者から求めがあった場合は、説明をしなければなりません。\n３　行政による事業主への助言・指導等や裁判外紛争解決手続き（行政ADR）の整備\n都道府県労働局において、無料非公開の紛争解決手続きを行います。　「均等待遇」や「待遇差の内容・理由に関する説明」についても、行政ADRの対象となります。\nお問い合わせ　滋賀労働局　077-522-6648""}]"
傷病手当申請について,滋賀支部の協会けんぽに関する情報では、傷病手当金の支給は次の条件のもとで行われます。1) 業務外の事由による病気やケガの療養のための休業であること、2) 医師の証明により就業不能が認定されること、3) 連続する三日間を含み四日以上仕事につけなかったこと、4) 休業期間中に給与の支払いがないこと（事業主の証明が必要）です。支給額は直近12か月の給与の平均の2/3で、勤務先が届け出ている給与総額に基づくため、手取りと異なる場合があります。詳細は協会けんぽ滋賀支部（℡077-522-1099）へ問い合わせください。,"[{""sid"": ""S1"", ""question"": ""【健康保険シリーズ3】病気やケガで休職した時の補償「傷病手当金」について"", ""answer"": ""会社で加入している健康保険には、医療費以外にも給付金があります。\nその一つが「傷病手当金」です。\n病気やケガで長期間仕事を休むと、給料が支払われなくなり生活費に困ることがあります。\nしかし傷病手当金を申請すれば、生活補償として給付金が健康保険より支給されます。\n傷病手当金は、病気休業中に被保険者とその家族の生活を保障するために設けられた制度で、被保険者が病気やケガのために会社を休み、会社から十分な報酬が受けられない場合に支給されます。\n【支給金額】直近１２か月の給与を平均した額の2/3\nただし、勤務先が社会保険に届けを出している給与総額です。手取りの金額とは一致しません。\n【支給の条件】\n1. 業務外の事由による病気やケガの療養のための休業であること\n2. 仕事に就くことができないこと（医師の証明が必要です）\n3. 連続する三日間を含み四日以上仕事につけなかったこと\n4. 休業した期間について給与の支払いがないこと（事業主の証明が必要です）\nその他、傷病手当金の詳細については協会けんぽのHPをご覧いただくか、お電話にてお問合せください。\n協会けんぽ滋賀支部\n℡　077-522-1099 (日本語)""}]"
息子の行動に対する心配,息子さんの行動に対する心配については、まず学校の先生やスクールカウンセラーへ相談しましょう。学校では面談時の通訳対応や、必要に応じた適切な支援が受けられます。学校以外の相談先としては、こどもの人権110番、チャイルドライン、24時間子供SOSダイヤルなどが利用できます。詳細は下記を活用してください。必要であれば地域の保健センターや児童相談所とも連携できます。,"[{""sid"": ""S1"", ""question"": ""困りごとがあれば学校に相談しましょう！"", ""answer"": ""学校ではたくさんの手紙が配(られるので、わからない場合は先生に確認したり、面談の時には通訳をお願いしましょう。悩みや問題があれば、先生やスクールカウンセラーに相談しましょう。\n学校以外で子どもが相談できるところ\n自分のこと、友達のこと、家族のこと、その他の事で悩み、困っていることがあれば相談してください。\n- こどもの人権110番 0120-007-110　月～金8:30 -17:15\n- チャイルドライン 0120-99-7777　毎日　16:00 - 21:00\n- 24時間子供SOSダイヤル 0120-0-78310　2４時間対応（年末年始も可）""}]"
生活困窮者,滋賀県国際協会の情報に基づき、生活困窮者に関する支援として、まずお住まいの市役所の福祉の窓口または社会福祉協議会へ相談してください。社会的包摂サポートセンター よりそいホットライン（Tel: 0120-279-338）も利用できます。住居確保給付金は雇用状況の変化に応じて家賃相当額を家主へ支給する制度で、申請は居住地域の市区町村または町の社会福祉協議会を通じて行います。滋賀県では県営住宅での一時受入れも実施しています。申込先は県庁土木交通部住宅課（Tel: 077-528-4234）です。障害のある方には自立支援医療・障害福祉サービス等が提供され、教育資金貸付制度・教育ローンなどの教育支援も案内されています。」「出典はすべてS1〜S5の情報を基にしています。,"[{""sid"": ""S1"", ""question"": ""生活に困ったら"", ""answer"": ""市役所の福祉の窓口または、社会福祉協議会に相談しましょう。\n社会的包摂サポートセンター　よりそいホットライン\nTel: 0120-279-338""}, {""sid"": ""S2"", ""question"": ""新型コロナウイルス感染症の影響を受けた方への生活支援について"", ""answer"": ""住居確保給付金（家主さんに直接支払われる家賃）\n対象\n離職・廃業から２年以内または休業等により収入が減少し、離職等と同程度の状況にある方\n支給期間\n原則３カ月（最長９カ月まで）\n支給額\n家賃相当額を自治体から家主さんに支給\n申請方法\n市にお住まいの方は各市。町にお住まいの方は各町の社会福祉協議会\nご案内\n住居確保給付金のご案内はこちらから (https://www.mhlw.go.jp/content/000626236.pdf)\n★滋賀県では県営住宅での一時的な受入れを行っています。\n対象\n新型コロナウイルスの感染症に起因する解雇等により住宅の退去を余儀なくされた方\n入居期間\n最長一年間\n申込方法\n県庁土木交通部住宅課へお電話　（℡　０７７－５２８－４２３４）\nその他、生活にお困りの方は、お住まいの市町の福祉課や社会福祉事務所で相談しましょう！""}, {""sid"": ""S3"", ""question"": ""年金制度"", ""answer"": ""公的年金制度は、老齢、障害または死亡時の本人および遺族の生活保障の観点から、日本国内に住むすべての人について、一定の要件のもとに国籍を問わず適用しています。外国人の場合、1年以上の日本滞在を予定している人が対象となります。\n厚生年金保険\n給付の種類\n老齢厚生年金、障害厚生年金、遺族厚生年金\n国民年金\n20歳から59歳までの方で、厚生年金保険などに加入していない場合は国民年金に加入しなければいけません。\nお問い合わせ\n各市町村国民年金担当係""}, {""sid"": ""S4"", ""question"": ""障害者手帳を取得すると次のようなサービスを受けられます"", ""answer"": ""自立支援医療\n心身の障害を除去・軽減するための医療について、医療費の自己負担額が軽減されます。\n障害福祉サービス\n居宅介護、重度訪問介護、行動援護、同行援護、短期入所、グループホーム、療養介護、生活介護、施設入所支援などがあります。\n障害児通所支援給付サービス\n児童発達支援、医療型児童発達)支援、放課後等デイサービスなどがあります。\n福祉手当\n手帳の区分及び等級等に応じ、手当や年金が支給される場合があります。（所得制限などあり。重複して手当等受給できない場合があります）\nその他\n各種所得控除、公共施設の利用料の減免、交通機関の運賃割引、公営住宅の優先入居どがあるほか、就労支援や就職時に障害に応じた配慮を受けやすくなることがあります。""}, {""sid"": ""S5"", ""question"": ""教育資金貸付制度、教育ローン"", ""answer"": ""＊在留資格について、制約がある場合があります。\n金利、返済期間等について、確認してから借りましょう。\n生活福祉資金教育貸付 (教育支援金)\n[対象者] 低所得者世帯\n[連絡先・備考] 滋賀県社会福祉協議会 　 TEL：077-567-3903\n＊無利子\nひとり親家庭・寡婦福祉資金の修学資金、就学支度金の貸付\n[対象者] 母子父子家庭\n[連絡先・備考]\n滋賀県健康医療福祉部子ども・青少年局 TEL：077-528-3554\n大津市在住者は大津こども家庭課　 TEL：077-528-2686\n＊無利子\n教育一般貸付 国の教育ローン\n[連絡先・備考]\n日本政策金融公庫 (https://www.jfc.go.jp/n/finance/search/ippan.html)\n教育コールセンター TEL：0570-008656\n＊有利子\n銀行の教育ローン\n[連絡先・備考] 各銀行（銀行により金利が異なります）\n＊有利子""}]"
年金の支払について,年金の保険料は、国民年金・厚生年金の加入期間に応じて納付します。納付期間が10年以上必要となり、納付済み期間・免除・学生納付特例等の納付猶予期間・第3号被保険者期間・合算対象期間を合算して要件を満たすことが求められます。詳しい納付方法や納付期間の確認は、ねんきん定期便・ねんきんネット等で確認してください。正しい納付・確認の手続きや問い合わせ先については、各市町村の国民年金担当係にご相談ください。,"[{""sid"": ""S2"", ""question"": ""自分の年金情報をチェック！"", ""answer"": ""毎年1回、誕生月に国民年金および厚生年金保険の加入者（被保険者）には、年金加入記録の確認のため、「ねんきん定期便」が届きます。届出住所が現住所と異なっている場合、「ねんきん定期便」が届きませんので、住所が変った場合は住所変更を届け出ましょう。\n年金記録の確認は\nねんきんネット (https://www.nenkin.go.jp/n_net/index.html)\n年金定期便・年金専用ダイヤル　℡　0570-058-555\n★\t保険料納付期間が１０年に満たない方も年金事務所で確認しましょう！ 年金記録に漏れがないか。（基礎年金番号が他にないか。別の氏名で登録されたものがないか。 合算対象期間がないか。（特に永住者、日本国籍の方は海外の滞在期間が合算されます。）\n★\t資格期間を満たすために次のような方法があります。 ６０歳から６５歳まで国民年金に任意加入する。（1965年4月1日以前生まれの方は最長７０歳まで任意加入できます） 国民年金後納制度を使い未納期間を解消する。（2018年9月30日まで５年後納制度が適用されます）""}, {""sid"": ""S3"", ""question"": ""老齢年金"", ""answer"": ""老齢年金では、どの人にも共通な基礎となる年金を老齢基礎年金といいます。国民年金の加入者は、この老齢基礎年金を受給しますが、厚生年金の加入者は、これに厚生年金部分を加算した金額を受給します。老齢基礎年金は、６０歳まで４０年間保険料を全額支払った場合、年間(779,300円（2017年度）の満額の年金額になります。老齢年金を受給するための年齢はこれまでどおりで６５歳からですが、希望すれば繰り上げ支給や繰り下げ支給もあります。また、厚生年金では、６０歳から６５歳まで、生年月日や性別など一定の要件に基づき、特別支給の老齢厚生年金が支給されます。""}, {""sid"": ""S4"", ""question"": ""年金を受け取るために必要な期間が１０年に短縮されました"", ""answer"": ""これまでは、老齢年金を受け取るためには、保険料納付済等期間が25年以上必要でしたが、2017年8月1日から、10年になりました。（遺族年金・障害年金の受給要件はこれまでどおり変更ありません。）\n老齢年金の受給資格は、以下の４項目をあわせた期間が１０年以上です。\n1. 保険料納付期間（国民年金保険料納付済み期間、厚生年金被保険者加入期間）\n2. 保険料免除、学生納付特例等の納付猶予を受けた期間\n3. 第３号被保険者期間（加入者に扶養されている被保険者）\n4. 合算対象期間（カラ期間） ＊\n＊4. のカラ期間は、年金額に反映されませんが、加入期間には計算される合算対象期間です。\n★ 合算対象期間 には、次のようなものがあります。\n日本国籍を取得した方、永住者等が年金の請求手続きをする際、海外在住期間があった場合に、このことを証明する書類が必要となります。このため、これまでのパスポートも大切に保管しておくことが大切です。また、2012年7月9日以前の「外国人登録原票」は、法務省で保管されています。このため、それ以前の出入国を証明するためには、出入(帰)国記録に係わる開示請求することになります。\n出入（帰）国記録に係る開示請求 (http://www.moj.go.jp/isa/applications/disclosure/record.html)""}]"
職場のストレス問診票の記入,滋賀県国際協会の情報に基づくと、職場のストレス問診票の記入については、労働関係のトラブルがあった場合に相談先として挙げられている窓口や、労働条件相談の利用を検討してください。具体的な問診票の記入方法は提供されていませんが、問題がある場合は滋賀労働局 雇用環境・均等室へ相談することが推奨されています。窓口連絡先はTel 077-523-1190です。,"[{""sid"": ""S1"", ""question"": ""労働トラブルの相談"", ""answer"": ""労働関係のトラブルがあった場合は、下記の労働基準監督署に相談しましょう。（労働契約、就労規則、給料明細などがあれば持参してください）""}]"
自動支払い処理について,滋賀県国際協会の情報に基づくと、自動支払い処理に関する具体的な手続きはS1～S5の範囲には記載がありません。よって、該当情報としては以下の一般的なガイドラインのみ示します。自動支払い処理についての詳しい指示は、金融庁や公式窓口の案内をご確認ください。,"[{""sid"": ""S1"", ""question"": ""金融トラブルにご注意！！"", ""answer"": ""電子マネーのトラブル\nインターネット有料サイトの利用料金未納を騙った架空請求など、詐欺行為の支払手段として現金だけでなく、電子マネーを悪用した被害が急増しています。\n※※プリペイドカードなどの電子マネーは、相手にカードを渡さなくても、カードに記載された番号等を伝えるだけで電子マネーの価値を譲渡したことになります。\n詐欺です！：コンビニで電子マネーカードを買って、カード番号を教えて。\n！身に覚えのない請求等に返信、連絡しないでください。\n！事業者、法務省や裁判所などが「未納料金などの支払い」の名目で、　　コンビニで電子マネーカードを購入させることは絶対にありません。\nマネー・ロンダリング（犯罪に関係するお金を持っている人をわからなくすること）は違法です！\n詐欺です！：「このお金をあなたの口座から送金してほしいんです。一万円あげますから。」\n！口座を他人にあげるなどの行為は違法です。\n！違法な業者かどうか判断できない場合はその業者は使わないでください。\n　金融庁ウェブサイトの資金移動業者登録一覧に載っていない業者は違法です。\n　ここから確認できます\nメール・SMS（ショートメッセージサービス）による被害防止対策として、あらかじめ受信拒否設定をしておくことが効果的です。\n！おかしいと思ったら、すぐに家族や友人、警察＃9110（警察相談専用電話）に相談！\n- 消費者ホットライン　　　　１８８　（日本語）\n- 訪日外国人観光客消費者ホットライン 03-5449-0906 英語・中国語・韓国語・タイ語・ベトナム語・フランス語・日本語\n- 金融サービス利用者相談室0570-016811（从ＩＰ電話からは：03-5251-6811）\n- 英語ワンストップ窓口 　　　email: equestion@fsa.go.jp""}]"
県営住宅について,滋賀県には県営住宅があり、年4回（4月・7月・10月・1月）募集があります。具体的な募集や条件は滋賀県の「県営住宅管理センター」や市町の窓口で確認してください。外国人専用の窓口情報も案内されています（県営住宅管理センター：077-510-1500/077-510-1501、外国人専用）、民間賃貸の相談窓口も併せて案内されています。,"[{""sid"": ""S1"", ""question"": ""住宅を探しています。"", ""answer"": ""県営住宅や市営住宅の他、民間の住宅もあります。市営住宅については市町役場にたずねましょう。\n- 県営住宅 滋賀県営住宅管理センター (https://shiga-kenei.com) ℡　077-510-1500 ℡　077-510-1501　(外国人専用)\n- 滋賀あんしん賃貸支援事業 (https://www.shiga-anshin.net/)\n- 日本賃貸住宅管理協会 (https://www.jpm.jp/) 日本賃貸住宅管理協会 English (https://www.jpm.jp/foreigner/)\n- ＵＲ賃貸住宅 (https://www.ur-net.go.jp/chintai/kansai/shiga/counter/)\n- VILLAGE HOUSE (ENG, POR) (https://www.villagehouse.jp)\n- 大東建託(多言語 Multilingual) (http://e-heya.kentaku.net/shiga/)\n民間賃貸住宅についての相談は\n滋賀県土木交通部住宅課 (http://www.pref.shiga.lg.jp/h/jutaku/sumai_machi/safetynet/soudan.html)\n℡077-528-4235""}]"
外国離婚の承認裁判について,滋賀県国際協会の情報に基づくと、外国離婚の承認裁判について具体的な手続きの記載はS1には含まれておらず、離婚の準拠法や日本法の適用等の一般的事項が示されています。外国離婚の承認裁判に関する詳細な手続きや要件については、在日公館や法務省・家庭裁判所へお問い合わせください。,"[{""sid"": ""S1"", ""question"": ""離婚届"", ""answer"": ""- それぞれの夫婦が離婚する場合、どの国の法律が適用されるかという準拠法に深くかかわってきます。\n- 日本では、離婚の準拠法について、第一に夫婦の本国方が同一の時はその法律（共通本国法）により、第二にその共通本国法がない場合において夫婦の常居所地法が同一であるときはその法律によるが、第三にそのいずれの法律もない時は夫婦にもっとも密接な関係のある地の法律（密接関連法）による、とされていますが、これには例外があって、夫婦の一方が日本に常居所がある日本人であるときは、日本の法律によって決められます。\n- 日本の法律が適用される場合、協議離婚をすることができます。協議が成立しない場合は、家庭裁判所の調停や審判による離婚、地方裁判所の判決による離婚のいずれの方法もとることができます。\n- 各国の離婚に関する法律については、各在日公館にお問い合わせください。""}]"
郵送物について,滋賀県国際協会の情報を根拠に事実ベースで回答します。郵送物に関する具体的な手続きは、転出届・転居転入手続きと郵便物転送の案内が含まれます。引越し時には、市町役場へ転出届を提出し、転居後14日以内に新住所の市町役場へ転居・転入届を提出します。郵便局には郵便物の転送届を出しておくと、旧住所へ届いた郵便物が新住所へ転送されます。自治会や地域の情報は地域ごとに異なる場合があるため、所属自治会の方針を確認してください。,"[{""sid"": ""S4"", ""question"": ""引っ越し先が決まったら、何をしたらいいのでしょう？"", ""answer"": ""届け出\nお住まいの市町役場に転出届を出します。引っ越し後14日以内に、新住所の役場に転居、転入届を出し、在留カードとマイナンバーカードの住所変更も行います。\nまた、子どもさんがおられる方は、新しい保育園、幼稚園、学校への転入手続きも行います。職場、銀行への連絡や、運転免許証の住所変更も必要です。郵便局へ郵便物の転送届を出しておくと、引っ越し前の住所地に届いた郵便物を新住所に転送してもらえます。\n近所との付き合い\n日本では、引っ越した人が近所の人に挨拶をする習慣があります。近所の人と知り合って、ゴミの収集日や収集場所、災害時の避難場所など地域のルールを教えてもらいましょう。\n自治会\n地域ごとに住民が運営する自治会があります。自治会では、住民同士が地域での暮らしを良くするため、防犯、防災、美化活動を行ったり、地域の子どもたちがスポーツや祭りなどを楽しむ「子ども会」があるなど様々な活動をしています。それらの事業の運営のため、会員は自治会費を支払い、役割分担もあります。また、細かな地域の情報が掲載された「回覧板」が回ってきます。自治会は任意加入ですが、ゴミ収集場所の管理を自治会がしている場合など、加入が必要になることもあります。災害時などには近所同士の助け合いが必要になるので、近所とのお付き合いは大切にしましょう。\n※地域によって自治会の有無や活動内容、自治会費は異なりますので、必ず確認してください。""}, {""sid"": ""S5"", ""question"": ""引っ越し先が決まったら、何をしたらいいのでしょう？"", ""answer"": ""届け出\nお住まいの市町役場に転出届を出します。引っ越し後14日以内に、新住所の役場に転居、転入届を出し、在留カードとマイナンバーカードの住所変更も行います。また、子どもさんがおられる方は、新しい保育園、幼稚園、学校への転入手続きも行います。職場、銀行への連絡や、運転免許証の住所変更も必要です。郵便局へ郵便物の転送届を出しておくと、引っ越し前の住所地に届いた郵便物を新住所に転送してもらえます。\n近所との付き合い\n日本では、引っ越した人が近所の人に挨拶をする習慣があります。近所の人と知り合って、ゴミの収集日や収集場所、災害時の避難場所など地域のルールを教えてもらいましょう。\n自治会\n地域ごとに住民が運営する自治会があります。自治会では、住民同士が地域での暮らしを良くするため、防犯、防災、美化活動を行ったり、地域の子どもたちがスポーツや祭りなどを楽しむ「子ども会」があるなど様々な活動をしています。それらの事業の運営のため、会員は自治会費を支払い、役割分担(ぶんたん)もあります。また、細かな地域の情報が掲載された「回覧板」が回ってきます。自治会は任意加入ですが、ゴミ収集場所の管理を自治会がしている場合など、加入が必要になることもあります。災害時などには近所同士の助け合いが必要になるので、近所とのお付き合いは大切にしましょう。\n※地域によって自治会の有無や活動内容、自治会費は異なりますので、必ず確認してください。""}]"
保護者への連絡について,滋賀県国際協会の情報に基づくと、保護者への連絡が必要な場合は、学校や関係機関と連携して適切に対応します。具体的な連絡手順は質問の状況により異なるため、状況を明確にしてから、該当する窓口へ連絡してください。保護者への情報伝達や連携に関する詳細は、地域の児童・子育て関連窓口に相談することを推奨します。,"[{""sid"": ""S4"", ""question"": ""[小学校デビューQ＆A] 保護者はどのように学校と関わりますか？"", ""answer"": ""小学校にはPTAや保護者会があります。保護者と教職員が協力し合い、学校に通う子どもたちの健全な成長を見守る活動を行うのが、主な目的です。活動を支えるための入会金も必要になります。学校によって活動内容や運営方法は様々なので、入学時の案内を確認してください。""}]"
取得した資格の雇用会社への返上について,滋賀県国際協会の情報には、取得した資格の雇用会社への返上に関する直接的な記載はありません。一般的には、所属機関の就業規則や労働契約、業務上の義務に従い、雇用契約や就業規則の定めに従って対応します。具体的な対応については、所属する雇用先の人事部門または就業規則を確認してください。,"[{""sid"": ""S1"", ""question"": ""雇用保険"", ""answer"": ""雇用保険制度とは、在職中の労働者の雇用の安定を図り、失業中の労働者に対して、生活の安定と再就職の促進のために失業等給付を行うものです。　失業等給付は、労働者と事業主が支払う保険料によってまかなわれており、日本で雇用されれば外国の失業保険制度の適用を受けていることが立証された者を除き、原則として国籍（無国籍を含む）のいかんに関わらず被保険者となり、事業主を通じて被保険者になります。\n労働者が会社を自己都合、解雇などで離職した場合、次の条件を満たし、公共職業安定所が認めれば基本手当てを受給することができます。\n- 日本国内での就労に制限のない方で日本において反復して就労することが可能な方。\n- 離職日以前２年間に、被保険者期間が通算して１２ヶ月以上ある。（解雇や倒産の場合は離職の日以前１年間に通算６ヶ月以上）\n- 離職したため、被保険者の資格をなくしたことが確認された。\n- 仕事をしたくても仕事に就けない。\n※詳しくは、居住地の公共職業安定所までお問い合わせください。\n雇用保険の手続きについて (https://www.mhlw.go.jp/stf/seisakunitsuite/bunya/koyou_roudou/koyou/koyouhoken/index_00003.html)""}]"
心療内科について,滋賀県内の心療内科については、滋賀県国際協会の情報源だけでは個別の医療機関情報は提供されていません。医療ネットしがWebサイトをご覧ください。【S2】,"[{""sid"": ""S2"", ""question"": ""滋賀県の病院、医院の情報は"", ""answer"": ""医療ネットしがWebサイトをご覧ください。\n対応言語：英語、ハングル、中文""}]"
子どもの様子について,滋賀県の窓口や支援窓口を利用して、出生届・児童手当・医療費助成などの手続きを行い、出生後30日以内の在留許可申請や国籍取得・パスポート手続きは大使館・領事館で行います。産後健診・新生児訪問・予防接種・乳幼児健診・離乳食教室などは無料で利用でき、地域の保健センターや発達支援センター、児童相談所・ファミリー・サポート・センター等で相談・支援を受けられます。ヤングケアラー支援や子育て支援団体・居場所、子ども食堂等の地域の支援を活用してください。教育現場では面談時の通訳依頼や相談窓口を活用し、必要時にはこどもの人権110番・チャイルドライン・24時間子供 SOSダイヤル等を利用します。,"[{""sid"": ""S1"", ""question"": ""子育て応援シリーズ① 子どもが生まれたら"", ""answer"": ""子どもが生まれたらお住まいの役所で様々な手続きがあります。外国籍の子どもには、領事館（大使館）や出入国管理局での手続きも必要になります。\n役所でする手続き\n1. 出生届\n2. 児童手当\n3. 子どもの健康保険\n4. 福祉医療費助成（乳幼児）\n大使館・出入国管理局での手続き\n- 生まれてから30日以内に出入国管理局で子どもの在留許可申請をします。\n- 各国領事館 （大使館）で子どもの国籍を取得し、パスポートの申請をします。\n子どもとお母さんの健康のために\n出産後、子どもとお母さんの健康を定期的に確認します。子どもの各種健診や教室、訪問のほとんどが無料なので積極的に利用しましょう。心配なことがあれば相談しましょう。\n- 産後健診\n- 新生児訪問\n- 予防接種\n- 乳幼児健診\n- 離乳食教室\n子どもの成長、発達が気になる．．．\nまずは乳幼児健診の時やかかりつけ医に相談しましょう。\n市町の保健センター\n市町の発達支援室・センター (https://www.pref.shiga.lg.jp/file/attachment/5397382.pdf)\n発達障害に関する外国人保護者向けパンフレット\n発達障害情報・支援センター (http://www.rehab.go.jp/ddis/world/brochure/)\n育児の不安を相談したい．．．\n市町の家庭児童相談室　市町の役場で相談しましょう。\nこころんだいやる電話相談\nTEL： 077-524-2030\n（子ども・子育て応援センター　電話、または面接での相談ができます）\n児童相談所相談専用ダイヤル\nTEL：0120-189-783\n虐待かな．．．\n児童相談所虐待対応ダイヤル\nTEL：189\n子どもを一時的に預かってほしい．．．（事前登録要）\nファミリー・サポート・センター\nファミリー・サポート・センター (https://www.hugnavi.net/child/family.php)\n「子どもを預けたい人」と「子どもを預かりたい人」を結び付け、保育所までの送迎や、保護者の病気などの際に子どもを預かったりします。\n一時預かり事業\n保護者の病気や用事の時に子どもを保育所などで一時的に預かります。\n病児・病後児保育\n病児・病後児保育 (https://hugnavi.net/child/byouji.php)\n子どもが病気の際、保護者が家庭での保育が難しい場合に、医療機関や保育所等で子どもを一時的に保育します。\n働いているので子どもを保育所で預かってもらいたい．．．\n保育所、認定こども園、認可外子ども施設などで、０歳から子どもを預かってもらえます。施設の利用にはお住まいの市町から利用のための認定を受ける必要があります。市町の役場で相談しましょう。\n一人で子どもを育てています．．．\n経済支援、就労支援のほかに、家事や子育てのサポートが受けられます。\n市町の役場で相談しましょう。\n子どもとお出かけしたい．．．\n地域子育て支援拠点\n地域子育て支援拠点 (https://hugnavi.net/child/base.php)\n子育て中の親子が集い、相互交流や子育ての不安・悩みを相談できる場です。\n児童館\n児童館 (https://hugnavi.net/child/house.php)\n健全な遊びを通して、子どもの発達を援助していく施設です。\n♡滋賀県立びわ湖こどもの国\n滋賀県立びわ湖こどもの国 (http://www.biwa.ne.jp/~kodomo92/sp/index.html)\nたくさんの遊具がある大型の児童館です。　高島市安曇川町北船木\n悩みがあれば、相談しましょう！\n★言葉が心配なときは、「しが外国人相談センター」にお電話ください。\nTEL：077-523-5646\nSHIGA SMILE BABY PROJECT　～ありがとうの贈り物～\nSHIGA SMILE BABY PROJECT　～ありがとうの贈り物～ (https://www.pref.shiga.lg.jp/ippan/kosodatekyouiku/kosodate/319567.html)\n滋賀で生まれた子どもやその家族へ「おめでとう、ありがとう」の思いをこめて、社会全体で出産・子育てを応援しているというメッセージとともに「ありがとうの贈り物」をお届けします。\n対象：１歳未満の赤ちゃん　※事前申し込みが必要です。""}, {""sid"": ""S2"", ""question"": ""子育て応援シリーズ②　ヤングケアラーって？　家族を丸ごと支援"", ""answer"": ""みなさん、こんにちは。滋賀県子ども青少年局です。本県では、「子ども・子ども・子ども」をキーワードに、「子どものために、子どもとともにつくる県政」を目指しています。 みなさんは、ヤングケアラーを知っていますか？ヤングケアラーとは、本来大人が担う家事や家族の世話を日常的に背負う子どもたちのことです。例えば、このようなケースがあります。\nケース１：家事や幼いきょうだいの世話をしている\nケース２：高齢の家族がいて、見守りや介護をしている\nケース３：障害や病気のある家族がいて、介助や看病をしている\nケース４：家計を支えるため、放課後は働いている\nケース５：通訳等により、家族の意思疎通を支えている\n子どもにとって、「お手伝い」は成長につながる素晴らしい経験になります。しかし、その成長に見合わない重い責任や負担が続くことで、心や体の健康に影響が出てしまったり、子どもらしい時間を過ごすことができず、将来への夢や進路をあきらめてしまう子どもたちがいます。本人は「家族のサポートは当たり前」と考え、大好きな家族のため、苦しくても自身のSOSに気づかず相談できない、ということがあります。 本県では、このような子ども達と様々な問題を抱えるご家庭に「家族丸ごと支援」をキーワードに、ヤングケアラー支援を行っております。NPO法人を通して、相談窓口や似た境遇の仲間が集う場を提供している他、ヤングケアラー・コーディネーターを設置して支援にも取り組んでいます。\n外国籍の子どもたちの中には、言葉の壁のために本当の気持ちをいっぱい表現できず我慢したり、家族の通訳のために自分の時間が持てなかったりする子どもさんもいらっしゃいます。子どもらしく地域や家庭の中で「遊ぶ」「学ぶ」時間が保障される社会の実現のために、皆で支援していきましょう。子どもは社会の宝です。悩んでいるお子さん、ご家庭は、是非相談してください。　　　　（ヤングケアラー・コーディネーターより）\nこころんダイヤル\n子ども・青少年、保護者の悩みをお聞きします。\nTEL　077-524-2030\n午前9:00～午後9:00（12/29～1/3を除く）\n午後9:00以降は、24時間子どもSOSダイヤルにつながります。\n各市町相談窓口のご案内\n受けられる支援・サービスについてお問い合わせください。\nhttps://www.pref.shiga.lg.jp/file/attachment/5355506.pdf (https://www.pref.shiga.lg.jp/file/attachment/5355506.pdf)\n子どもたちがもっと笑顔に！　～いつもと違う場所で～\n滋賀県内には、子ども達を支えてくれる団体が沢山あります。\n「ヤングケアラー支援団体」（★）は、子どもたちが家庭などのことでしんどい時、ほっとしたい時、相談したい時に支えてくれる団体です。「子ども食堂」は、子どもたちが、無料、または低額で食事を楽しめる場です。（地域の大人も参加できる団体もあります。） 「居場所」は、子どもたちが好きに過ごせるスペースです。ちょっと遊びに行ってみよう！\nNPO法人 こどもソーシャルワークセンター\n- 内容: ★ヤングケアラー支援居場所・お弁当（配食）キャンプ\n- 開催場所: 大津市観音寺　9-8\n- 期間: 毎日\n- 問い合わせ先: 077-575-4378 https://liff.line.me/1645278921-kWRPP32q/?accountId=294hlbww (https://liff.line.me/1645278921-kWRPP32q/?accountId=294hlbww)\nNPO法人　芹川の河童\n- 内容: ★ヤングケアラー支援居場所・オンライン相談室\n- 開催場所: 彦根市河原2-3-4\n- 期間: 毎日\n- 問い合わせ先: 0749-20-9084 https://cswc2016.jp/ (https://cswc2016.jp/)\n多文化共生支援センター　SHIPS\n- 内容: 多文化子ども食堂\n- 開催場所: 草津市 草津1-13-12\n- 期間: 土曜\n- 問い合わせ先: 077-561-5110\nかんちゃんの小さな家\n- 内容: 多文化共生地域交流会・子ども食堂\n- 開催場所: 近江八幡市安土町浄楽寺956-2\n- 期間: 年10回\n- 問い合わせ先: 090-3708-3315 https://kancyan-house.com/contact/ (https://kancyan-house.com/contact/)\nNPO法人　やんちゃ寺\n- 内容: 10代の居場所・子ども食堂\n- 開催場所: 草津市内\n- 期間: 第１、３、５土曜\n- 問い合わせ先: https://yanchadera.wixsite.com/yanchadera (https://yanchadera.wixsite.com/yanchadera)\nぱらでいろ\n- 内容: 居場所・子ども食堂\n- 開催場所: 愛荘町愛知川13-2\n- 期間: 第３金曜 夕食時\n- 問い合わせ先: 090-4030-1492 https://twitter.com/paradeiro12123 (https://twitter.com/paradeiro12123)\n大津　オルタナティブスクールトライアンフ\n- 内容: フリースクール・居場所 、水彩画教室\n- 開催場所: 大津市浜大津4-3-25\n- 期間: 火・水・金曜日\n- 問い合わせ先: 050-5374-0311 https://www.otsu-triumph.com/ (https://www.otsu-triumph.com/)\nちゃいるどビレッジ\n- 内容: こどもとおとなのサードプレイス（居場所）\n- 開催場所: 大津市比叡平2-39-4\n- 期間: 第４土曜 10～16時\n- 問い合わせ先: email：chimihirano@gmail.com\n・確認のため、連絡をしてからお出かけください。\n♪ もっといろんな子どもの居場所や食堂、遊び場があるよ ♪\n- 遊べる・学べる淡海子ども食堂（滋賀県内の子ども食堂）\n- 『しがこども体験学校』 「ふれあい」、「くらし・創作」、「自然」、「里山・田んぼ」、「文化芸術・歴史」の5つのテーマでさまざまな体験プログラムがあります。""}, {""sid"": ""S3"", ""question"": ""子育て応援シリーズ②　ヤングケアラーって？　家族を丸ごと支援"", ""answer"": ""みなさん、こんにちは。滋賀県子ども青少年局です。本県では、「子ども・子ども・子ども」をキーワードに、「子どものために、子どもとともにつくる県政」を目指しています。 みなさんは、ヤングケアラーを知っていますか？ヤングケアラーとは、本来大人が担う家事や家族の世話を日常的に背負う子どもたちのことです。例えば、このようなケースがあります。\nケース１：家事や幼いきょうだいの世話をしている\nケース２：高齢の家族がいて、見守りや介護をしている\nケース３：障害や病気のある家族がいて、介助や看病をしている\nケース４：家計を支えるため、放課後は働いている\nケース５：通訳等により、家族の意思疎通を支えている\n子どもにとって、「お手伝い」は成長につながる素晴らしい経験になります。しかし、その成長に見合わない重い責任や負担が続くことで、心や体の健康に影響が出てしまったり、子どもらしい時間を過ごすことができず、将来への夢や進路をあきらめてしまう子どもたちがいます。本人は「家族のサポートは当たり前」と考え、大好きな家族のため、苦しくても自身のSOSに気づかず相談できない、ということがあります。 本県では、このような子ども達と様々な問題を抱えるご家庭に「家族丸ごと支援」をキーワードに、ヤングケアラー支援を行っております。NPO法人を通して、相談窓口や似た境遇の仲間が集う場を提供している他、ヤングケアラー・コーディネーターを設置して支援にも取り組んでいます。\n外国籍の子どもたちの中には、言葉の壁のために本当の気持ちをいっぱい表現できず我慢したり、家族の通訳のために自分の時間が持てなかったりする子どもさんもいらっしゃいます。子どもらしく地域や家庭の中で「遊ぶ」「学ぶ」時間が保障される社会の実現のために、皆で支援していきましょう。子どもは社会の宝です。悩んでいるお子さん、ご家庭は、是非相談してください。　　　　（ヤングケアラー・コーディネーターより）\nこころんダイヤル\n子ども・青少年、保護者の悩みをお聞きします。\nTEL　077-524-2030\n午前9:00～午後9:00（12/29～1/3を除く）\n午後9:00以降は、24時間子どもSOSダイヤルにつながります。\n各市町相談窓口のご案内\n受けられる支援・サービスについてお問い合わせください。\nhttps://www.pref.shiga.lg.jp/file/attachment/5355506.pdf (https://www.pref.shiga.lg.jp/file/attachment/5355506.pdf)\n子どもたちがもっと笑顔に！　～いつもと違う場所で～\n滋賀県内には、子ども達を支えてくれる団体が沢山あります。\n「ヤングケアラー支援団体」（★）は、子どもたちが家庭などのことでしんどい時、ほっとしたい時、相談したい時に支えてくれる団体です。「子ども食堂」は、子どもたちが、無料、または低額で食事を楽しめる場です。（地域の大人も参加できる団体もあります。） 「居場所」は、子どもたちが好きに過ごせるスペースです。ちょっと遊びに行ってみよう！\nNPO法人 こどもソーシャルワークセンター\n- 内容: ★ヤングケアラー支援居場所・お弁当（配食）キャンプ\n- 開催場所: 大津市観音寺　9-8\n- 期間: 毎日\n- 問い合わせ先: 077-575-4378 https://liff.line.me/1645278921-kWRPP32q/?accountId=294hlbww (https://liff.line.me/1645278921-kWRPP32q/?accountId=294hlbww)\nNPO法人　芹川の河童\n- 内容: ★ヤングケアラー支援居場所・オンライン相談室\n- 開催場所: 彦根市河原2-3-4\n- 期間: 毎日\n- 問い合わせ先: 0749-20-9084 https://cswc2016.jp/ (https://cswc2016.jp/)\n多文化共生支援センター　SHIPS\n- 内容: 多文化子ども食堂\n- 開催場所: 草津市 草津1-13-12\n- 期間: 第４土曜\n- 問い合わせ先: 077-561-5110\nかんちゃんの小さな家\n- 内容: 多文化共生地域交流会・子ども食堂\n- 開催場所: 近江八幡市安土町浄楽寺956-2\n- 期間: 2か月に1回\n- 問い合わせ先: 090-3708-3315 https://kancyan-house.com/contact/ (https://kancyan-house.com/contact/)\nNPO法人　やんちゃ寺\n- 内容: 10代の居場所・子ども食堂\n- 開催場所: 草津市内\n- 期間: 第１、３、５土曜\n- 問い合わせ先: https://yanchadera.wixsite.com/yanchadera (https://yanchadera.wixsite.com/yanchadera)\nぱらでいろ\n- 内容: 居場所・子ども食堂\n- 開催場所: 愛荘町愛知川13-2\n- 期間: 第３金曜 夕食時\n- 問い合わせ先: 090-4030-1492 https://twitter.com/paradeiro12123 (https://twitter.com/paradeiro12123)\n大津　オルタナティブスクールトライアンフ\n- 内容: フリースクール・居場所 、水彩画教室\n- 開催場所: 大津市浜大津4-3-25\n- 期間: 火・水・金曜日\n- 問い合わせ先: 050-5374-0311 https://www.otsu-triumph.com/ (https://www.otsu-triumph.com/)\nちゃいるどビレッジ\n- 内容: こどもとおとなのサードプレイス（居場所）\n- 開催場所: 大津市比叡平2-39-4\n- 期間: 第４土曜 10～16時\n- 問い合わせ先: email：chimihirano@gmail.com\n・確認のため、連絡をしてからお出かけください。\n♪ もっといろんな子どもの居場所や食堂、遊び場があるよ ♪\n- 遊べる・学べる淡海子ども食堂（滋賀県内の子ども食堂）\n- 『しがこども体験学校』 「ふれあい」、「くらし・創作」、「自然」、「里山・田んぼ」、「文化芸術・歴史」の5つのテーマでさまざまな体験プログラムがあります。""}, {""sid"": ""S4"", ""question"": ""困りごとがあれば学校に相談しましょう！"", ""answer"": ""学校ではたくさんの手紙が配(られるので、わからない場合は先生に確認したり、面談の時には通訳をお願いしましょう。悩みや問題があれば、先生やスクールカウンセラーに相談しましょう。\n学校以外で子どもが相談できるところ\n自分のこと、友達のこと、家族のこと、その他の事で悩み、困っていることがあれば相談してください。\n- こどもの人権110番 0120-007-110　月～金8:30 -17:15\n- チャイルドライン 0120-99-7777　毎日　16:00 - 21:00\n- 24時間子供SOSダイヤル 0120-0-78310　2４時間対応（年末年始も可）""}, {""sid"": ""S5"", ""question"": ""困りごとがあれば学校に相談しましょう！"", ""answer"": ""学校ではたくさんの手紙が配られるので、わからない場合は先生に確認したり、面談の時には通訳をお願いしましょう。悩みや問題があれば、先生やスクールカウンセラーに相談しましょう。\n学校以外で子どもが相談できるところ\n自分のこと、友達のこと、家族のこと、その他の事で悩み、困っていることがあれば相談してください。\n- こどもの人権110番 0120-007-110　月～金　8:30 -17:15\n- チャイルドライン 0120-99-7777　毎日　16:00 - 21:00\n- 24時間子供SOSダイヤル 0120-0-78310　2４時間対応（年末年始も可）""}]"
国民健康保険について,国民健康保険は、日本に一年以上居住し、健康保険に加入していない場合に居住地の市町村で加入します。保険料は加入世帯の所得、固定資産税額、世帯の人数などをもとに毎年決定されます。医療費自己負担は3割です。高額療養費や出産一時金、葬祭費などの給付があります。病院で診療を受ける際は健康保険証を提示してください。,"[{""sid"": ""S1"", ""question"": ""医療保険制度"", ""answer"": ""日本の医療保険制度には、大きく分けて「健康保険」と「国民健康保険」があります。外国人も1年以上在留する場合はいずれかの保険に加入しなければなりません。医療保険に加入することにより、被保険者やその被扶養者が病気やけがをして診療を受ける場合に医療給付が受けられます。\n健康保険\n会社で常時雇用されている人は健康保険制度が適用されます。被保険者とその扶養者が加入し給付が受けられます。保険料は、加入者の所得によって決まりますが、本人が負担するのは半分で、残りの半分は雇用主が支払います。\n医療費自己負担　　3割\n- その他の給付：傷病給付、出産育児一時金、出産手当金など\n国民健康保険\n一年以上日本に居住し，健康保険に加入していない場合、居住地の市町村で国民健康保険に加入しなければなりません。\n 保険料は、加入世帯の所得、固定資産税額、世帯の人数などをもとに毎年決めています。\n医療費自己負担　　3割\n- その他の給付：出産一時金、　高額医療費、葬祭費（加入者が死亡したとき）\n- 病院で治療、診察を受ける時には健康保険証を必ず受け付けで渡して下さい。""}]"
住民税や固定資産税について,住民税は滋賀県居住者が県民税と市町村民税を支払い、住所地の市町村へ申告・納税します。1月1日に日本に住所をもち、1年以上日本に滞在する場合に課税され、所得の全体に対して課税されます（外国人は滞在期間・職種等で扱いが異なる場合があります）。固定資産税は毎年1月1日に土地・家屋などを所有している人に課されます。,"[{""sid"": ""S1"", ""question"": ""様々な税金"", ""answer"": ""不動産取得税\n不動産取得税は不動産の取得者に課せられます。\n自動車税\nすべての自動車の所有者に課せられます。（滋賀県自動車税務署）\n軽自動車税\n軽自動車の所有者に課せられます。（各市町村税務担当課）\n固定資産税\n固定資産税は、毎年1月1日に土地、家屋などを所有しているものに課せられます。""}, {""sid"": ""S2"", ""question"": ""住民税"", ""answer"": ""滋賀県の居住者は、県民税と市町村民税を支払います。これらの税は住民税といわれ、住所地の市町村を管轄する税務署に提出されている確定申告などに基づいて計算されます。住民税は国籍に関わらず、1月1日から1年間に得た個人所得のすべてに課税されます。外国人の税金は、滞在期間や職種などにより別の方法で扱われます。\n\n住民税は次のように課税されます。\n- 国籍に関わらず、1月1日に日本に住所をもち、1年以上日本に滞在する場合。\n- 1月1日現在１年以内の居住期間でも、入国後継続して1年以上日本に居住することを通常必要とする職業を有する場合。\n住民税を支払うため、1月1日現在に住所地のある市町村へ申告しなければなりません。""}]"
電話のお支払,滋賀県国際協会の情報を根拠に回答します。電話の支払いに関しては、公式機関が未納料金名目で電話料金を電子マネー等で支払うよう要求することはありません。詐欺の可能性が高いので、身に覚えのない請求には返信・連絡をしないでください。疑問がある場合は、警察相談専用電話 9110 や消費者ホットライン188、金融サービス利用者相談室などへ相談してください。,"[{""sid"": ""S1"", ""question"": ""金融トラブルにご注意！！"", ""answer"": ""電子マネーのトラブル\nインターネット有料サイトの利用料金未納を騙った架空請求など、詐欺行為の支払手段として現金だけでなく、電子マネーを悪用した被害が急増しています。\n※※プリペイドカードなどの電子マネーは、相手にカードを渡さなくても、カードに記載された番号等を伝えるだけで電子マネーの価値を譲渡したことになります。\n詐欺です！：コンビニで電子マネーカードを買って、カード番号を教えて。\n！身に覚えのない請求等に返信、連絡しないでください。\n！事業者、法務省や裁判所などが「未納料金などの支払い」の名目で、　　コンビニで電子マネーカードを購入させることは絶対にありません。\nマネー・ロンダリング（犯罪に関係するお金を持っている人をわからなくすること）は違法です！\n詐欺です！：「このお金をあなたの口座から送金してほしいんです。一万円あげますから。」\n！口座を他人にあげるなどの行為は違法です。\n！違法な業者かどうか判断できない場合はその業者は使わないでください。\n　金融庁ウェブサイトの資金移動業者登録一覧に載っていない業者は違法です。\n　ここから確認できます\nメール・SMS（ショートメッセージサービス）による被害防止対策として、あらかじめ受信拒否設定をしておくことが効果的です。\n！おかしいと思ったら、すぐに家族や友人、警察＃9110（警察相談専用電話）に相談！\n- 消費者ホットライン　　　　１８８　（日本語）\n- 訪日外国人観光客消費者ホットライン 03-5449-0906 英語・中国語・韓国語・タイ語・ベトナム語・フランス語・日本語\n- 金融サービス利用者相談室0570-016811（从ＩＰ電話からは：03-5251-6811）\n- 英語ワンストップ窓口 　　　email: equestion@fsa.go.jp""}]"
夫婦の話し合いの仲介について,夫婦の話し合いの仲介としては、家庭裁判所の調停を利用できます。対応窓口として大津家庭裁判所（電話: 077-503-8151）、大津家庭裁判所彦根支部（電話: 0749-22-0167）、大津家庭裁判所長浜支部（電話: 0749-62-0240）、京都外国人の夫婦と親子に関する紛争解決センター（電話: 075-692-3555）があります。まずは調停を検討し、成立しない場合は審判・判決へと移行することができます。必要に応じて法テラス滋賀などの法的相談機関も活用できます。,"[{""sid"": ""S1"", ""question"": ""離婚についての話し合いがうまくいきません。"", ""answer"": ""家庭裁判所の調停で話し合うことができます。（日本語）\n- 大津家庭裁判所 　℡　077-503-8151\n- 大津家庭裁判所 彦根支部 　℡　0749-22-0167\n- 大津家庭裁判所 長浜支部 　℡　0749-62-0240\n- 京都外国人の夫婦と親子に関する紛争解決センター 　℡　075-692-3555""}]"
保健所にいきたい,保健所へ行く場合も、保険証を携帯すると受診費用の負担を軽くできる可能性があります。まずはお住まいの地域の診療所やかかりつけ医に相談し、必要に応じ保健所の案内を受けてください。なお、保健所の対応言語情報は医療ネットしがのWebサイトをご確認ください（英語、ハングル、中文対応）。,"[{""sid"": ""S5"", ""question"": ""滋賀県の病院、医院の情報は"", ""answer"": ""医療ネットしがWebサイトをご覧ください。\n対応言語：英語、ハングル、中文""}]"
永住申請について,永住許可申請に関する詳しい手続きは、滋賀県在住者の在留相談窓口や法務省の在留情報を参照してください。滋賀県内の窓口としては大阪入国管理局大津出張所をご案内します。電話は077-511-4231、住所は大津市京町3-1-1 大津びわ湖合同庁舎6階です。一般的な情報や手続きの詳細は外国人在留インフォメーションセンターへ問い合わせ可能です。出入国在留管理庁の公式ページも併せてご確認ください。永住申請の要件や審査基準は在留資格の内容と別途法務省の案内で定められています。,"[{""sid"": ""S1"", ""question"": ""在留について"", ""answer"": ""日本に住む外国人には、それぞれの滞在目的に従って在留資格と在留期間が与えられます。おのおのの「在留資格」には活動できる内容が厳格に規定されています。\n関連ページ\n出入国在留管理庁 (http://www.moj.go.jp/isa/index.html)\n在留関係の手続きについては\n在留関係手続き (https://www.moj.go.jp/isa/applications/index.html)\n入国後の在留関係の手続き\n滋賀県在住の方は、\n大阪入国管理局大津出張所\nで行います。\n大阪入国管理局大津出張所 (http://www.moj.go.jp/isa/about/region/osaka/index.html)\n大津市京町3-1-1 大津びわ湖合同庁舎6階　　℡：077-511-4231\n一般的な内容についての相談\n外国人在留インフォメーションセンター・ワンストップ型相談センター（入国管理局）に外国語で問い合わせることもできます。\n外国人在留インフォメーションセンター (http://www.moj.go.jp/isa/consultation/center/japanese.html)\n℡ 0570-013904（ＩＰ, ＰＨＳ, 海外: 03-5796-7112）\n新しい在留資格への移行により、平成24年7月9日より前の住所は住民票には記載されません。 ※これまで市区町村で保管されていた「外国人登録原票」は、平成24年7月9日から法務省で保管されています。\n外国人登録原票に係る開示請求について（法務省HPへリンク） (http://www.moj.go.jp/isa/applications/disclosure/foreigner.html)""}]"
弁護士に依頼することについて,滋賀県国際協会の情報に基づくと、弁護士を依頼する仕組みとして次の選択肢があります。まず、警察に逮捕・拘留された被疑者には当番弁護士制度があり、要請すれば弁護士会が速やかに派遣します（滋賀弁護士会 当番弁護士専用電話 077-522-2013）。経済的に困る場合には法テラスの民事法律扶助制度を利用でき、法テラスの多言語窓口も利用可能です（法テラス 多言語ダイヤル 0570-078-377、滋賀法テラス 050-3383-5454、滋賀弁護士会の連絡先参照）。起訴後には国選弁護人を依頼することができ、経済的に困難な場合は政府の国選弁護人がつきます。これらの制度を活用して弁護士を得ることができます。,"[{""sid"": ""S1"", ""question"": ""刑事事件を起こしてしまったら （事件・事故）"", ""answer"": ""被疑者の権利\n被疑者の権利として３つの権利が保障されています。\n1. 事実を知る権利\n2. 黙秘権\n3. 弁護人依頼権\n当番弁護士制度\n警察に逮捕、拘留された被疑者や家族の求めに応じて弁護士会が速やかに弁護士を被疑者のところに派遣する「当番弁護士」の制度があります。要請する場合ははっきりと申し出てください。\n滋賀弁護士会　当番弁護士専用電話　　TEL　077-522-2013\n民事法律扶助制度\n経済的に困っている人には、日本司法支援センター　(法テラス)　がありますので、当番弁護士が接見に来た際に相談してください 。\n法テラス [多言語ダイヤル]　TEL 0570-078-377\n法テラス [多言語] (http://www.houterasu.or.jp/multilingual/)\n国選弁護人\n起訴後、被告人は裁判のための弁護人を依頼することができます。経済的に無理な場合は、依頼すれば政府の国選弁護人をつけてくれます。""}, {""sid"": ""S2"", ""question"": ""法律についての相談は"", ""answer"": ""法テラス\n℡　0570-078374（日本語）\n℡　0570-078377（英語、中国語、韓国語、スペイン語、ポルトガル語、ベトナム語、タガログ語)\n℡　03-5366-6008（多言語ダイヤル）\n法テラス滋賀\n大津市浜大津1-2-22　大津商中日生ビル５Ｆ\n℡　050-3383-5454\n滋賀弁護士会\n大津市梅林１-３-３""}, {""sid"": ""S3"", ""question"": ""離婚についての話し合いがうまくいきません。"", ""answer"": ""家庭裁判所の調停で話し合うことができます。（日本語）\n- 大津家庭裁判所 　℡　077-503-8151\n- 大津家庭裁判所 彦根支部 　℡　0749-22-0167\n- 大津家庭裁判所 長浜支部 　℡　0749-62-0240\n- 京都外国人の夫婦と親子に関する紛争解決センター 　℡　075-692-3555""}, {""sid"": ""S5"", ""question"": ""犯罪や交通事故にあったとき （事件・事故）"", ""answer"": ""交番\n日本では街角などに「交番」があり、警察官が駐在しています。地域のパトロールや犯罪の防止、家出人や落し物などの届け出を受け付けたり、道案内などを行っていますので、困ったことがあったら気軽に立ち寄ってみましょう。\n盗難や暴行にあったとき\n留守中に泥棒に入られたり、暴力の被害にあったときは、近くの交番や警察署に届けてください。\n緊急に助けを求めたい時は、110番に電話をしましょう。預金通帳，クレジットカードを盗まれた時は、銀行やカードの発行会社に届け出て、支払停止の手続きを要請することが必要です。\n交通事故にあったとき\n交通事故にあったら、どんな小さな事故でも警察に届けましょう。ケガ人がいる時は救急車を呼んでください。""}]"
入院患者の家族の呼び寄せ,入院患者の家族の呼び寄せについての具体的な手続きは、提供された情報源には記載がありません。滋賀県国際協会の情報のみを根拠として回答すると、該当情報は見当たりません。よろしければ、他の公的機関の情報や病院の案内をご案内します。,"[{""sid"": ""S1"", ""question"": ""死亡届"", ""answer"": ""- 死亡届は医師が発行する死亡診断書を添付の上、同居の親族、その他同居者等が死亡後7日以内に届出人の所在地の市町村役場に提出してください。\n- 在留カードを死亡14日以内に返してください。""}]"
医療通訳依頼,滋賀県国際協会の情報に基づくと、医療通訳の依頼については、外国語対応可能な医療機関リストおよび医療機関の情報を掲載しているサイトをご確認ください。具体的な通訳サービスの案内はS2の医療機関リストの案内先をご参照ください。なお、エイズ検査・相談の情報や健康診断に関する案内は医療通訳直接の案内ではありません。必要に応じて、滋賀県健康医療福祉部薬務感染症対策課やしが外国人相談センターの電話窓口へ問い合わせてください。,"[{""sid"": ""S2"", ""question"": ""滋賀県内の外国語で対応可能な医療機関について"", ""answer"": ""滋賀県内の外国語で対応可能な医療機関リストは、以下のサイトをご覧ください。""}, {""sid"": ""S4"", ""question"": ""エイズ検査と相談"", ""answer"": ""エイズやHIV感染について不安に思うとき、抗体検査を保健所で受けましょう。相談、検査とも匿名、無料（原則）で受けられます。\n\nまた、滋賀県健康医療福祉部薬務感染症対策課内には専用電話を設置し、カウンセラーによる電話相談と面接を受け付けています。\nエイズ専用電話\n- 077-524-0051\n- 受付時間: 毎週月、水曜日　午前9時～12時""}]"
給料支払いについて,給与に関する情報はS2～S5には直接の記載がなく、賃金の支払いに関する一般的な補足としては、傷病手当金は病気休業中に給与が支払われない場合の生活補償として支給されること、給与総額の扱い等は協会けんぽの詳細をご確認ください。なお、退職時の解雇予告手当などは労働基準法の規定で定義されていますが、給与の具体的な支払い方法や時期については就業規則や雇用契約を確認することが推奨されます。,"[{""sid"": ""S2"", ""question"": ""【健康保険シリーズ3】病気やケガで休職した時の補償「傷病手当金」について"", ""answer"": ""会社で加入している健康保険には、医療費以外にも給付金があります。\nその一つが「傷病手当金」です。\n病気やケガで長期間仕事を休むと、給料が支払われなくなり生活費に困ることがあります。\nしかし傷病手当金を申請すれば、生活補償として給付金が健康保険より支給されます。\n傷病手当金は、病気休業中に被保険者とその家族の生活を保障するために設けられた制度で、被保険者が病気やケガのために会社を休み、会社から十分な報酬が受けられない場合に支給されます。\n【支給金額】直近１２か月の給与を平均した額の2/3\nただし、勤務先が社会保険に届けを出している給与総額です。手取りの金額とは一致しません。\n【支給の条件】\n1. 業務外の事由による病気やケガの療養のための休業であること\n2. 仕事に就くことができないこと（医師の証明が必要です）\n3. 連続する三日間を含み四日以上仕事につけなかったこと\n4. 休業した期間について給与の支払いがないこと（事業主の証明が必要です）\nその他、傷病手当金の詳細については協会けんぽのHPをご覧いただくか、お電話にてお問合せください。\n協会けんぽ滋賀支部\n℡　077-522-1099 (日本語)""}, {""sid"": ""S5"", ""question"": ""退職するときは"", ""answer"": ""自己都合による退職\n退職については、通常就業規則に定めがありますので、あらかじめその内容や手続きについて確認しておきましょう。 　なお、民法（第627条）によれば、期間に定めのない労働契約の場合は，原則として退職の申し入れから２週間後に契約は終了するものとされています。\nただし、急に「辞めたい」と申し入れることは、会社にとっては事務引継ぎなどで困ることもありますので、退職の時期等については会社と充分話し合うことが望ましいでしょう。\n事業主からの解雇\n解雇に当たっては、雇用者は労働者に少なくとも30日前にその予告をする必要があり、30日前に予告しない場合には30日に不足する日数分の平均賃金（解雇予告手当）を支払う必要があります。（労働基準法20条、21条）。""}]"
通訳料の請求について,滋賀県国際協会の情報に基づくと、通訳料の請求については明確な案内は本文中にありません。一般的な留意点としては、契約時に費用の内訳を事前に確認し、書面で合意を得ることが望ましいです。必要に応じて、労働関係や法的相談の窓口（労働基準監督署、法テラス等）を活用して費用の適正性や補助情報を確認してください。,"[{""sid"": ""S1"", ""question"": ""郵便局について"", ""answer"": ""以下の関連ページに各言語で案内があります。""}]"
顔面マヒで就労できないことについて,質問内容「顔面マヒで就労できないこと」について、滋賀県国際協会の情報だけを根拠に事実ベースで簡潔に回答します。提供された情報には、顔面マヒ特有の就労可否の具体的な記載はありません。一般的には、障害の有無にかかわらず、雇用条件や適性は個別に判断され、就労可能性は仕事内容・職場環境・安全性に依存します。もし身体状況が就労に影響する場合は、雇用先と相談のうえ、適切な配慮（合理的配慮）を求めることが推奨されます。滋賀労働局の窓口や多言語相談窓口など、困りごと相談先は案内されています。なお、未成年者の就労に関する基本的な守られ方は、15歳以上であっても労働条件・安全性の保護が適用され、深夜・時間外・休日労働の制限等の法規制があります。,"[{""sid"": ""S1"", ""question"": ""こんな悩み抱えていませんか？"", ""answer"": ""中学を卒業してからは勉強すること、働くこと、いろいろなことを自分で選択する機会が増えます。家や学校以外の居場所もでき、交友関係も広くなります。自由が多くなる分、自己責任も増えていきます。自分のことを守れるように、困ったときの相談先をいくつか紹介します。\n高校生はアルバイトできますか？\n15歳になって最初の3月31日が過ぎた人は就労が認められます。在籍する高校の校則でアルバイトが許可されていれば高校生も働くことができますが、18歳未満の未成年であり、社会での経験がまだ浅いため、以下のように法律で守られています。\n- 就職に当たって、保護者の同意書、年齢証明書、在留カードの提示が求められます。\n- 仕事の内容では、危険や有害な業務について就業の制限又は禁止されています。\n- 就労時間については、深夜業や時間外・休日労働の制限/変形労働時間制の勤務も禁止されています。\n※不当な労働契約や賃金の未払い、パワハラ、セクハラなど劣悪な環境で働かせるブラックバイトもあるので、雇用契約時には、雇用契約書を取り交わし、内容を確認するようにしてください。\n※犯罪行為によって報酬を受け取る\n闇バイト\nが、SNSなどを通して広まっています。決して「高収入」だから、と軽い気持ちで応募してはいけません。身分証や家族の情報などを提供してしまうことによって犯罪組織から抜け出せない手口になっています。自分の個人情報やプライバシーに関することはむやみに提供しないように気を付けましょう。\nいじめ、いやがらせ、セクハラ、解雇など仕事の相談\n- 滋賀労働局　雇用環境・均等室　Tel 077-523-1190\n- 労働条件相談ほっとライン（多言語相談）\n- 闇バイトの相談　警察相談ダイヤル#9110""}]"
傷病手当について,傷病手当金は、病気やケガで休業している期間に給与の一部を補填する制度です。支給額は直近12か月の給与の2/3（ただし事業主の給与総額、手取り額とは異なる）です。支給の条件は、1)業務外の事由による休養であること、2)医師の証明により仕事に就けないこと、3)連続する三日間を含み四日以上仕事につけなかったこと、4)休業期間について給与の支払いがないこと（事業主の証明が必要）です。詳しくは協会けんぽ滋賀支部の情報をご確認ください（電話:077-522-1099）。,"[{""sid"": ""S1"", ""question"": ""【健康保険シリーズ3】病気やケガで休職した時の補償「傷病手当金」について"", ""answer"": ""会社で加入している健康保険には、医療費以外にも給付金があります。\nその一つが「傷病手当金」です。\n病気やケガで長期間仕事を休むと、給料が支払われなくなり生活費に困ることがあります。\nしかし傷病手当金を申請すれば、生活補償として給付金が健康保険より支給されます。\n傷病手当金は、病気休業中に被保険者とその家族の生活を保障するために設けられた制度で、被保険者が病気やケガのために会社を休み、会社から十分な報酬が受けられない場合に支給されます。\n【支給金額】直近１２か月の給与を平均した額の2/3\nただし、勤務先が社会保険に届けを出している給与総額です。手取りの金額とは一致しません。\n【支給の条件】\n1. 業務外の事由による病気やケガの療養のための休業であること\n2. 仕事に就くことができないこと（医師の証明が必要です）\n3. 連続する三日間を含み四日以上仕事につけなかったこと\n4. 休業した期間について給与の支払いがないこと（事業主の証明が必要です）\nその他、傷病手当金の詳細については協会けんぽのHPをご覧いただくか、お電話にてお問合せください。\n協会けんぽ滋賀支部\n℡　077-522-1099 (日本語)""}]"
妻に連絡とることについて,妻に連絡を取る具体的な方法や手順についての情報は、提供された文脈には含まれていません。離婚を前提とした話し合いの場として、家庭裁判所の調停を検討することが案内されています（大津家庭裁判所などの連絡先あり）。連絡方法自体や連絡の是非については、個別の事情と法的助言が必要です。適切な相談先としては、京都外国人の夫婦と親子に関する紛争解決センターなどの窓口が挙げられています。,"[{""sid"": ""S1"", ""question"": ""離婚についての話し合いがうまくいきません。"", ""answer"": ""家庭裁判所の調停で話し合うことができます。（日本語）\n- 大津家庭裁判所 　℡　077-503-8151\n- 大津家庭裁判所 彦根支部 　℡　0749-22-0167\n- 大津家庭裁判所 長浜支部 　℡　0749-62-0240\n- 京都外国人の夫婦と親子に関する紛争解決センター 　℡　075-692-3555""}]"
離職するにあたって,離職を考える際は、就業規則に定められた手続きと、民法の規定（期間の定めのない労働契約は原則として退職の申し入れから2週間後に終了）を確認しましょう。事業主による解雇の場合は、少なくとも30日前の予告が必要で、予告日を満たさない場合には不足日数分の平均賃金を支払います。詳しくは滋賀県国際協会の案内に沿って、所属先の規定と雇用形態にあった手続きを行ってください。,"[{""sid"": ""S1"", ""question"": ""退職するときは"", ""answer"": ""自己都合による退職\n退職については、通常就業規則に定めがありますので、あらかじめその内容や手続きについて確認しておきましょう。 　なお、民法（第627条）によれば、期間に定めのない労働契約の場合は，原則として退職の申し入れから２週間後に契約は終了するものとされています。\nただし、急に「辞めたい」と申し入れることは、会社にとっては事務引継ぎなどで困ることもありますので、退職の時期等については会社と充分話し合うことが望ましいでしょう。\n事業主からの解雇\n解雇に当たっては、雇用者は労働者に少なくとも30日前にその予告をする必要があり、30日前に予告しない場合には30日に不足する日数分の平均賃金（解雇予告手当）を支払う必要があります。（労働基準法20条、21条）。""}]"
相談者の通訳依頼,滋賀県国際協会の情報に基づくと、相談者の通訳依頼は、OTIT外国人技能実習機構の母国語相談窓口を利用するのが適切です。対応言語別の電話番号が案内されていますので、該当言語の窓口に連絡してください。S1,"[{""sid"": ""S1"", ""question"": ""技能実習について"", ""answer"": ""OTIT外国人技能実習機構　母国語相談\nTel 0120-250-147（英語 English）\nTel 0120-250-169 （中国語 中文）\nTel 0120-250-197（タガログ語 Tagalog）\nTel 0120-250-197（タガログ語 Tagalog）\nTel 0120-250-168（ベトナム語 Tiếng Việt）\nTel 0120-250-192（インドネシア語 Indonesia）　 　等々""}]"
国勢調査、マイナンバーカード申請記入,滋賀県国際協会の情報に基づくと、国勢調査やマイナンバーカード申請記入について、S1の内容には国勢調査の記入手続は記載されていません。マイナンバーカードの申請・記入に関しては、S1〜S3に関連情報があり、マイナンバーの提出や健康保険証としての利用手続き、問い合わせ先などが示されていますが、国勢調査の記入方法そのものは明記されていません。もし国勢調査の記入手続きに関する正確な要件を知りたい場合は、公式の統計局や市町の案内をご確認ください。,"[{""sid"": ""S1"", ""question"": ""修学支援の手続きについて"", ""answer"": ""～2019年４月からマイナンバーの提出が必要になる手続があります！～\n「高等学校等就学支援金」、「奨学のための給付金」、「特別支援学校の児童生徒に対する就学奨励費」を申請する際、マイナンバーの提出が必要となります。\n◆ 高等学校等就学支援金\n- 高等学校等の授業料を国が支援する給付型の制度。\n- モデル世帯における年収が約910万円未満（県民税所得割額と市町民税所得割額の合計が507,000円未満）の世帯が対象。\n- 在学する学校で申請します。\n- 就学支援金は学校が受け取り、保護者には振り込まれません（私立の場合は学校により取扱いが異なります）。\n☛高等学校等就学支援金について（多言語） (http://www.mext.go.jp/a_menu/shotou/mushouka/detail/1342886.htm)\n◆ 奨学のための給付金（高校生等奨学給付金）\n- 高等学校等の授業料以外の教育費を支援する制度（返済不要）。\n- 県民税所得割額と市町民税所得割額が非課税の世帯が対象。\n- 保護者がお住まいの都道府県で申請します（滋賀県内の学校に在学する場合は学校で申請します）。\n- 給付金は、原則、保護者が受け取ります（私立の場合は学校により取扱いが異なります）。\n問合せ：高等学校等就学支援金・高校生等奨学給付金について\n（公立学校）滋賀県教育委員会事務局　高校教育課 ℡　077-528-4587\n（私立学校）滋賀県総務部　私学・大学振興課　　 ℡　077-528-3271\n◆ 特別支援学校の児童生徒に対する就学奨励費\n- 特別支援学校へ就学のために必要な経費の一部または全部を、世帯の収入状況等に応じて支給する制度。\n- 特別支援学校の児童生徒等の保護者が対象。\n- 在学する学校で申請します。\n- 就学奨励費は、原則、保護者が受け取ります。\n問合せ：滋賀県教育委員会事務局　特別支援教育課　℡　077-528-4641\nマイナンバーとは\n- マイナンバーは住民登録している人が持つ１人１つの番号（１２桁）です。\n- マイナンバーカード、マイナンバー通知カード、マイナンバーが記載されている住民票記載事項証明書で確認することができます。\n- マイナンバーカード、マイナンバー通知カードをなくしてしまった場合は、お住まいの市町役場に　\n相談して下さい。\n☛マイナンバーについて（多言語） (https://www.cao.go.jp/bangouseido/foreigners/index.html)""}]"
保護者への連絡,滋賀県内の情報として、保護者への連絡に関する公式の一括ガイドは特に示されていません。ただし、児童虐待の疑いがある場合は、虐待ホットラインや児童相談所へ連絡することが推奨されています。緊急時には119番で救急車を呼び、現場の状況を伝えることが基本です。短時間で適切な対応を求められる状況では、最寄りの児童相談所や警察・交番へ連絡してください。これらの連絡先は以下のとおりです：児童相談所全国共通ダイヤル（24時間対応）189、虐待対応ダイヤル（189）、各自治体の児童相談所・相談窓口。保護者への連絡は、状況に応じて児童相談所や警察と協力して適切な連絡手続きをとることになります。,"[{""sid"": ""S2"", ""question"": ""児童虐待の疑いがある場合はすぐに連絡しましょう"", ""answer"": ""虐待ホットライン（24時間対応）\n電話 : 077-562-8996　（日本語）\n中央子ども家庭相談センター\n草津市笠山七丁目4番45号　　電話: 077-562-1121\n彦根子ども家庭相談センター\n彦根市小泉町932-1　　電話: 0749-24-3741\n大津・高島子ども家庭相談センター\n大津市におの浜4-4-5　　電話: 077-548-7768\n児童相談所全国共通ダイヤル（24時間対応）\n電話：189""}, {""sid"": ""S5"", ""question"": ""緊急の場合"", ""answer"": ""電話で119番までかけ、救急車を呼び、あわてず次のことを伝えてください。\n- 救急であること（火事の時と同じ番号なので注意）\n- 発生場所\n- 急病か、けがかの別\n- 患者の数、性別、年齢（大人、子供、幼児の区別）\n- 傷病の程度""}]"
心療内科を探している,滋賀県内の外国語対応可能医療機関リストは以下サイトをご覧ください。心療内科の具体的な情報は同サイトをご確認ください。,"[{""sid"": ""S3"", ""question"": ""滋賀県内の外国語で対応可能な医療機関について"", ""answer"": ""滋賀県内の外国語で対応可能な医療機関リストは、以下のサイトをご覧ください。""}]"
給与明細について,滋賀県国際協会の情報を根拠に事実ベースで回答します。給与明細に関して、S5の労働条件の明示の規定が適用され、雇用時には賃金などの労働条件を明示し、特に賃金に関する事項は書面で明示する必要があります（労働基準法第15条）。この明示は雇入通知書として外国人労働者にも明らかにされるべきです。給与の支払い自体は賃金を通貨で直接支払い、全額を毎月1回以上定められた期日で支払う義務があります（労働基準法第24条）。また、賃金からの控除は法定控除や労使協定による控除を除き、原則として全額支払いが求められます。これらは給与明細に明示されるべき事項であり、実務上は給与の内訳・控除項目・支払日・総額等を明記した給与明細書を交付します。,"[{""sid"": ""S5"", ""question"": ""日本の労働関係法令（事業主側に求められていること ）"", ""answer"": ""国籍を理由とする差別的取り扱いの禁止\n使用者は、労働者の国籍、信条又は社会的身分を理由として、賃金、労働時間、その他の労働条件について、差別的取り扱いをしてはならないとされています。（労働基準法　第3条）\n労働条件の明示\n使用者は、労働契約を締結するにあたって、賃金、労働時間その他の労働条件を労働者に明示しなければなりません。特に賃金に関する事項は、書面で明示することが必要です。（労働基準法15条）\nまた、雇い入れにあたっては、賃金、労働時間等の主要な労働条件について、外国人労働者が理解できるようその内容を明らかにした書面（雇入通知書）を交付するよう求められています。\n強制労働･中間搾取の禁止\n使用者は、暴行や脅迫等で、労働者の意思に反して労働を強制してはなりません。\nまた、法令に基づいて許される場合のほか、業として他人の就職に介入して利益を得てはなりません。\n労働契約の不履行について違約金，損害賠償額を予定する契約の禁止\n契約期間満了前の退職等，労働者側の労働契約不履行について違約金を定めたり、損害賠償の額を予定する契約をすることは禁止されています。（労働基準法第16条）\n労働災害にあって療養中の労働者に対する解雇の制限\n業務上負傷し、又は疾病にかかり療養のために休業する期間及びその後30日間の解雇は禁止されています。(労働基準法第19条)\n解雇の予告\n労働者を解雇する場合には、少なくとも30日前に予告する必要があります。30日前に予告しない場合には30日に不足する日数分の平均賃金 (解雇予告手当)を支払う必要があります。\nただし、天災などのやむを得ない事由のために事業の継続が不可能になった場合や、労働者の責に帰すべき事由により解雇する場合はこの限りではありませんが、その場合、労働基準監督署長による解雇予告の除外認定を受けることが必要です。（労働基準法第20条､第21条）\n賃金の支払い\n賃金は､通貨で､労働者に対し直接に､全額を､毎月1回以上、一定期日を定めて支払わなければなりません。ただし、税金、雇用保険料などの法定控除及び組合費などの労使協定による控除は全額払いの例外となります。(労働基準法第24条)\n最低賃金\n使用者は労働者に対し最低賃金額以上の賃金を支払わなくてはなりません。最低賃金には、地域別最低賃金と産業別最低賃金があります。(最低賃金法)\n労働時間､休日\n法定労働時間は、1日8時間、1週間40時間 (一部の規模・業種の事業場については46時間)となっています。(労働基準法第32条。第40条)法定の休日は、週について１日又は４週について４日以上とされています。(労働基準法第35条)\n時間外・休日労働及び深夜労働の割増賃金\n法定の労働時間を延長し､法定の休日に労働させるには、法令で定められた一定の手続きが必要とされています。（労働基準法第36条）\nまた、法定の労働時間を超える労働に対しては､通常の労働時間または労働日の賃金の25％以上の率、法定の休日における労働に対しては、35％以上の率で計算した割増賃金を支払わなければなりません。\nさらに、深夜（午後10時から午前5時まで）における労働に対しても、25％以上の率で計算した割増賃金を支払わなければなりません。（労働基準法第37条）\n年次有給休暇\n6ヶ月間継続勤務し、全労働の8割以上出勤した労働者に対しては､年次有給休暇を与えなければなりません。（労働基準法第39条）\n金品の返還\n我が国に在留する外国人は、旅券又は外国人登録証明書を常時携帯する必要がある（入管法第23条）ので、事業主は旅券等を保管しないこととされています。\nまた、労働者が退職する際に、請求があった場合、7日以内に当該労働者の権利に属する金品を返還しなければなりません。（労働基準法第23条）\n安全衛生\n労働者の安全と衛生を確保するため、安全衛生教育（雇入れ時の教育等）、健康診断の実施等、労働者の危険又は健康障害を防止するための措置を講じなければなりません。（労働安全衛生法）""}]"
資格証明書と傷病手当の申請,滋賀県国際協会の情報範囲では、資格証明書と傷病手当金の申請については、協会けんぽ滋賀支部の提供する傷病手当金の支給条件・金額の案内が主な情報源です。傷病手当金の支給額は直近12か月の給与の2/3、支給条件は業務外の病気やケガの療養、医師の証明に基づく仕事不可、連続4日以上休業で4日以上就業不能、休業期間中の給与支払いがないことです。資格証明書に関する具体的な手続きや発行条件は本情報には記載がありません。詳しくは協会けんぽ滋賀支部（℡ 077-522-1099）へお問い合わせください。,"[{""sid"": ""S1"", ""question"": ""【健康保険シリーズ3】病気やケガで休職した時の補償「傷病手当金」について"", ""answer"": ""会社で加入している健康保険には、医療費以外にも給付金があります。\nその一つが「傷病手当金」です。\n病気やケガで長期間仕事を休むと、給料が支払われなくなり生活費に困ることがあります。\nしかし傷病手当金を申請すれば、生活補償として給付金が健康保険より支給されます。\n傷病手当金は、病気休業中に被保険者とその家族の生活を保障するために設けられた制度で、被保険者が病気やケガのために会社を休み、会社から十分な報酬が受けられない場合に支給されます。\n【支給金額】直近１２か月の給与を平均した額の2/3\nただし、勤務先が社会保険に届けを出している給与総額です。手取りの金額とは一致しません。\n【支給の条件】\n1. 業務外の事由による病気やケガの療養のための休業であること\n2. 仕事に就くことができないこと（医師の証明が必要です）\n3. 連続する三日間を含み四日以上仕事につけなかったこと\n4. 休業した期間について給与の支払いがないこと（事業主の証明が必要です）\nその他、傷病手当金の詳細については協会けんぽのHPをご覧いただくか、お電話にてお問合せください。\n協会けんぽ滋賀支部\n℡　077-522-1099 (日本語)""}]"
国勢調査について,滋賀県の国勢調査に関する具体的な情報は、提示されたS1の年金関連やS5の住民手続きのリストには含まれておらず、滋賀県国際協会の情報だけを根拠に事実ベースで回答する形では、国勢調査に関する記載は確認できません。従って、国勢調査についての公式な案内・手続き等の正確な情報を知りたい場合は、滋賀県国際協会の公式情報源または総務省・統計局の国勢調査関連ページをご確認ください。,"[{""sid"": ""S1"", ""question"": ""自分の年金情報をチェック！"", ""answer"": ""毎年1回、誕生月に国民年金および厚生年金保険の加入者（被保険者）には、年金加入記録の確認のため、「ねんきん定期便」が届きます。届出住所が現住所と異なっている場合、「ねんきん定期便」が届きませんので、住所が変った場合は住所変更を届け出ましょう。\n年金記録の確認は\nねんきんネット (https://www.nenkin.go.jp/n_net/index.html)\n年金定期便・年金専用ダイヤル　℡　0570-058-555\n★\t保険料納付期間が１０年に満たない方も年金事務所で確認しましょう！ 年金記録に漏れがないか。（基礎年金番号が他にないか。別の氏名で登録されたものがないか。 合算対象期間がないか。（特に永住者、日本国籍の方は海外の滞在期間が合算されます。）\n★\t資格期間を満たすために次のような方法があります。 ６０歳から６５歳まで国民年金に任意加入する。（1965年4月1日以前生まれの方は最長７０歳まで任意加入できます） 国民年金後納制度を使い未納期間を解消する。（2018年9月30日まで５年後納制度が適用されます）""}, {""sid"": ""S5"", ""question"": ""住民手続きについて"", ""answer"": ""- 住民基本台帳について (http://www.soumu.go.jp/main_sosiki/jichi_gyousei/c-gyousei/zairyu/related_materials-publicity_leaflets-etc.html)\n- マイナンバー制度について (https://www.digital.go.jp/policies/mynumber) マイナンバーカードについて (https://www.kojinbango-card.go.jp/)\n- 転入・転出について (http://www.soumu.go.jp/main_sosiki/jichi_gyousei/c-gyousei/zairyu/move-in_move-out.html)""}]"
年金の受給,"滋賀県国際協会が提供する情報に基づくと、年金の受給には以下が基本です。老齢基礎年金は国民年金加入者が対象で、厚生年金加入者は厚生年金部分を加算した金額を受け取ります。老齢基礎年金の満額は2017年度で年間779,300円です。受給年齢は従来どおり原則65歳ですが、繰り上げ・繰り下げ支給があります。厚生年金には60〜65歳の間に特別支給の老齢厚生年金が支給される要件があります。年金の受給資格期間は、これまで25年以上でしたが、2017年8月1日から10年以上となっています。その他、年金の加入状況確認はねんきん定期便やねんきんネットで行い、住所変更があれば届け出が必要です。","[{""sid"": ""S1"", ""question"": ""老齢年金"", ""answer"": ""老齢年金では、どの人にも共通な基礎となる年金を老齢基礎年金といいます。国民年金の加入者は、この老齢基礎年金を受給しますが、厚生年金の加入者は、これに厚生年金部分を加算した金額を受給します。老齢基礎年金は、６０歳まで４０年間保険料を全額支払った場合、年間(779,300円（2017年度）の満額の年金額になります。老齢年金を受給するための年齢はこれまでどおりで６５歳からですが、希望すれば繰り上げ支給や繰り下げ支給もあります。また、厚生年金では、６０歳から６５歳まで、生年月日や性別など一定の要件に基づき、特別支給の老齢厚生年金が支給されます。""}, {""sid"": ""S2"", ""question"": ""年金制度"", ""answer"": ""公的年金制度は、老齢、障害または死亡時の本人および遺族の生活保障の観点から、日本国内に住むすべての人について、一定の要件のもとに国籍を問わず適用しています。外国人の場合、1年以上の日本滞在を予定している人が対象となります。\n厚生年金保険\n給付の種類\n老齢厚生年金、障害厚生年金、遺族厚生年金\n国民年金\n20歳から59歳までの方で、厚生年金保険などに加入していない場合は国民年金に加入しなければいけません。\nお問い合わせ\n各市町村国民年金担当係""}, {""sid"": ""S3"", ""question"": ""自分の年金情報をチェック！"", ""answer"": ""毎年1回、誕生月に国民年金および厚生年金保険の加入者（被保険者）には、年金加入記録の確認のため、「ねんきん定期便」が届きます。届出住所が現住所と異なっている場合、「ねんきん定期便」が届きませんので、住所が変った場合は住所変更を届け出ましょう。\n年金記録の確認は\nねんきんネット (https://www.nenkin.go.jp/n_net/index.html)\n年金定期便・年金専用ダイヤル　℡　0570-058-555\n★\t保険料納付期間が１０年に満たない方も年金事務所で確認しましょう！ 年金記録に漏れがないか。（基礎年金番号が他にないか。別の氏名で登録されたものがないか。 合算対象期間がないか。（特に永住者、日本国籍の方は海外の滞在期間が合算されます。）\n★\t資格期間を満たすために次のような方法があります。 ６０歳から６５歳まで国民年金に任意加入する。（1965年4月1日以前生まれの方は最長７０歳まで任意加入できます） 国民年金後納制度を使い未納期間を解消する。（2018年9月30日まで５年後納制度が適用されます）""}, {""sid"": ""S4"", ""question"": ""年金を受け取るために必要な期間が１０年に短縮されました"", ""answer"": ""これまでは、老齢年金を受け取るためには、保険料納付済等期間が25年以上必要でしたが、2017年8月1日から、10年になりました。（遺族年金・障害年金の受給要件はこれまでどおり変更ありません。）\n老齢年金の受給資格は、以下の４項目をあわせた期間が１０年以上です。\n1. 保険料納付期間（国民年金保険料納付済み期間、厚生年金被保険者加入期間）\n2. 保険料免除、学生納付特例等の納付猶予を受けた期間\n3. 第３号被保険者期間（加入者に扶養されている被保険者）\n4. 合算対象期間（カラ期間） ＊\n＊4. のカラ期間は、年金額に反映されませんが、加入期間には計算される合算対象期間です。\n★ 合算対象期間 には、次のようなものがあります。\n日本国籍を取得した方、永住者等が年金の請求手続きをする際、海外在住期間があった場合に、このことを証明する書類が必要となります。このため、これまでのパスポートも大切に保管しておくことが大切です。また、2012年7月9日以前の「外国人登録原票」は、法務省で保管されています。このため、それ以前の出入国を証明するためには、出入(帰)国記録に係わる開示請求することになります。\n出入（帰）国記録に係る開示請求 (http://www.moj.go.jp/isa/applications/disclosure/record.html)""}]"
社会保険の加入について,入社時には基本的に社会保険に加入します。短期アルバイト等、契約期間が2カ月以内の労働者は除外される場合がありますが、試用期間中も正式採用を前提とした雇用とみなされ、加入手続きは雇用主が行うべきです。加入後は保険証を受け取り、国民健康保険への脱退手続きは会社加入時に自己手続きが必要です。退職時には保険証を返却し、国民健康保険への加入手続きを市役所で行います。2024年10月以降、従業員51人以上の会社のパート・アルバイトも条件を満たせば社会保険に加入します。,"[{""sid"": ""S3"", ""question"": ""入社後、試用期間中の社会保険加入について"", ""answer"": ""「試用期間中は社会保険に加入できない」と言われたことはありませんか。\n日本で就職したときは社会保険に加入して、会社から保険証をもらいます。\n試用期間中は社会保険に入れないと誤解されることがありますが、それは違います。\n社会保険の加入にならないのは、短期アルバイトなど契約期間が2カ月以内の労働者です。 試用期間中は、その後の正式採用を前提とした雇用とみなされますから、雇用主は社会保険に試用期間開始当初から加入させなければなりません。\n試用期間中は市役所の国民健康保険にも入れませんので、無保険にならないよう会社側に社会保険の加入手続きを依頼しましょう。\n年金事務所では社会保険の加入ルールの窓口相談も行っていますので、ご活用ください。""}, {""sid"": ""S4"", ""question"": ""社会保険の適用拡大について"", ""answer"": ""2024年10月から従業員51人以上の会社にお勤めのパート・アルバイトの方も社会保険（厚生年金保険・健康保険）に加入できることになりました。\n[ 加入条件 ]\n週の労働時間20時間以上/ 月額賃金8.8万円以上/ 2ヵ月を超える雇用の見込みがある/ 学生ではない""}, {""sid"": ""S5"", ""question"": ""【健康保険シリーズ１】  日本の公的保険制度について"", ""answer"": ""日本の会社に就職して仕事を始めると、お給料から社会保険料が引かれていることに気が付くと思います。この“社会保険”とは何を指すのでしょうか。日本では様々な社会保険制度があり、国籍に関わらず皆さんが加入し保障を受けることができます。\n今回はその中の健康保険について、会社にお勤めの方と、そうでない方の違いを見てみましょう。\n会社で働いてお給料をもらっている方：会社を通じて社会保険に加入します。保険料は給料から天引きになりますが、保険料の半分を会社が負担してくれています。また、扶養の家族も一緒に加入することができます。家族は保険料がかかりません。健康保険と年金はセットで加入します。\n自営業・無職など会社にお勤めではない方（上記以外の方）：個人で国民健康保険に加入します。保険料はご自身でお住いの市役所に納める必要があります。保険料は家族分を含め、全額自己負担となります。同様に年金も、個人で国民年金に加入します。\n●　病院での支払いが3割で済むのはどちらも同じです。また医療費が高額になった時の給付、出産や死亡の時の給付も同じです。会社の社会保険には病気や出産で仕事を休んだ時に、お給料を一部保障する給付がありますが、国民健康保険にはありません。\n健康保険の加入と脱退の手続きについて\n会社に就職したとき：社会保険に加入するときは会社が手続きをしてくれますが、それまで加入していた国民健康保険の脱退の手続きは自分でする必要があります。保険料が二重で請求されることのないよう、お住いの市役所で脱退の手続きをしてください。\n会社を退職したとき：退職し社会保険の資格が喪失したときは、保険証は使えなくなっていますので、すぐに会社に返却しましょう。そして自分で市役所に行って国民健康保険に加入し、保険証をもらう手続きをする必要があります。他にも社会保険を任意で継続加入する、ご家族の扶養に入るといった選択肢もありますので確認してみてください。""}]"
怪我で休業について,傷病手当金は、病気やケガで長期間休業し給与が支払われない場合に受けられる給付金です。支給額は直近12か月の給与の平均の2/3で、業務外の事由による休業であること、医師の証明により就労不能であること、連続する3日を含み4日以上仕事につけなかったこと、休業期間中に給与の支払いがないことなどの条件があります。詳しくは協会けんぽ滋賀支部へお問い合わせください。,"[{""sid"": ""S2"", ""question"": ""【健康保険シリーズ3】病気やケガで休職した時の補償「傷病手当金」について"", ""answer"": ""会社で加入している健康保険には、医療費以外にも給付金があります。\nその一つが「傷病手当金」です。\n病気やケガで長期間仕事を休むと、給料が支払われなくなり生活費に困ることがあります。\nしかし傷病手当金を申請すれば、生活補償として給付金が健康保険より支給されます。\n傷病手当金は、病気休業中に被保険者とその家族の生活を保障するために設けられた制度で、被保険者が病気やケガのために会社を休み、会社から十分な報酬が受けられない場合に支給されます。\n【支給金額】直近１２か月の給与を平均した額の2/3\nただし、勤務先が社会保険に届けを出している給与総額です。手取りの金額とは一致しません。\n【支給の条件】\n1. 業務外の事由による病気やケガの療養のための休業であること\n2. 仕事に就くことができないこと（医師の証明が必要です）\n3. 連続する三日間を含み四日以上仕事につけなかったこと\n4. 休業した期間について給与の支払いがないこと（事業主の証明が必要です）\nその他、傷病手当金の詳細については協会けんぽのHPをご覧いただくか、お電話にてお問合せください。\n協会けんぽ滋賀支部\n℡　077-522-1099 (日本語)""}]"
公営住宅について,公営住宅には、県営住宅と市町による市営・町営住宅があります。滋賀県には県営住宅があり、年4回（4月、7月、10月、1月）募集があります。募集は定員や条件があり、在留資格や所得要件を満たす場合に申込みができます。市町の市営・町営住宅については、お住まいの市町役場に問い合わせてください。,"[{""sid"": ""S2"", ""question"": ""住む家を探すには？"", ""answer"": ""住まい探しに役立つ情報です。住宅には、「公営住宅」、「賃貸住宅」、「持ち家」などがあります。\n公営住宅\n所得の低い人など一定の条件を満たす人を対象に、公的な住宅があります。定期的に募集をおこない、抽選によって入居が決定します。滋賀県には県営住宅と、市町によって市営や町営住宅があるところもあります。在留資格や所得の要件があるので、確認してください。\n県営住宅\n滋賀県には、県営住宅が県内各地域にあり、年4回（４月、７月、１０月、１月）募集があります。\n市営町営住宅\nお住まいの市町役場に問い合わせてください。\n賃貸住宅\n一般に、日本では不動産屋で物件を探し、書面で契約を結びます。契約時、物件により、礼金や敷金が必要になります。（礼金は家主へのお礼として支払うお金で戻ってきません。敷金とは退去時に原状回復のために使われ、一部戻ってくる場合もあります。）また、連帯保証人が必要な場合と、家賃保証会社を利用する場合があります。その他、不動産屋への仲介手数料の支払いがあります。契約に火災保険の加入が含まれる場合が一般的です。その他、管理費や２年ごとに更新料を支払う必要がある場合が多いです。\nお役立ちサイト\n- [ 不動産情報検索サイト ] （公社）滋賀県宅地建物取引業協会 (https://www.hatomarksite.com/search/shiga/)\n- [ 外国語が話せる不動産店一覧 ] （公財）日本賃貸住宅管理協会 (https://www.jpm.jp/multilingual/index.html)\n- [ 外国人の民間賃貸住宅への円滑な入居について ]　国土交通省 (https://www.mlit.go.jp/jutakukentiku/house/jutakukentiku_house_tk3_000017.html)\n滋賀県の居住支援・住宅セーフティネット制度\n滋賀県での高齢者世帯、障害者世帯、外国人世帯、子育て世帯の入居を受け入れる民間賃貸住宅等の情報です。\n- 滋賀県のセーフティネット住宅 (https://safetynet-jutaku.mlit.go.jp/guest/apart_list.php?pref=25)\n- 滋賀あんしん賃貸住宅 (https://www.pref.shiga.lg.jp/ippan/kendoseibi/zyuutaku/300196.html)\n火災保険\n住宅は賃貸や持ち家にかかわらず、火災保険に加入する必要があります。\n賃貸アパートやマンションなどの場合、入居時や更新時に「大家」と「入居者」がそれぞれ火災保険に加入するケースが一般的です。建物は大家の資産なので、建物に対する火災保険は大家が加入して保険料を支払い、室内の家具や家電などの家財道具に対する保険は、入居者が加入し保険料を支払います。持ち家であれば建物と家財の両方を補償する火災保険に入ります。\n持ち家\n日本では、不動産を購入する際に国籍や在留資格に基づく制限はありません。ただし住宅ローンの借り入れは、永住者や特別永住者の在留資格をお持ちの方に限られています。年齢や所得、勤続年数などの基準を満たし、審査に通ると住宅ローンを組むことができます。また、要件などを満たせば、確定申告で住宅ローン控除を受けることができます。住宅を購入した後、経済状況に変化があった場合は、住宅ローンの借り換えや返済について、銀行に条件変更の相談をしましょう。\nまた、１月１日に住宅を所有している人は、その資産をもとに算定した固定資産税をお住まいの市町役場に支払います。\n空き家バンク\n空き家の賃貸・売却を希望する人が登録した情報を、空き家の利活用を希望する人に紹介する制度です。希望する市町役場の住宅課に空き家バンクがあるかたずねてください。\n- 空き家バンク (https://www.akiya-athome.jp/buy/25/)\n困ったときの相談窓口　（相談無料）\n入居中・契約の解除・明渡し時のトラブルなどの相談窓口：・滋賀県消費生活センター（彦根）/ TEL 0749-23-0999\n住宅取得や不具合、事業者とのトラブルなど様々な住宅についての相談窓口：・住まいるダイヤル/ TEL 03-3556-5147\n引っ越し先が決まったら、何をしたらいいのでしょう？\n届け出\nお住まいの市町役場に転出届を出します。引っ越し後14日以内に、新住所の役場に転居、転入届を出し、在留カードとマイナンバーカードの住所変更も行います。また、子どもさんがおられる方は、新しい保育園、幼稚園、学校への転入手続きも行います。職場、銀行への連絡や、運転免許証の住所変更も必要です。郵便局へ郵便物の転送届を出しておくと、引っ越し前の住所地に届いた郵便物を新住所に転送してもらえます。\n近所との付き合い\n日本では、引っ越した人が近所の人に挨拶をする習慣があります。近所の人と知り合って、ゴミの収集日や収集場所、災害時の避難場所など地域のルールを教えてもらいましょう。\n自治会\n地域ごとに住民が運営する自治会があります。自治会では、住民同士が地域での暮らしを良くするため、防犯、防災、美化活動を行ったり、地域の子どもたちがスポーツや祭りなどを楽しむ「子ども会」があるなど様々な活動をしています。それらの事業の運営のため、会員は自治会費を支払い、役割分担(ぶんたん)もあります。また、細かな地域の情報が掲載された「回覧板」が回ってきます。自治会は任意加入ですが、ゴミ収集場所の管理を自治会がしている場合など、加入が必要になることもあります。災害時などには近所同士の助け合いが必要になるので、近所とのお付き合いは大切にしましょう。\n※地域によって自治会の有無や活動内容、自治会費は異なりますので、必ず確認してください。""}]"
給料明細について,滋賀県国際協会の情報には給料明細そのものの扱いについての記載はありません。一般的な日本の所得税の取り扱いとして、給与所得者は給与から所得税が源泉徴収される場合が多く、所得税の申告が不要なケースがありますが、詳細な規定はS1の内容に沿ってお伝えします。給与所得者で給与から直接差し引かれる場合は所得税の申告書を提出する必要がないことがあります（給与収入2000万円以下の場合）。ただし控除や他の所得がある場合は申告が必要になることがあります。なお、年金情報・労働トラブルや働き方の変更に関する情報はS2〜S4に該当します。もし給与明細の具体的な読み方や項目の説明が必要であれば、該当する項目を教えてください。,"[{""sid"": ""S1"", ""question"": ""所得税"", ""answer"": ""所得のある人は所得税を納めなければなりません。所得は国籍に関わらず1月1日から1年間に得た個人所得のすべてに課税されます。しかし外国人の税金は滞在期間や職種などにより、次のとおりの方法で扱われます。\n- 日本に住所を持ち、または日本に引き続き1年以上居所を有する者や日本に永住しようとしている者で現在まで引き続き5年以上滞在しているものは、外国と日本の所得の両方に基づく税を支払います。\n- 日本に住所を有し、または現在まで引き続いて1年以上居所を有する個人で、日本に永住するつもりがなくかつ現在まで引き続いて5年以内滞在の一時的な居住者は、日本の所得と海外から送られてきたお金に基づく税を支払います。\n- 日本に1年以内の滞在期間で住所を持たないものは、日本の所得だけに基づく税を払います。\n納税者は管轄されている税務署で確定申告を提出します。申告の期間は2月16日から3月15日です。給与収入2000万円以下の給与所得の場合の所得税は、給与から直接差し引かれますので、通常給与所得者は所得税の申告書を提出する必要はありません。""}]"
USBメモリーの使い方について,申し訳ありませんが、質問の内容は“USBメモリーの使い方”で、滋賀県国際協会の情報源にはその具体的な使い方の手順は記載されていません。よろしければ、滋賀県国際協会が提供する公式情報の範囲内で、一般的なポイントを挙げますが、詳細な手順は公式ソースをご確認ください。,[]
家族滞在ビザについて,滋賀県国際協会の情報のみを根拠に回答します。家族滞在ビザに関する具体的な要件はS1～S5のうち、直接は記載されていません。S1は健康保険の被扶養者の居住要件、S2は離婚の話し合い窓口、S3は年金要件、S4は生活支援、S5は離婚届の法的適用と手続きです。家族滞在ビザに関する最新の要件や適用については、お住まいの地域の入国管理局や関係機関の公表情報を参照してください。,"[{""sid"": ""S1"", ""question"": ""健康保険の被扶養者は「国内居住者」に限定されます"", ""answer"": ""2020年４月より、企業の従業員が入る公的医療保険「健康保険」の被扶養者の認定要件に、「原則として国内に居住していること」が追加され、海外在住の被扶養者は外れることになりました。ただし、日本に居住していない被扶養者のうち、日本に生活の基礎があると認められるもの（海外留学、海外赴任の同行家族、観光ボランティア等のための一時的渡航者など）については、 例外的に要件を満たすこととされています。一方、国内に住所があっても、医療滞在ビザで来日した者や観光・保養を目的とするロングステイビザで来日した者は被扶養者認定されません。""}]"
国勢調査の記入の手伝い,滋賀県国際協会の情報を根拠に、国勢調査の記入の手伝いについて事実ベースで簡潔に回答します。現在提示されたS1〜S5のコンテキストには、国勢調査の手伝いに直接関する記述は含まれていません。したがって、国勢調査の記入手続きや支援情報は、滋賀県の公式情報源（この会の提供情報）には含まれていません。適切には、国勢調査の公式案内（総務省統計局の国勢調査ウェブサイトなど）を確認するか、自治体の窓口に相談してください。必要であれば、滋賀県内の公的窓口情報を案内します。,"[{""sid"": ""S1"", ""question"": ""自分の年金情報をチェック！"", ""answer"": ""毎年1回、誕生月に国民年金および厚生年金保険の加入者（被保険者）には、年金加入記録の確認のため、「ねんきん定期便」が届きます。届出住所が現住所と異なっている場合、「ねんきん定期便」が届きませんので、住所が変った場合は住所変更を届け出ましょう。\n年金記録の確認は\nねんきんネット (https://www.nenkin.go.jp/n_net/index.html)\n年金定期便・年金専用ダイヤル　℡　0570-058-555\n★\t保険料納付期間が１０年に満たない方も年金事務所で確認しましょう！ 年金記録に漏れがないか。（基礎年金番号が他にないか。別の氏名で登録されたものがないか。 合算対象期間がないか。（特に永住者、日本国籍の方は海外の滞在期間が合算されます。）\n★\t資格期間を満たすために次のような方法があります。 ６０歳から６５歳まで国民年金に任意加入する。（1965年4月1日以前生まれの方は最長７０歳まで任意加入できます） 国民年金後納制度を使い未納期間を解消する。（2018年9月30日まで５年後納制度が適用されます）""}, {""sid"": ""S2"", ""question"": ""住民手続きについて"", ""answer"": ""- 住民基本台帳について (http://www.soumu.go.jp/main_sosiki/jichi_gyousei/c-gyousei/zairyu/related_materials-publicity_leaflets-etc.html)\n- マイナンバー制度について (https://www.digital.go.jp/policies/mynumber) マイナンバーカードについて (https://www.kojinbango-card.go.jp/)\n- 転入・転出について (http://www.soumu.go.jp/main_sosiki/jichi_gyousei/c-gyousei/zairyu/move-in_move-out.html)""}, {""sid"": ""S3"", ""question"": ""在留について"", ""answer"": ""日本に住む外国人には、それぞれの滞在目的に従って在留資格と在留期間が与えられます。おのおのの「在留資格」には活動できる内容が厳格に規定されています。\n関連ページ\n出入国在留管理庁 (http://www.moj.go.jp/isa/index.html)\n在留関係の手続きについては\n在留関係手続き (https://www.moj.go.jp/isa/applications/index.html)\n入国後の在留関係の手続き\n滋賀県在住の方は、\n大阪入国管理局大津出張所\nで行います。\n大阪入国管理局大津出張所 (http://www.moj.go.jp/isa/about/region/osaka/index.html)\n大津市京町3-1-1 大津びわ湖合同庁舎6階　　℡：077-511-4231\n一般的な内容についての相談\n外国人在留インフォメーションセンター・ワンストップ型相談センター（入国管理局）に外国語で問い合わせることもできます。\n外国人在留インフォメーションセンター (http://www.moj.go.jp/isa/consultation/center/japanese.html)\n℡ 0570-013904（ＩＰ, ＰＨＳ, 海外: 03-5796-7112）\n新しい在留資格への移行により、平成24年7月9日より前の住所は住民票には記載されません。 ※これまで市区町村で保管されていた「外国人登録原票」は、平成24年7月9日から法務省で保管されています。\n外国人登録原票に係る開示請求について（法務省HPへリンク） (http://www.moj.go.jp/isa/applications/disclosure/foreigner.html)""}, {""sid"": ""S4"", ""question"": ""エイズの無料相談・検査のお知らせ"", ""answer"": ""- 匿名で検査を受けられます。\n- 梅毒の検査も一緒にできます。\n- 曜日・時間：HPで確認してください\n- 場所：県内保健所（大津市・草津・甲賀・東近江・彦根・長浜・高島）\n- 検査は電話予約が必要です。\n- 当日に検査結果をお渡しできない場合があります。（２～３週間後）\n問合せ先\n県内保健所（日本語のみ対応可能）\nしが外国人相談センター（日本語以外）\nTel 077-523-5646""}, {""sid"": ""S5"", ""question"": ""修学支援の手続きについて"", ""answer"": ""～2019年４月からマイナンバーの提出が必要になる手続があります！～\n「高等学校等就学支援金」、「奨学のための給付金」、「特別支援学校の児童生徒に対する就学奨励費」を申請する際、マイナンバーの提出が必要となります。\n◆ 高等学校等就学支援金\n- 高等学校等の授業料を国が支援する給付型の制度。\n- モデル世帯における年収が約910万円未満（県民税所得割額と市町民税所得割額の合計が507,000円未満）の世帯が対象。\n- 在学する学校で申請します。\n- 就学支援金は学校が受け取り、保護者には振り込まれません（私立の場合は学校により取扱いが異なります）。\n☛高等学校等就学支援金について（多言語） (http://www.mext.go.jp/a_menu/shotou/mushouka/detail/1342886.htm)\n◆ 奨学のための給付金（高校生等奨学給付金）\n- 高等学校等の授業料以外の教育費を支援する制度（返済不要）。\n- 県民税所得割額と市町民税所得割額が非課税の世帯が対象。\n- 保護者がお住まいの都道府県で申請します（滋賀県内の学校に在学する場合は学校で申請します）。\n- 給付金は、原則、保護者が受け取ります（私立の場合は学校により取扱いが異なります）。\n問合せ：高等学校等就学支援金・高校生等奨学給付金について\n（公立学校）滋賀県教育委員会事務局　高校教育課 ℡　077-528-4587\n（私立学校）滋賀県総務部　私学・大学振興課　　 ℡　077-528-3271\n◆ 特別支援学校の児童生徒に対する就学奨励費\n- 特別支援学校へ就学のために必要な経費の一部または全部を、世帯の収入状況等に応じて支給する制度。\n- 特別支援学校の児童生徒等の保護者が対象。\n- 在学する学校で申請します。\n- 就学奨励費は、原則、保護者が受け取ります。\n問合せ：滋賀県教育委員会事務局　特別支援教育課　℡　077-528-4641\nマイナンバーとは\n- マイナンバーは住民登録している人が持つ１人１つの番号（１２桁）です。\n- マイナンバーカード、マイナンバー通知カード、マイナンバーが記載されている住民票記載事項証明書で確認することができます。\n- マイナンバーカード、マイナンバー通知カードをなくしてしまった場合は、お住まいの市町役場に　\n相談して下さい。\n☛マイナンバーについて（多言語） (https://www.cao.go.jp/bangouseido/foreigners/index.html)""}]"
