相談内容,回答内容,回答に使用したQA資料
税金の支払,滋賀県の税金について、支払の考え方は以下の通りです。①不動産取得税、固定資産税は不動産の取得者・所有者へ課税されます（S1の内容を参照）。②自動車税は車の所有者に課税されます（S1）。③住民税は滋賀県の居住者が支払い、1月1日現在の住所地の市町村へ申告・納付します（S3）。④所得税は個人の所得に対して課税され、給与所得控除などを踏まえ申告の要・不要が給与収入条件で決まります。確定申告は原則毎年2月下旬〜3月中旬ですが、控除等の訂正や事業所得・複数所得がある場合に提出します（S2、S4、S5参照）。,"[{""sid"": ""S1"", ""question"": ""様々な税金"", ""answer"": ""不動産取得税\n不動産取得税は不動産の取得者に課せられます。\n自動車税\nすべての自動車の所有者に課せられます。（滋賀県自動車税務署）\n軽自動車税\n軽自動車の所有者に課せられます。（各市町村税務担当課）\n固定資産税\n固定資産税は、毎年1月1日に土地、家屋などを所有しているものに課せられます。""}, {""sid"": ""S2"", ""question"": ""所得税"", ""answer"": ""所得のある人は所得税を納めなければなりません。所得は国籍に関わらず1月1日から1年間に得た個人所得のすべてに課税されます。しかし外国人の税金は滞在期間や職種などにより、次のとおりの方法で扱われます。\n- 日本に住所を持ち、または日本に引き続き1年以上居所を有する者や日本に永住しようとしている者で現在まで引き続き5年以上滞在しているものは、外国と日本の所得の両方に基づく税を支払います。\n- 日本に住所を有し、または現在まで引き続いて1年以上居所を有する個人で、日本に永住するつもりがなくかつ現在まで引き続いて5年以内滞在の一時的な居住者は、日本の所得と海外から送られてきたお金に基づく税を支払います。\n- 日本に1年以内の滞在期間で住所を持たないものは、日本の所得だけに基づく税を払います。\n納税者は管轄されている税務署で確定申告を提出します。申告の期間は2月16日から3月15日です。給与収入2000万円以下の給与所得の場合の所得税は、給与から直接差し引かれますので、通常給与所得者は所得税の申告書を提出する必要はありません。""}, {""sid"": ""S3"", ""question"": ""住民税"", ""answer"": ""滋賀県の居住者は、県民税と市町村民税を支払います。これらの税は住民税といわれ、住所地の市町村を管轄する税務署に提出されている確定申告などに基づいて計算されます。住民税は国籍に関わらず、1月1日から1年間に得た個人所得のすべてに課税されます。外国人の税金は、滞在期間や職種などにより別の方法で扱われます。\n\n住民税は次のように課税されます。\n- 国籍に関わらず、1月1日に日本に住所をもち、1年以上日本に滞在する場合。\n- 1月1日現在１年以内の居住期間でも、入国後継続して1年以上日本に居住することを通常必要とする職業を有する場合。\n住民税を支払うため、1月1日現在に住所地のある市町村へ申告しなければなりません。""}, {""sid"": ""S4"", ""question"": ""確定申告　2025年2月17日（月）～3月17日（月）"", ""answer"": ""多額の医療費を支払った、住宅ローンがあるなど控除額に訂正がある場合や事業所得者、複数の場所で所得がある方は税務署で確定申告をしましょう。""}, {""sid"": ""S5"", ""question"": ""確定申告は、2020年2月17日(月)～4月16日(木)　＊延長されました"", ""answer"": ""多額の医療費を支払った、住宅をローンで購入したなど控除額に訂正や源泉徴収されていない収入がある等の場合や事業所得者、複数の場所で所得がある方は税務署で確定申告をしましょう。""}]"
銀行落としの支払の確認,銀行振込の“銀行落とし”という支払方法について、提示された情報S1～S5には直接の記載がありません。そのため、滋賀県国際協会の情報のみを根拠に事実ベースで回答することが難しい状況です。よろしければ、具体的な文言や出典を示していただくか、関連するS1～S5の範囲内で再質問してください。,"[{""sid"": ""S1"", ""question"": ""金融トラブルにご注意！！"", ""answer"": ""電子マネーのトラブル\nインターネット有料サイトの利用料金未納を騙った架空請求など、詐欺行為の支払手段として現金だけでなく、電子マネーを悪用した被害が急増しています。\n※※プリペイドカードなどの電子マネーは、相手にカードを渡さなくても、カードに記載された番号等を伝えるだけで電子マネーの価値を譲渡したことになります。\n詐欺です！：コンビニで電子マネーカードを買って、カード番号を教えて。\n！身に覚えのない請求等に返信、連絡しないでください。\n！事業者、法務省や裁判所などが「未納料金などの支払い」の名目で、　　コンビニで電子マネーカードを購入させることは絶対にありません。\nマネー・ロンダリング（犯罪に関係するお金を持っている人をわからなくすること）は違法です！\n詐欺です！：「このお金をあなたの口座から送金してほしいんです。一万円あげますから。」\n！口座を他人にあげるなどの行為は違法です。\n！違法な業者かどうか判断できない場合はその業者は使わないでください。\n　金融庁ウェブサイトの資金移動業者登録一覧に載っていない業者は違法です。\n　ここから確認できます\nメール・SMS（ショートメッセージサービス）による被害防止対策として、あらかじめ受信拒否設定をしておくことが効果的です。\n！おかしいと思ったら、すぐに家族や友人、警察＃9110（警察相談専用電話）に相談！\n- 消費者ホットライン　　　　１８８　（日本語）\n- 訪日外国人観光客消費者ホットライン 03-5449-0906 英語・中国語・韓国語・タイ語・ベトナム語・フランス語・日本語\n- 金融サービス利用者相談室0570-016811（从ＩＰ電話からは：03-5251-6811）\n- 英語ワンストップ窓口 　　　email: equestion@fsa.go.jp""}]"
押収自転車について,滋賀県では自転車利用者は自転車損害賠償保険等への加入が義務づけられており、自転車は車道の左側を走ります。押収自転車に関する具体的な処遇はこの情報源には記載がありません。S1の自転車のヘルメット着用や名義変更などの内容が挙げられています。,"[{""sid"": ""S1"", ""question"": ""二輪車のルールを知ってますか？"", ""answer"": ""自転車用ヘルメットの着用について\n道路交通法の一部を改正する法律の施行により、2023年4月1日から\n自転車利用者のヘルメット着用が努力義務になりました。\n。\n【自転車の運転者等の遵守事項】\n1. 自転車の運転者は、乗車用ヘルメットをかぶるよう努めなければなりません。\n2. 自転車の運転者は、子どもを乗せる場合、または他人に自転車を貸す場合は、その人に乗車用ヘルメットをかぶらせるよう努(つと)めなければなりません。\n3. 保護者の方は、児童や幼児が自転車を運転するときは、ヘルメットをかぶらせるよう努めなければなりません。\nバイク購入時の手続きについて\n販売店で原付バイクを購入すれば手続きはすべて行ってくれます。しかし、知人や友人、ネットオークションなどで中古バイクを譲り受けた場合は、自分で名義変更等の手続きをします。\n名義変更（登録）の手続きをする方法\nバイクの名義変更（登録）の方法は、バイクの排気量によって異なります。\n☆☆\t☆\t原付バイク（50～125cc）\n新しい所有者が住民登録をしている市役所で手続きできます。\n☆☆\t☆\t軽二輪バイク、中型・大型バイク（12６cc以上）\n新しい所有者の住所を管轄している運輸支局（陸運局）で手続きをします。\n滋賀運輸支局：守山市木浜町2298番地の5\n登録検査手続き案内：050-5540-2064\n! \t\t個人売買の基本ルールとしては買い手側が名義変更の手続きを行いますが、友人から買う場合は一緒に陸運局や役所に手続きに行く方法もあります。\n自賠責保険への加入\nバイク保険は「自賠責保険」と「任意保険」の二種類があります。\nバイクを購入すると自賠責保険への加入が必須です。\n自賠責保険は人身事故の補償を対象とした強制加入のもので、未加入運転の場合には罰則があります。また、加入は義務ではありませんが、被害者と加害者両方を補償できる任意保険に加入しておくと安心です。""}]"
保護者との連絡について,滋賀県国際協会の情報に基づくと、保護者との連絡についての具体的な記載はS1〜S5の中には見当たりません。よって、保護者と学校・関係機関との連絡に関する一般的な指針の提供は控え、必要であれば該当の学校や市町の窓口へ直接ご確認ください。,"[{""sid"": ""S1"", ""question"": ""ペットが行方不明になったり、保護した場合は？"", ""answer"": ""動物愛護センターや最寄りの交番か警察署に連絡しましょう。""}, {""sid"": ""S2"", ""question"": ""[小学校デビューQ＆A] 保護者はどのように学校と関わりますか？"", ""answer"": ""小学校にはPTAや保護者会があります。保護者と教職員が協力し合い、学校に通う子どもたちの健全な成長を見守る活動を行うのが、主な目的です。活動を支えるための入会金も必要になります。学校によって活動内容や運営方法は様々なので、入学時の案内を確認してください。""}, {""sid"": ""S3"", ""question"": ""児童虐待の疑いがある場合はすぐに連絡しましょう"", ""answer"": ""虐待ホットライン（24時間対応）\n電話 : 077-562-8996　（日本語）\n中央子ども家庭相談センター\n草津市笠山七丁目4番45号　　電話: 077-562-1121\n彦根子ども家庭相談センター\n彦根市小泉町932-1　　電話: 0749-24-3741\n大津・高島子ども家庭相談センター\n大津市におの浜4-4-5　　電話: 077-548-7768\n児童相談所全国共通ダイヤル（24時間対応）\n電話：189""}, {""sid"": ""S4"", ""question"": ""刑事事件を起こしてしまったら （事件・事故）"", ""answer"": ""被疑者の権利\n被疑者の権利として３つの権利が保障されています。\n1. 事実を知る権利\n2. 黙秘権\n3. 弁護人依頼権\n当番弁護士制度\n警察に逮捕、拘留された被疑者や家族の求めに応じて弁護士会が速やかに弁護士を被疑者のところに派遣する「当番弁護士」の制度があります。要請する場合ははっきりと申し出てください。\n滋賀弁護士会　当番弁護士専用電話　　TEL　077-522-2013\n民事法律扶助制度\n経済的に困っている人には、日本司法支援センター　(法テラス)　がありますので、当番弁護士が接見に来た際に相談してください 。\n法テラス [多言語ダイヤル]　TEL 0570-078-377\n法テラス [多言語] (http://www.houterasu.or.jp/multilingual/)\n国選弁護人\n起訴後、被告人は裁判のための弁護人を依頼することができます。経済的に無理な場合は、依頼すれば政府の国選弁護人をつけてくれます。""}, {""sid"": ""S5"", ""question"": ""子育て応援シリーズ① 子どもが生まれたら"", ""answer"": ""子どもが生まれたらお住まいの役所で様々な手続きがあります。外国籍の子どもには、領事館（大使館）や出入国管理局での手続きも必要になります。\n役所でする手続き\n1. 出生届\n2. 児童手当\n3. 子どもの健康保険\n4. 福祉医療費助成（乳幼児）\n大使館・出入国管理局での手続き\n- 生まれてから30日以内に出入国管理局で子どもの在留許可申請をします。\n- 各国領事館 （大使館）で子どもの国籍を取得し、パスポートの申請をします。\n子どもとお母さんの健康のために\n出産後、子どもとお母さんの健康を定期的に確認します。子どもの各種健診や教室、訪問のほとんどが無料なので積極的に利用しましょう。心配なことがあれば相談しましょう。\n- 産後健診\n- 新生児訪問\n- 予防接種\n- 乳幼児健診\n- 離乳食教室\n子どもの成長、発達が気になる．．．\nまずは乳幼児健診の時やかかりつけ医に相談しましょう。\n市町の保健センター\n市町の発達支援室・センター (https://www.pref.shiga.lg.jp/file/attachment/5397382.pdf)\n発達障害に関する外国人保護者向けパンフレット\n発達障害情報・支援センター (http://www.rehab.go.jp/ddis/world/brochure/)\n育児の不安を相談したい．．．\n市町の家庭児童相談室　市町の役場で相談しましょう。\nこころんだいやる電話相談\nTEL： 077-524-2030\n（子ども・子育て応援センター　電話、または面接での相談ができます）\n児童相談所相談専用ダイヤル\nTEL：0120-189-783\n虐待かな．．．\n児童相談所虐待対応ダイヤル\nTEL：189\n子どもを一時的に預かってほしい．．．（事前登録要）\nファミリー・サポート・センター\nファミリー・サポート・センター (https://www.hugnavi.net/child/family.php)\n「子どもを預けたい人」と「子どもを預かりたい人」を結び付け、保育所までの送迎や、保護者の病気などの際に子どもを預かったりします。\n一時預かり事業\n保護者の病気や用事の時に子どもを保育所などで一時的に預かります。\n病児・病後児保育\n病児・病後児保育 (https://hugnavi.net/child/byouji.php)\n子どもが病気の際、保護者が家庭での保育が難しい場合に、医療機関や保育所等で子どもを一時的に保育します。\n働いているので子どもを保育所で預かってもらいたい．．．\n保育所、認定こども園、認可外子ども施設などで、０歳から子どもを預かってもらえます。施設の利用にはお住まいの市町から利用のための認定を受ける必要があります。市町の役場で相談しましょう。\n一人で子どもを育てています．．．\n経済支援、就労支援のほかに、家事や子育てのサポートが受けられます。\n市町の役場で相談しましょう。\n子どもとお出かけしたい．．．\n地域子育て支援拠点\n地域子育て支援拠点 (https://hugnavi.net/child/base.php)\n子育て中の親子が集い、相互交流や子育ての不安・悩みを相談できる場です。\n児童館\n児童館 (https://hugnavi.net/child/house.php)\n健全な遊びを通して、子どもの発達を援助していく施設です。\n♡滋賀県立びわ湖こどもの国\n滋賀県立びわ湖こどもの国 (http://www.biwa.ne.jp/~kodomo92/sp/index.html)\nたくさんの遊具がある大型の児童館です。　高島市安曇川町北船木\n悩みがあれば、相談しましょう！\n★言葉が心配なときは、「しが外国人相談センター」にお電話ください。\nTEL：077-523-5646\nSHIGA SMILE BABY PROJECT　～ありがとうの贈り物～\nSHIGA SMILE BABY PROJECT　～ありがとうの贈り物～ (https://www.pref.shiga.lg.jp/ippan/kosodatekyouiku/kosodate/319567.html)\n滋賀で生まれた子どもやその家族へ「おめでとう、ありがとう」の思いをこめて、社会全体で出産・子育てを応援しているというメッセージとともに「ありがとうの贈り物」をお届けします。\n対象：１歳未満の赤ちゃん　※事前申し込みが必要です。""}]"
職場内での嫌がらせ,滋賀県内の職場での嫌がらせに関しては、労働条件の適正化やハラスメント対策は法令で定められており、相談窓口として滋賀労働局の雇用環境・均等室（TEL 077-523-1190）や労働条件相談ホットライン、多言語相談が案内されています。必要に応じて、雇用契約書の内容確認と配慮のある就業環境の確保を事業主に求めることが推奨されます。,"[{""sid"": ""S1"", ""question"": ""こんな悩み抱えていませんか？"", ""answer"": ""中学を卒業してからは勉強すること、働くこと、いろいろなことを自分で選択する機会が増えます。家や学校以外の居場所もでき、交友関係も広くなります。自由が多くなる分、自己責任も増えていきます。自分のことを守れるように、困ったときの相談先をいくつか紹介します。\n高校生はアルバイトできますか？\n15歳になって最初の3月31日が過ぎた人は就労が認められます。在籍する高校の校則でアルバイトが許可されていれば高校生も働くことができますが、18歳未満の未成年であり、社会での経験がまだ浅いため、以下のように法律で守られています。\n- 就職に当たって、保護者の同意書、年齢証明書、在留カードの提示が求められます。\n- 仕事の内容では、危険や有害な業務について就業の制限又は禁止されています。\n- 就労時間については、深夜業や時間外・休日労働の制限/変形労働時間制の勤務も禁止されています。\n※不当な労働契約や賃金の未払い、パワハラ、セクハラなど劣悪な環境で働かせるブラックバイトもあるので、雇用契約時には、雇用契約書を取り交わし、内容を確認するようにしてください。\n※犯罪行為によって報酬を受け取る\n闇バイト\nが、SNSなどを通して広まっています。決して「高収入」だから、と軽い気持ちで応募してはいけません。身分証や家族の情報などを提供してしまうことによって犯罪組織から抜け出せない手口になっています。自分の個人情報やプライバシーに関することはむやみに提供しないように気を付けましょう。\nいじめ、いやがらせ、セクハラ、解雇など仕事の相談\n- 滋賀労働局　雇用環境・均等室　Tel 077-523-1190\n- 労働条件相談ほっとライン（多言語相談）\n- 闇バイトの相談　警察相談ダイヤル#9110""}]"
不法滞在者への対応について,滋賀県国際協会の情報によると、不法滞在は在留期間が経過した状態のことを指し、原則として5年間は日本への再入国ができません。期間切れの不法滞在には自主出頭の場合と逮捕の場合があり、それぞれ手続きが異なります。自主出頭なら起訴されず自ら帰国します。逮捕された場合は入国管理法違反として10日以内に引渡しまたは起訴されることがあり、起訴されれば裁判となり約1か月半程度拘置後、強制送還の可能性があります。病気等でやむを得ず不法滞在が短期間の場合は期間更新の手続きをとって出国します。これらは滋賀県の情報に基づく要点です。,"[{""sid"": ""S1"", ""question"": ""在留期間を経過するとどうなるのですか？"", ""answer"": ""在留期間が経過すると入国管理法における「不法滞在」になります。この場合、原則として5年間は日本への再入国ができません。退去強制処分を受けた事由（犯罪行為の種類、刑の軽重等）によっては、永久に入国できない場合もあります。\n退去強制\n在留期間切れのまま、故意にとどまっている場合に適用されます。自主出頭の場合と逮捕された場合で手続き等が異なります。\n自主出頭の場合\n警察に捕まる前に入国管理局に出頭した場合、起訴はされずに自分で帰国することになります。\n逮捕された場合\n入国管理法違反ということで、10日以内に入国管理局に引き渡される場合と起訴される場合があります。起訴された場合は裁判になりますので、判決が出るまで通常約１カ月半、拘置所又は警察署で拘置された後、入国管理局に移管され、強制送還となります。\n通常出国\n本人が病気等、やむを得ない事でごく短期間「不法滞在」の状態になっている場合は、期間更新の手続きをとり、その後出国することになります。""}]"
夫が家を出て生活費を入れてくれない,"ご夫婦の家計や生活費の問題は個別の状況によりますが、滋賀県国際協会の情報源として提供されている範囲では、賃貸契約に関する基本情報（敷金・礼金・仲介手数料等）や健康保険・出産給付、生活支援などの制度は挙げられています。ただし、配偶者が生活費を出さない場合の法的対応や具体的な手続きについての記載はS1〜S5には含まれていません。まずはご自身の状況を把握するため、住まいの安定を図る観点では以下を検討してください。
- 住居の賃貸状況：契約時の敷金・礼金・仲介料の基本を確認し、家計が厳しい場合は自治体の福祉課等へ相談することを検討してください（S1参照）。
- 生活保護などの公的支援の活用可能性：滋賀県内の支援制度を地元自治体へ相談してください。S4では住居確保給付金の案内が示されています（ただし、対象要件は個別に確認が必要です）。
- 健康保険や出産給付などの公的給付は、家計の安定に寄与する可能性があります。S2/S3の情報を必要に応じて確認してください。
- 離婚・別居・子どもの養育費など法的措置が必要になる場合は、専門家への相談を推奨します。滋賀県国際協会の公式情報の範囲では具体的な離婚や養育費の取り決め手続きは示されていません。必要であれば、法的支援機関や市町の窓口へ相談してください。","[{""sid"": ""S1"", ""question"": ""賃貸住居"", ""answer"": ""家やアパートを借りたい場合は、不動産業者に相談してください。\n\n契約に必要とされるのは\n敷金\n家賃支払いの担保として家主に預けておくお金です。退去する際に返金されるものです。未払い賃料および借りていた家の中に損害がある場合は、その修理費をさし引かれますが、残高が戻ります。\n礼金\n家主に支払う一時金で返金されないもの。\n報酬\n不動産業者に仲介を依頼した時は、通常1ヶ月分が必要です。""}, {""sid"": ""S2"", ""question"": ""【健康保険シリーズ5】子どもが生まれたら"", ""answer"": ""健康保険は病気になったときの給付だけではありません。他にもさまざまな給付があります。今日はその中でも、出産にかかわる健康保険からの給付をご紹介します。出産を控えている方にはぜひ知っておいて欲しい制度です。\n出産は保険が使えるの？「出産育児一時金」\n正常な妊娠・出産は病気ではありませんので、健康保険の対象外となります。3割負担での受診はできません。\nしかし「出産育児一時金」の直接払いの手続きをすれば、出産費用が補助されます。\n病院では補助される額を超えた分のみの費用負担で済みます。\n補助額\n一児につき50万円\n（重度の脳性麻痺を保障する制度に加入していない病院では４8.８万円）\n対象者\n妊娠４ヵ月（８５日）以降の出産で、死産を含みます。\n手続き方法\n病院で手続きができます。利用申込の書類に署名してください。\n出産育児一時金 URL: https://www.kyoukaikenpo.or.jp/g6/cat620/r310/ (https://www.kyoukaikenpo.or.jp/g6/cat620/r310/)\n*頁右上の Select language で言語を選択（英語、中国語（簡体字、繁体字）、韓国語、スペイン語、ポルトガル語）\n出産で会社を休んだら？　「出産手当金」\n妊娠や出産で長期間仕事を休むと、お給料が支払われなくなり生活に困ることもあります。しかし会社で健康保険に加入して働いている方は、「出産手当金」を請求すれば生活保障として手当金が支給されます。（扶養家族の出産は対象外です。また市町村の国民健康保険には、この制度はありません）\n給付額\n直近一年間のお給料を平均した額のおおよそ2/3\n対象期間\n出産日以前42日間（多胎妊娠は98日間）＋出産日後56日間\n手続き方法\n会社を通して健康保険に申請してください。\n出産手当金 URL: https://www.kyoukaikenpo.or.jp/g6/cat620/r311/ (https://www.kyoukaikenpo.or.jp/g6/cat620/r311/)\n*頁右上の Select language で言語を選択\nまた毎月のお給料から引かれている社会保険料も、産休中は支払いが免除されます。\n会社の総務の方に相談してみてください。""}, {""sid"": ""S3"", ""question"": ""【健康保険シリーズ5】子どもが生まれたら"", ""answer"": ""健康保険は病気になったときの給付だけではありません。他にもさまざまな給付があります。今日はその中でも、出産にかかわる健康保険からの給付をご紹介します。出産を控えている方にはぜひ知っておいて欲しい制度です。\n出産は保険が使えるの？「出産育児一時金」\n正常な妊娠・出産は病気ではありませんので、健康保険の対象外となります。3割負担での受診はできません。\nしかし「出産育児一時金」の直接払いの手続きをすれば、出産費用が補助されます。\n病院では補助される額を超えた分のみの費用負担で済みます。\n補助額\n一児につき50万円\n（重度の脳性麻痺を保障する制度に加入していない病院では４8.８万円）\n対象者\n妊娠４ヵ月（８５日）以降の出産で、死産を含みます。\n手続き方法\n病院で手続きができます。利用申込の書類に署名してください。\n出産育児一時金 URL: https://www.kyoukaikenpo.or.jp/g6/cat620/r310/ (https://www.kyoukaikenpo.or.jp/g6/cat620/r310/)\n*頁右上の Select language で言語を選択（英語、中国語（簡体字、繁体字）、韓国語、スペイン語、ポルトガル語）\n出産で会社を休んだら？　「出産手当金」\n妊娠や出産で長期間仕事を休むと、お給料が支払われなくなり生活に困ることもあります。しかし会社で健康保険に加入して働いている方は、「出産手当金」を請求すれば生活保障として手当金が支給されます。（扶養家族の出産は対象外です。また市町村の国民健康保険には、この制度はありません）\n給付額\n直近一年間のお給料を平均した額のおおよそ2/3\n対象期間\n出産日以前42日間（多胎妊娠は98日間）＋出産日後56日間\n手続き方法\n会社を通して健康保険に申請してください。\n出産手当金 URL: https://www.kyoukaikenpo.or.jp/g6/cat620/r311/ (https://www.kyoukaikenpo.or.jp/g6/cat620/r311/)\n*頁右上の Select language で言語を選択\nまた毎月のお給料から引かれている社会保険料も、産休中は支払いが免除されます。\n会社の総務の方に相談してみてください。""}, {""sid"": ""S4"", ""question"": ""新型コロナウイルス感染症の影響を受けた方への生活支援について"", ""answer"": ""住居確保給付金（家主さんに直接支払われる家賃）\n対象\n離職・廃業から２年以内または休業等により収入が減少し、離職等と同程度の状況にある方\n支給期間\n原則３カ月（最長９カ月まで）\n支給額\n家賃相当額を自治体から家主さんに支給\n申請方法\n市にお住まいの方は各市。町にお住まいの方は各町の社会福祉協議会\nご案内\n住居確保給付金のご案内はこちらから (https://www.mhlw.go.jp/content/000626236.pdf)\n★滋賀県では県営住宅での一時的な受入れを行っています。\n対象\n新型コロナウイルスの感染症に起因する解雇等により住宅の退去を余儀なくされた方\n入居期間\n最長一年間\n申込方法\n県庁土木交通部住宅課へお電話　（℡　０７７－５２８－４２３４）\nその他、生活にお困りの方は、お住まいの市町の福祉課や社会福祉事務所で相談しましょう！""}]"
書類確認の依頼,依頼内容の書類確認については、滋賀県国際協会の情報だけでは具体的な手続きや提出先を特定できません。年末調整や確定申告に関する一般的な案内は、国税庁の外国語版申告書などの情報をご参照ください。 なお、健康保険や健診の案内は関連ページをご確認ください。,"[{""sid"": ""S1"", ""question"": ""年末調整の各種申告書（扶養控除等申告書など）について"", ""answer"": ""国税庁のウェブサイト内で、《外国語版》各種申告書（扶養控除等申告書など）が公開されています。\n【６言語版】\n英語、中国語、ポルトガル語、スペイン語、ベトナム語、フィリピノ語\nご活用ください。""}, {""sid"": ""S3"", ""question"": ""【健康保険シリーズ ８】年に１回は健診を受けましょう！"", ""answer"": ""健康診断を受けていますか？健診はからだの異常を早期に発見できる絶好の機会です。まったく自覚症状のない検査数値の異常も、放置しておくと命にかかわる病気に進行してしまう可能性があります。そのため、毎年の健診結果を確認、比較し、からだの変化を読み取ることが大切です。年に１回は必ず健診を受けましょう。\n日本では、４０歳から７４歳までの健康保険の加入者を対象とした「特定健診」を実施しています。加入する健康保険から年に１回健診費用の補助が受けられます。\n★お勤めの方\n年に１回、健康診断を従業員に受けさせることが事業主に義務付けられています。\n会社で健康診断の案内があったら必ず受診しましょう。法で定められた検査項目については、事業主が費用を負担します。\n★協会けんぽの健康保険に加入の扶養家族の方\n４０歳以上のご家族の方には、毎年４月に特定健診の案内が自宅に届きます。\n中には、受診券やパンフレットなどが入っています。事前に受けたい病院や会場を予約して、特定健診を受けましょう。受診券があれば、費用の総額から７,１５０円引きになります。 自己負担なしの無料で受けられる会場もありますので、案内が届いたら、必ず受診しましょう。\n★国民健康保険に加入中の方\n国民健康保険でも特定健診の受診を推進しており、自宅に案内を配付していますので、案内が届いたら必ず受診しましょう。案内の時期や内容については、住んでいる市町村役場に聞いてみましょう。\n協会けんぽに加入の皆様へ ～ お知らせ ～\n２０２３年１月から、協会けんぽの申請書・届出書の様式が変更になりました。\n新しい様式は、協会けんぽのホームページからダウンロードできます。\n古い様式の申請書・届出書をお持ちの方は、使用せず廃棄してください。""}, {""sid"": ""S4"", ""question"": ""【健康保険シリーズ ８】年に１回は健診を受けましょう！"", ""answer"": ""健康診断を受けていますか？健診はからだの異常を早期に発見できる絶好の機会です。まったく自覚症状のない検査数値の異常も、放置しておくと命にかかわる病気に進行してしまう可能性があります。そのため、毎年の健診結果を確認、比較し、からだの変化を読み取ることが大切です。年に１回は必ず健診を受けましょう。\n日本では、４０歳から７４歳までの健康保険の加入者を対象とした「特定健診」を実施しています。加入する健康保険から年に１回健診費用の補助が受けられます。\n★お勤めの方\n年に１回、健康診断を従業員に受けさせることが事業主に義務付けられています。\n会社で健康診断の案内があったら必ず受診しましょう。法で定められた検査項目については、事業主が費用を負担します。\n★★\t協会けんぽの健康保険に加入の扶養家族の方\n４０歳以上のご家族の方には、毎年４月に特定健診の案内が自宅に届きます。\n中には、受診券やパンフレットなどが入っています。事前に受けたい病院や会場を予約して、特定健診を受けましょう。受診券があれば、費用の総額から７,１５０円引きになります。 自己負担なしの無料で受けられる会場もありますので、案内が届いたら、必ず受診しましょう。\n★★国民健康保険に加入中の方\n国民健康保険でも特定健診の受診を推進しており、自宅に案内を配付していますので、案内が届いたら必ず受診しましょう。案内の時期や内容については、住んでいる市町村役場に聞いてみましょう。\n協会けんぽに加入の皆様へ ～ お知らせ ～\n从2２０２３年１月から、協会けんぽの申請書・届出書の様式が変更になりました。\n新しい様式は、協会けんぽのホームページからダウンロードできます。\n古い様式の申請書・届出書をお持ちの方は、使用せず廃棄してください。""}, {""sid"": ""S5"", ""question"": ""確定申告　2025年2月17日（月）～3月17日（月）"", ""answer"": ""多額の医療費を支払った、住宅ローンがあるなど控除額に訂正がある場合や事業所得者、複数の場所で所得がある方は税務署で確定申告をしましょう。""}]"
滋賀県での日本語学習,滋賀県で日本語学習に関する情報は、S1のサイト群から直接参照できる日本語学校リストが示されています。滋賀県内の具体的な日本語学校名はS1に滋賀県向けの一覧として掲載されていませんが、滋賀県内で学習機会を探す場合はS1にある京都や全国の日本語学校を案内として参照することができます。必要であれば、滋賀県内の日本語教育機関を直接検索するか、滋賀県教育委員会等の公的情報源をご利用ください。,"[{""sid"": ""S1"", ""question"": ""日本語学校 Japanese Language Schools"", ""answer"": ""- 京都日本語学校 (Kyoto Japanese Language School) (http://kjls.or.jp/)\n- 京都文化日本語学校 (Kyoto Institute of Culture and Language) (http://www.kicl.ac.jp/jp/)\n- 京都民際日本語学校 (Kyoto Minsai Japanese Language School) (http://www.kyotominsai.co.jp/)\n- 京都日本語研修センター(Kyoto Japanese Language Training Center) (http://www.kjltc.jp/)\n- YIC京都日本語学院 (YIC Kyoto Japanese Academy) (http://www.yic-kyoto.ac.jp/japanese/)\n- 京都国際アカデミー(Kyoto International Academy of Japanese Language) (http://www.kia-ac.jp/index.html)\n- 日本語センター(Kyoto Japanese Language School) (https://nihongo-center.com/)\n- ARC 京都日本語学校 (ARC Academy Kyoto) (http://japanese.arc-academy.co.jp/?lang=ja)\n- にほんご空間・京都 (Japanese Space Kyoto) (http://j-space.sakura.ne.jp/wp2/)\n- 京進ランゲージアカデミー(Kyoshin Language Academy-Kyoto Chuo School) (http://www.kla.ac/jp/kyoto_chuo/)\n- ISIランゲージスクール 京都校 (ISI Japanese Language School - Kyoto campus) (http://www.isi-education.com/ja/)""}]"
職場のいじめ,滋賀県国際協会の情報に基づくと、職場でのいじめは許されません。相談先として、滋賀労働局 雇用環境・均等室（電話 077-523-1190）や労働条件相談ほっとライン（多言語相談）、闇バイトの相談窓口、警察相談ダイヤル#9110 などが案内されています。いじめや嫌がらせ、セクハラ、解雇などのトラブルがあった場合は、まず勤務先の就業規則や雇用契約書を確認し、必要に応じて上司・人事部門へ正式に相談してください。適切な対応がされない場合は、労働局や警察などの公的機関へ相談を進めることが推奨されています。,"[{""sid"": ""S4"", ""question"": ""労働トラブルの相談"", ""answer"": ""労働関係のトラブルがあった場合は、下記の労働基準監督署に相談しましょう。（労働契約、就労規則、給料明細などがあれば持参してください）""}]"
水道メーター交換,滋賀県国際協会の情報のみを根拠に事実ベースで回答します。水道メーターの交換に関する具体的な案内は、提供元の資料に依存します。最新の正確な手続きや費用、時期については、公式情報をご確認ください。,[]
契約書について,滋賀県国際協会の情報を根拠に、契約書に関して事実ベースで簡潔に回答します。契約書には、労働条件を明示する要件があり、賃金・労働時間などの主要条件を明示する書面が必要です（労働基準法15条）。外国人労働者に対しては、雇入通知書など内容を理解できるよう明示した書面を交付することが求められます。これに関連して、有期労働契約の場合は契約期間や転換、雇い止めの取り扱いが法令で定められており、契約書の条件と整合する必要があります。なお、具体的な契約書の作成・確認には滋賀労働局の相談窓口も活用してください（滋賀労働局 雇用環境・均等室）【S4】。,"[{""sid"": ""S4"", ""question"": ""日本の労働関係法令（事業主側に求められていること ）"", ""answer"": ""国籍を理由とする差別的取り扱いの禁止\n使用者は、労働者の国籍、信条又は社会的身分を理由として、賃金、労働時間、その他の労働条件について、差別的取り扱いをしてはならないとされています。（労働基準法　第3条）\n労働条件の明示\n使用者は、労働契約を締結するにあたって、賃金、労働時間その他の労働条件を労働者に明示しなければなりません。特に賃金に関する事項は、書面で明示することが必要です。（労働基準法15条）\nまた、雇い入れにあたっては、賃金、労働時間等の主要な労働条件について、外国人労働者が理解できるようその内容を明らかにした書面（雇入通知書）を交付するよう求められています。\n強制労働･中間搾取の禁止\n使用者は、暴行や脅迫等で、労働者の意思に反して労働を強制してはなりません。\nまた、法令に基づいて許される場合のほか、業として他人の就職に介入して利益を得てはなりません。\n労働契約の不履行について違約金，損害賠償額を予定する契約の禁止\n契約期間満了前の退職等，労働者側の労働契約不履行について違約金を定めたり、損害賠償の額を予定する契約をすることは禁止されています。（労働基準法第16条）\n労働災害にあって療養中の労働者に対する解雇の制限\n業務上負傷し、又は疾病にかかり療養のために休業する期間及びその後30日間の解雇は禁止されています。(労働基準法第19条)\n解雇の予告\n労働者を解雇する場合には、少なくとも30日前に予告する必要があります。30日前に予告しない場合には30日に不足する日数分の平均賃金 (解雇予告手当)を支払う必要があります。\nただし、天災などのやむを得ない事由のために事業の継続が不可能になった場合や、労働者の責に帰すべき事由により解雇する場合はこの限りではありませんが、その場合、労働基準監督署長による解雇予告の除外認定を受けることが必要です。（労働基準法第20条､第21条）\n賃金の支払い\n賃金は､通貨で､労働者に対し直接に､全額を､毎月1回以上、一定期日を定めて支払わなければなりません。ただし、税金、雇用保険料などの法定控除及び組合費などの労使協定による控除は全額払いの例外となります。(労働基準法第24条)\n最低賃金\n使用者は労働者に対し最低賃金額以上の賃金を支払わなくてはなりません。最低賃金には、地域別最低賃金と産業別最低賃金があります。(最低賃金法)\n労働時間､休日\n法定労働時間は、1日8時間、1週間40時間 (一部の規模・業種の事業場については46時間)となっています。(労働基準法第32条。第40条)法定の休日は、週について１日又は４週について４日以上とされています。(労働基準法第35条)\n時間外・休日労働及び深夜労働の割増賃金\n法定の労働時間を延長し､法定の休日に労働させるには、法令で定められた一定の手続きが必要とされています。（労働基準法第36条）\nまた、法定の労働時間を超える労働に対しては､通常の労働時間または労働日の賃金の25％以上の率、法定の休日における労働に対しては、35％以上の率で計算した割増賃金を支払わなければなりません。\nさらに、深夜（午後10時から午前5時まで）における労働に対しても、25％以上の率で計算した割増賃金を支払わなければなりません。（労働基準法第37条）\n年次有給休暇\n6ヶ月間継続勤務し、全労働の8割以上出勤した労働者に対しては､年次有給休暇を与えなければなりません。（労働基準法第39条）\n金品の返還\n我が国に在留する外国人は、旅券又は外国人登録証明書を常時携帯する必要がある（入管法第23条）ので、事業主は旅券等を保管しないこととされています。\nまた、労働者が退職する際に、請求があった場合、7日以内に当該労働者の権利に属する金品を返還しなければなりません。（労働基準法第23条）\n安全衛生\n労働者の安全と衛生を確保するため、安全衛生教育（雇入れ時の教育等）、健康診断の実施等、労働者の危険又は健康障害を防止するための措置を講じなければなりません。（労働安全衛生法）""}]"
引越し後の自動車関連の手続きについて,引越し後の自動車関連の手続きについては、滋賀県警の外国人向け案内に基づく情報を参照してください。主な手続きとしては、住所変更に伴う運転免許証の住所変更手続きと自動車の名義・登録情報の更新、そして自賠責保険・任意保険の適用範囲の確認が挙げられます。具体的な手続き方法・窓口・必要書類については、滋賀県警の案内ページをご参照ください。,"[{""sid"": ""S1"", ""question"": ""外国の運転免許証から日本の運転免許証への切り替え"", ""answer"": ""- 外国の運転免許証から日本の運転免許証への切替手続について (https://www.pref.shiga.lg.jp/police/menkyo/kokugai/301012.html)\n- CONVERTING YOUR OVERSEAS DRIVER’S LICENSE TO A JAPANESE LICENSE (https://www.pref.shiga.lg.jp/police/menkyo/kokugai/301012.html#%E8%8B%B1%E8%AA%9E)\n- 외국 운전면허를 국내 운전면허로 교체 신청하시는 분께 (https://www.pref.shiga.lg.jp/police/menkyo/kokugai/301012.html#%E9%9F%93%E5%9B%BD%E8%AA%9E)\n- 外国驾照换领日本驾照须知 (https://www.pref.shiga.lg.jp/police/menkyo/kokugai/301012.html#%E4%B8%AD%E5%9B%BD%E8%AA%9E)\n- TROCA DA CARTEIRA DE HABILITAÇÃO ESTRANGEIRA PARA A CARTEIRA DE HABILITAÇÃO DO JAPÃO (https://www.pref.shiga.lg.jp/police/menkyo/kokugai/301012.html#%E3%83%9D%E3%83%AB%E3%83%88%E3%82%AC%E3%83%AB%E8%AA%9E)\n- CAMBIO DE SU LICENCIA DE CONDUCIR EXTRANJERA A LA LICENCIA JAPONESA (https://www.pref.shiga.lg.jp/police/menkyo/kokugai/301012.html#%E3%82%B9%E3%83%9A%E3%82%A4%E3%83%B3%E8%AA%9E)""}]"
電話の確認,質問の内容が不明確です。電話の確認について、滋賀県の情報としては、緊急時には警察の110番・救急の119番を使用し、災害時には災害用伝言ダイヤル171などを活用してください。電子マネーを用いた詐欺に関する注意喚起や、公式の資金移動業者登録情報の確認方法も案内されています。目的を具体的に教えていただければ、事実ベースで簡潔に回答します。,"[{""sid"": ""S1"", ""question"": ""金融トラブルにご注意！！"", ""answer"": ""電子マネーのトラブル\nインターネット有料サイトの利用料金未納を騙った架空請求など、詐欺行為の支払手段として現金だけでなく、電子マネーを悪用した被害が急増しています。\n※※プリペイドカードなどの電子マネーは、相手にカードを渡さなくても、カードに記載された番号等を伝えるだけで電子マネーの価値を譲渡したことになります。\n詐欺です！：コンビニで電子マネーカードを買って、カード番号を教えて。\n！身に覚えのない請求等に返信、連絡しないでください。\n！事業者、法務省や裁判所などが「未納料金などの支払い」の名目で、　　コンビニで電子マネーカードを購入させることは絶対にありません。\nマネー・ロンダリング（犯罪に関係するお金を持っている人をわからなくすること）は違法です！\n詐欺です！：「このお金をあなたの口座から送金してほしいんです。一万円あげますから。」\n！口座を他人にあげるなどの行為は違法です。\n！違法な業者かどうか判断できない場合はその業者は使わないでください。\n　金融庁ウェブサイトの資金移動業者登録一覧に載っていない業者は違法です。\n　ここから確認できます\nメール・SMS（ショートメッセージサービス）による被害防止対策として、あらかじめ受信拒否設定をしておくことが効果的です。\n！おかしいと思ったら、すぐに家族や友人、警察＃9110（警察相談専用電話）に相談！\n- 消費者ホットライン　　　　１８８　（日本語）\n- 訪日外国人観光客消費者ホットライン 03-5449-0906 英語・中国語・韓国語・タイ語・ベトナム語・フランス語・日本語\n- 金融サービス利用者相談室0570-016811（从ＩＰ電話からは：03-5251-6811）\n- 英語ワンストップ窓口 　　　email: equestion@fsa.go.jp""}, {""sid"": ""S3"", ""question"": ""緊急電話（事件・事故）"", ""answer"": ""110（事件の緊急番号）\n電話で警察に通報するときは、局番なしの110番にかければ、24時間体制で連絡できます。\n公衆電話から通報する場合、緊急用の赤いボタンを押してから110番にかけます。（119番も同様、無料）ケガ人がいる場合は、救急車の手配もしてくれます。\n\n電話するときは、次のことを順に伝えます。\n1. 事故か、犯罪かといった状況\n2. 起きた場所、または住所\n3. 自分の氏名\n119（火事の緊急番号）\n消防署も24時間体制で通報を受け付けています。消防署には消防車と救急車があります。\n電話するときは、次のことを順に伝えます。\n1. 火事か救急かを伝える\n2. 場所はどこか（目印などがあれば言う）\n3. 自分の氏名、電話番号""}]"
水道とガス代の支払い,水道とガス代の支払いについて、滋賀県国際協会の情報には直接の記載がありません。一般的には、各自治体の水道事業者とガス事業者の請求書に従って支払いを行います。詳細はお住まいの市区町村の公式情報や契約先にご確認ください。,"[{""sid"": ""S1"", ""question"": ""賃貸住居"", ""answer"": ""家やアパートを借りたい場合は、不動産業者に相談してください。\n\n契約に必要とされるのは\n敷金\n家賃支払いの担保として家主に預けておくお金です。退去する際に返金されるものです。未払い賃料および借りていた家の中に損害がある場合は、その修理費をさし引かれますが、残高が戻ります。\n礼金\n家主に支払う一時金で返金されないもの。\n報酬\n不動産業者に仲介を依頼した時は、通常1ヶ月分が必要です。""}]"
書類の確認,年末調整の申告書は国税庁の外国語版（英語、中国語、ポルトガル語、スペイン語、ベトナム語、フィリピノ語）が公開されています。,"[{""sid"": ""S1"", ""question"": ""年末調整の各種申告書（扶養控除等申告書など）について"", ""answer"": ""国税庁のウェブサイト内で、《外国語版》各種申告書（扶養控除等申告書など）が公開されています。\n【６言語版】\n英語、中国語、ポルトガル語、スペイン語、ベトナム語、フィリピノ語\nご活用ください。""}]"
夫が家から出て生活費を入れてくれない,滋賀県国際協会の情報の範囲では、家賃の支払いに関するトラブルについての具体的な解決策は記載されていません。一般的には、契約内容（敷金・礼金・仲介手数料）を確認し、必要に応じて不動産業者や関係機関へ相談することが推奨されています。夫婦間の生活費の清算については法的アドバイスが必要になる場合がありますので、まずは信頼できる専門家や行政の窓口に相談してください。,"[{""sid"": ""S1"", ""question"": ""賃貸住居"", ""answer"": ""家やアパートを借りたい場合は、不動産業者に相談してください。\n\n契約に必要とされるのは\n敷金\n家賃支払いの担保として家主に預けておくお金です。退去する際に返金されるものです。未払い賃料および借りていた家の中に損害がある場合は、その修理費をさし引かれますが、残高が戻ります。\n礼金\n家主に支払う一時金で返金されないもの。\n報酬\n不動産業者に仲介を依頼した時は、通常1ヶ月分が必要です。""}]"
妻と帰国の計画作成について,質問の趣旨が「妻と帰国の計画作成」についてであり、提供されたは離婚の準拠法等の情報です。滋賀県国際協会の情報の根拠として、婚姻や帰国計画に直接関連する具体的な案内はには含まれていません。したがって、現時点での事実ベースの回答は提供できません。適切な情報を得るには、滋賀県国際協会または在日外国人向けの公的窓口へ直接ご相談ください。,"[{""sid"": ""S1"", ""question"": ""離婚届"", ""answer"": ""- それぞれの夫婦が離婚する場合、どの国の法律が適用されるかという準拠法に深くかかわってきます。\n- 日本では、離婚の準拠法について、第一に夫婦の本国方が同一の時はその法律（共通本国法）により、第二にその共通本国法がない場合において夫婦の常居所地法が同一であるときはその法律によるが、第三にそのいずれの法律もない時は夫婦にもっとも密接な関係のある地の法律（密接関連法）による、とされていますが、これには例外があって、夫婦の一方が日本に常居所がある日本人であるときは、日本の法律によって決められます。\n- 日本の法律が適用される場合、協議離婚をすることができます。協議が成立しない場合は、家庭裁判所の調停や審判による離婚、地方裁判所の判決による離婚のいずれの方法もとることができます。\n- 各国の離婚に関する法律については、各在日公館にお問い合わせください。""}]"
受診について,エイズ検査は匿名・無料で保健所で受けられ、検査予約が必要です。曜日・時間はHPで確認してください。検査結果が当日出ない場合があり、結果は2～3週間後になることがあります。問い合わせ先は県内保健所（日本語対応のみ）およびしが外国人相談センター（日本語以外）です。エイズ相談・検査に関する専用電話は077-524-0051（受付：月・水 9:00-12:00）です。,"[{""sid"": ""S4"", ""question"": ""エイズ検査と相談"", ""answer"": ""エイズやHIV感染について不安に思うとき、抗体検査を保健所で受けましょう。相談、検査とも匿名、無料（原則）で受けられます。\n\nまた、滋賀県健康医療福祉部薬務感染症対策課内には専用電話を設置し、カウンセラーによる電話相談と面接を受け付けています。\nエイズ専用電話\n- 077-524-0051\n- 受付時間: 毎週月、水曜日　午前9時～12時""}]"
家賃の振り込みについて,滋賀県では、賃貸契約時の支払いは家賃の振込が基本です。振込先は物件の契約書や不動産業者からの案内に従ってください。敷金・礼金・仲介手数料・火災保険料など、契約時に別途発生する費用がある場合もあります。振込方法や期日などの詳細は契約書の規定を確認し、不明点は不動産業者に相談してください。,"[{""sid"": ""S1"", ""question"": ""賃貸住居"", ""answer"": ""家やアパートを借りたい場合は、不動産業者に相談してください。\n\n契約に必要とされるのは\n敷金\n家賃支払いの担保として家主に預けておくお金です。退去する際に返金されるものです。未払い賃料および借りていた家の中に損害がある場合は、その修理費をさし引かれますが、残高が戻ります。\n礼金\n家主に支払う一時金で返金されないもの。\n報酬\n不動産業者に仲介を依頼した時は、通常1ヶ月分が必要です。""}]"
郵便物について,郵便物についての情報は、S1の関連ページに各言語で案内があります。該当ページをご確認ください。,"[{""sid"": ""S1"", ""question"": ""郵便局について"", ""answer"": ""以下の関連ページに各言語で案内があります。""}]"
スマホの使用について,滋賀県国際協会の情報に基づくと、スマホの使用に際しては、詐欺被害を防ぐための対策が重要です。具体的には、身に覚えのない請求には返信・連絡を避け、電子マネーを用いた金銭の授受を安易に行わないこと、金融庁の資金移動業者登録一覧に載っていない業者は違法である可能性があるため取引を控えること、事業者や法務省・裁判所が未納料金の名目で電子マネーカードの購入を求めることは絶対にありません。もし不審な連絡を受けた場合は家族や友人、警察相談専用電話（警察＃9110）に相談すること、メール・SMSによる被害防止のため受信拒否設定を活用することが推奨されています。スマホの安全な利用には、未知のリンクをクリックしない、個人情報を安易に提供しない、公式な窓口以外の問い合わせを避けるといった基本的なセキュリティ習慣を徹底してください。,"[{""sid"": ""S1"", ""question"": ""金融トラブルにご注意！！"", ""answer"": ""電子マネーのトラブル\nインターネット有料サイトの利用料金未納を騙った架空請求など、詐欺行為の支払手段として現金だけでなく、電子マネーを悪用した被害が急増しています。\n※预プリペイドカードなどの電子マネーは、相手にカードを渡さなくても、カードに記載された番号等を伝えるだけで電子マネーの価値を譲渡したことになります。\n詐欺です！：「コンビニで電子マネーカードを買って、カード番号を教えて。\n」\n！身に覚えのない請求等に返信、連絡しないでください。\n！事業者、法務省や裁判所などが「未納料金などの支払い」の名目で、　　コンビニで電子マネーカードを購入させることは絶対にありません。\nマネー・ロンダリング（犯罪に関係するお金を持っている人をわからなくすること）は違法です！\n詐欺です！：「このお金をあなたの口座から送金してほしいんです。一万円あげますから。」\n！口座を他人にあげるなどの行為は違法です。\n！違法な業者かどうか判断できない場合はその業者は使わないでください。\n　金融庁ウェブサイトの資金移動業者登録一覧に載っていない業者は違法です。\nここから確認できます→　https://www.fsa.go.jp/menkyo/menkyoj/shikin_idou.pdf\n。\nメール・SMS（ショートメッセージサービス）による被害防止対策として、あらかじめ受信拒否設定をしておくことが効果的です。\n！おかしいと思ったら、すぐに家族や友人、警察＃9110（警察相談専用電話）に相談！\n- 消費者ホットライン　　　　１８８　（日本語）\n- 訪日外国人観光客消費者ホットライン 03-5449-0906\n- 金融サービス利用者相談室0570-016811（从ＩＰ電話からは：03-5251-6811）\n- 英語ワンストップ窓口　　　email: equestion@fsa.go.jp""}]"
仕事探しについて,滋賀県国際協会の情報に基づくと、日本国内で就労できる外国人は日本人と同様に職業紹介を受けることができます。ハローワークを活用して、就労に関する相談や雇用条件、雇用保険などの案内を受けることが可能です。高校生のアルバイトについては、15歳の誕生日後の最初の3月31日を過ぎた者は就労が認められ、在籍校の校則で許可されていれば働くことができますが、18歳未満の未成年には就労内容・時間に関して法的な制限があり、保護者の同意書、年齢証明、在留カードの提示が求められます。深夜業・時間外・休日労働・危険・有害業務の就業は禁止等、就労時間や業務内容について厳格な守備があります。雇用契約の際には契約書の確認が重要です。また、闇バイトや犯罪に結びつく勧誘には注意してください。困ったときの相談先として、滋賀労働局の雇用環境・均等室や労働条件相談、闇バイトの相談窓口等が案内されています。,"[{""sid"": ""S4"", ""question"": ""高校生はアルバイトできますか？"", ""answer"": ""15歳になって最初の3月31日が過ぎた人は就労が認められます。在籍する高校の校則でアルバイトが許可されていれば高校生も働くことができますが、18歳未満の未成年であり、社会での経験がまだ浅いため、以下のように法律で守られています。\n- 就職に当たって、保護者の同意書、年齢証明書、在留カードの提示が求められます。\n- 仕事の内容では、危険や有害な業務について就業の制限又は禁止されています。\n- 就労時間については、深夜業や時間外・休日労働の制限/変形労働時間制の勤務も禁止されています。\n※不当な労働契約や賃金の未払い、パワハラ、セクハラなど劣悪な環境で働かせるブラックバイトもあるので、雇用契約時には、雇用契約書を取り交わし、内容を確認するようにしてください。\n※犯罪行為によって報酬を受け取る\n闇バイト\nが、SNSなどを通して広まっています。決して「高収入」だから、と軽い気持ちで応募してはいけません。身分証や家族の情報などを提供してしまうことによって犯罪組織から抜け出せない手口になっています。自分の個人情報やプライバシーに関することはむやみに提供しないように気を付けましょう。\nいじめ、いやがらせ、セクハラ、解雇など仕事の相談\n- 滋賀労働局　雇用環境・均等室　Tel 077-523-1190\n- 労働条件相談ほっとライン（多言語相談）\n- 闇バイトの相談　警察相談ダイヤル#9110""}]"
用件について,"滋賀県国際協会の情報に基づく要点は以下です。
- 防災グッズはリュックに必須アイテムを揃え、運動靴を用意することが推奨されています（S1）。
- 郵便局に関する案内は多言語で案内があるとのことです（S2）。
- 自転車のヘルメット着用は努力義務となり、子どもを乗せる場合や他人に貸す場合はヘルメット着用を促す義務があります（S3）。バイク関係の名義変更手続きや自賠責保険についての情報も含まれています（S3）。
- 労働関係法令について、国籍の差別禁止、労働条件の書面明示、強制労働の禁止、解雇予告、賃金支払い、最低賃金、労働時間・休日、割増賃金、年休、旅券返還等、安全衛生等の基本ルールが示されています（S4）。","[{""sid"": ""S1"", ""question"": ""防災グッズは準備できていますか？"", ""answer"": ""避難する時に備えて、リュックにマスク、軍手、下着、常備薬、非常食、水、現金、保険証、連絡番号、身分証明書（パスポートや在留カード）の写しなどを入れ、運動靴を用意しておきましょう。""}, {""sid"": ""S2"", ""question"": ""郵便局について"", ""answer"": ""以下の関連ページに各言語で案内があります。""}, {""sid"": ""S3"", ""question"": ""二輪車のルールを知ってますか？"", ""answer"": ""自転車用ヘルメットの着用について\n道路交通法の一部を改正する法律の施行により、2023年4月1日から\n自転車利用者のヘルメット着用が努力義務になりました。\n。\n【自転車の運転者等の遵守事項】\n1. 自転車の運転者は、乗車用ヘルメットをかぶるよう努めなければなりません。\n2. 自転車の運転者は、子どもを乗せる場合、または他人に自転車を貸す場合は、その人に乗車用ヘルメットをかぶらせるよう努(つと)めなければなりません。\n3. 保護者の方は、児童や幼児が自転車を運転するときは、ヘルメットをかぶらせるよう努めなければなりません。\nバイク購入時の手続きについて\n販売店で原付バイクを購入すれば手続きはすべて行ってくれます。しかし、知人や友人、ネットオークションなどで中古バイクを譲り受けた場合は、自分で名義変更等の手続きをします。\n名義変更（登録）の手続きをする方法\nバイクの名義変更（登録）の方法は、バイクの排気量によって異なります。\n☆☆\t☆\t原付バイク（50～125cc）\n新しい所有者が住民登録をしている市役所で手続きできます。\n☆☆\t☆\t軽二輪バイク、中型・大型バイク（12６cc以上）\n新しい所有者の住所を管轄している運輸支局（陸運局）で手続きをします。\n滋賀運輸支局：守山市木浜町2298番地の5\n登録検査手続き案内：050-5540-2064\n! \t\t個人売買の基本ルールとしては買い手側が名義変更の手続きを行いますが、友人から買う場合は一緒に陸運局や役所に手続きに行く方法もあります。\n自賠責保険への加入\nバイク保険は「自賠責保険」と「任意保険」の二種類があります。\nバイクを購入すると自賠責保険への加入が必須です。\n自賠責保険は人身事故の補償を対象とした強制加入のもので、未加入運転の場合には罰則があります。また、加入は義務ではありませんが、被害者と加害者両方を補償できる任意保険に加入しておくと安心です。""}, {""sid"": ""S4"", ""question"": ""日本の労働関係法令（事業主側に求められていること ）"", ""answer"": ""国籍を理由とする差別的取り扱いの禁止\n使用者は、労働者の国籍、信条又は社会的身分を理由として、賃金、労働時間、その他の労働条件について、差別的取り扱いをしてはならないとされています。（労働基準法　第3条）\n労働条件の明示\n使用者は、労働契約を締結するにあたって、賃金、労働時間その他の労働条件を労働者に明示しなければなりません。特に賃金に関する事項は、書面で明示することが必要です。（労働基準法15条）\nまた、雇い入れにあたっては、賃金、労働時間等の主要な労働条件について、外国人労働者が理解できるようその内容を明らかにした書面（雇入通知書）を交付するよう求められています。\n強制労働･中間搾取の禁止\n使用者は、暴行や脅迫等で、労働者の意思に反して労働を強制してはなりません。\nまた、法令に基づいて許される場合のほか、業として他人の就職に介入して利益を得てはなりません。\n労働契約の不履行について違約金，損害賠償額を予定する契約の禁止\n契約期間満了前の退職等，労働者側の労働契約不履行について違約金を定めたり、損害賠償の額を予定する契約をすることは禁止されています。（労働基準法第16条）\n労働災害にあって療養中の労働者に対する解雇の制限\n業務上負傷し、又は疾病にかかり療養のために休業する期間及びその後30日間の解雇は禁止されています。(労働基準法第19条)\n解雇の予告\n労働者を解雇する場合には、少なくとも30日前に予告する必要があります。30日前に予告しない場合には30日に不足する日数分の平均賃金 (解雇予告手当)を支払う必要があります。\nただし、天災などのやむを得ない事由のために事業の継続が不可能になった場合や、労働者の責に帰すべき事由により解雇する場合はこの限りではありませんが、その場合、労働基準監督署長による解雇予告の除外認定を受けることが必要です。（労働基準法第20条､第21条）\n賃金の支払い\n賃金は､通貨で､労働者に対し直接に､全額を､毎月1回以上、一定期日を定めて支払わなければなりません。ただし、税金、雇用保険料などの法定控除及び組合費などの労使協定による控除は全額払いの例外となります。(労働基準法第24条)\n最低賃金\n使用者は労働者に対し最低賃金額以上の賃金を支払わなくてはなりません。最低賃金には、地域別最低賃金と産業別最低賃金があります。(最低賃金法)\n労働時間､休日\n法定労働時間は、1日8時間、1週間40時間 (一部の規模・業種の事業場については46時間)となっています。(労働基準法第32条。第40条)法定の休日は、週について１日又は４週について４日以上とされています。(労働基準法第35条)\n時間外・休日労働及び深夜労働の割増賃金\n法定の労働時間を延長し､法定の休日に労働させるには、法令で定められた一定の手続きが必要とされています。（労働基準法第36条）\nまた、法定の労働時間を超える労働に対しては､通常の労働時間または労働日の賃金の25％以上の率、法定の休日における労働に対しては、35％以上の率で計算した割増賃金を支払わなければなりません。\nさらに、深夜（午後10時から午前5時まで）における労働に対しても、25％以上の率で計算した割増賃金を支払わなければなりません。（労働基準法第37条）\n年次有給休暇\n6ヶ月間継続勤務し、全労働の8割以上出勤した労働者に対しては､年次有給休暇を与えなければなりません。（労働基準法第39条）\n金品の返還\n我が国に在留する外国人は、旅券又は外国人登録証明書を常時携帯する必要がある（入管法第23条）ので、事業主は旅券等を保管しないこととされています。\nまた、労働者が退職する際に、請求があった場合、7日以内に当該労働者の権利に属する金品を返還しなければなりません。（労働基準法第23条）\n安全衛生\n労働者の安全と衛生を確保するため、安全衛生教育（雇入れ時の教育等）、健康診断の実施等、労働者の危険又は健康障害を防止するための措置を講じなければなりません。（労働安全衛生法）""}]"
夫が借金のため家を出た,夫が借金のため家を出た場合、滋賀県国際協会が提供する情報には直接の具体策は記載されていません。一般的には、不動産業者へ相談して適切な賃貸契約手続きを進めること、生活支援制度として住居確保給付金などの制度を市町の窓口で確認することが推奨されています（家賃支払いの担保である敷金・礼金・仲介手数料の取扱い、住居確保給付金の概要はS1およびS5に基づく情報です）。ただし、本状の根拠はS1およびS5のみです。},"[{""sid"": ""S1"", ""question"": ""賃貸住居"", ""answer"": ""家やアパートを借りたい場合は、不動産業者に相談してください。\n\n契約に必要とされるのは\n敷金\n家賃支払いの担保として家主に預けておくお金です。退去する際に返金されるものです。未払い賃料および借りていた家の中に損害がある場合は、その修理費をさし引かれますが、残高が戻ります。\n礼金\n家主に支払う一時金で返金されないもの。\n報酬\n不動産業者に仲介を依頼した時は、通常1ヶ月分が必要です。""}, {""sid"": ""S5"", ""question"": ""新型コロナウイルス感染症の影響を受けた方への生活支援について"", ""answer"": ""住居確保給付金（家主さんに直接支払われる家賃）\n対象\n離職・廃業から２年以内または休業等により収入が減少し、離職等と同程度の状況にある方\n支給期間\n原則３カ月（最長９カ月まで）\n支給額\n家賃相当額を自治体から家主さんに支給\n申請方法\n市にお住まいの方は各市。町にお住まいの方は各町の社会福祉協議会\nご案内\n住居確保給付金のご案内はこちらから (https://www.mhlw.go.jp/content/000626236.pdf)\n★滋賀県では県営住宅での一時的な受入れを行っています。\n対象\n新型コロナウイルスの感染症に起因する解雇等により住宅の退去を余儀なくされた方\n入居期間\n最長一年間\n申込方法\n県庁土木交通部住宅課へお電話　（℡　０７７－５２８－４２３４）\nその他、生活にお困りの方は、お住まいの市町の福祉課や社会福祉事務所で相談しましょう！""}]"
損害賠償について,"滋賀県国際協会の情報に基づくと、損害賠償については、労災や公的給付の範囲があり、外国人労働者を含む労災保険で医療費や休業補償・後遺障害等が支給されます（事業主が保険料を全額負担）。傷病手当金は健康保険の給付で、事業主が給与を支払えない期間の生活補償として支給され、支給額は直近12か月の給与平均の2/3です。なお、二輪車関連の名義変更や自賠責保険の加入義務は別項目です。ご不明点は労働基準監督署または協会けんぽ滋賀支部へご相談ください（S1,S2,S4参照）。","[{""sid"": ""S1"", ""question"": ""労働災害"", ""answer"": ""外国人労働者（入国管理法における「不法就労者」を含む）も仕事場でケガをしたり、仕事が理由で病気になったり、死亡したり、あるいは職場への行きかえりに事故にあったりした場合には、医療費、仕事ができない分の補償、傷害が残ったときの補償等を労災保険から受けられます。この保険には、パートタイマー、アルバイトを問わず労働者を1人でも雇っている事業主は加入しなければならず、保険料については事業主が全額負担しなければなりません。 詳しいことは労働基準監督署に相談しましょう。""}, {""sid"": ""S2"", ""question"": ""【健康保険シリーズ3】病気やケガで休職した時の補償「傷病手当金」について"", ""answer"": ""会社で加入している健康保険には、医療費以外にも給付金があります。\nその一つが「傷病手当金」です。\n病気やケガで長期間仕事を休むと、給料が支払われなくなり生活費に困ることがあります。\nしかし傷病手当金を申請すれば、生活補償として給付金が健康保険より支給されます。\n傷病手当金は、病気休業中に被保険者とその家族の生活を保障するために設けられた制度で、被保険者が病気やケガのために会社を休み、会社から十分な報酬が受けられない場合に支給されます。\n【支給金額】直近１２か月の給与を平均した額の2/3\nただし、勤務先が社会保険に届けを出している給与総額です。手取りの金額とは一致しません。\n【支給の条件】\n1. 業務外の事由による病気やケガの療養のための休業であること\n2. 仕事に就くことができないこと（医師の証明が必要です）\n3. 連続する三日間を含み四日以上仕事につけなかったこと\n4. 休業した期間について給与の支払いがないこと（事業主の証明が必要です）\nその他、傷病手当金の詳細については協会けんぽのHPをご覧いただくか、お電話にてお問合せください。\n協会けんぽ滋賀支部\n℡　077-522-1099 (日本語)""}, {""sid"": ""S4"", ""question"": ""二輪車のルールを知ってますか？"", ""answer"": ""自転車用ヘルメットの着用について\n道路交通法の一部を改正する法律の施行により、2023年4月1日から\n自転車利用者のヘルメット着用が努力義務になりました。\n。\n【自転車の運転者等の遵守事項】\n1. 自転車の運転者は、乗車用ヘルメットをかぶるよう努めなければなりません。\n2. 自転車の運転者は、子どもを乗せる場合、または他人に自転車を貸す場合は、その人に乗車用ヘルメットをかぶらせるよう努(つと)めなければなりません。\n3. 保護者の方は、児童や幼児が自転車を運転するときは、ヘルメットをかぶらせるよう努めなければなりません。\nバイク購入時の手続きについて\n販売店で原付バイクを購入すれば手続きはすべて行ってくれます。しかし、知人や友人、ネットオークションなどで中古バイクを譲り受けた場合は、自分で名義変更等の手続きをします。\n名義変更（登録）の手続きをする方法\nバイクの名義変更（登録）の方法は、バイクの排気量によって異なります。\n☆☆\t☆\t原付バイク（50～125cc）\n新しい所有者が住民登録をしている市役所で手続きできます。\n☆☆\t☆\t軽二輪バイク、中型・大型バイク（12６cc以上）\n新しい所有者の住所を管轄している運輸支局（陸運局）で手続きをします。\n滋賀運輸支局：守山市木浜町2298番地の5\n登録検査手続き案内：050-5540-2064\n! \t\t個人売買の基本ルールとしては買い手側が名義変更の手続きを行いますが、友人から買う場合は一緒に陸運局や役所に手続きに行く方法もあります。\n自賠責保険への加入\nバイク保険は「自賠責保険」と「任意保険」の二種類があります。\nバイクを購入すると自賠責保険への加入が必須です。\n自賠責保険は人身事故の補償を対象とした強制加入のもので、未加入運転の場合には罰則があります。また、加入は義務ではありませんが、被害者と加害者両方を補償できる任意保険に加入しておくと安心です。""}]"
収入印紙について,滋賀県国際協会の情報のみを根拠に事実ベースで回答します。収入印紙についての具体的な記載は〜のどの項目にも含まれていません。したがって、滋賀県国際協会の公開情報として収入印紙に関する標準的な取り扱いを示す記述は見当たりません。収入印紙の取り扱いについては、税務署などの公式情報を参照してください。,"[{""sid"": ""S1"", ""question"": ""所得税"", ""answer"": ""所得のある人は所得税を納めなければなりません。所得は国籍に関わらず1月1日から1年間に得た個人所得のすべてに課税されます。しかし外国人の税金は滞在期間や職種などにより、次のとおりの方法で扱われます。\n- 日本に住所を持ち、または日本に引き続き1年以上居所を有する者や日本に永住しようとしている者で現在まで引き続き5年以上滞在しているものは、外国と日本の所得の両方に基づく税を支払います。\n- 日本に住所を有し、または現在まで引き続いて1年以上居所を有する個人で、日本に永住するつもりがなくかつ現在まで引き続いて5年以内滞在の一時的な居住者は、日本の所得と海外から送られてきたお金に基づく税を支払います。\n- 日本に1年以内の滞在期間で住所を持たないものは、日本の所得だけに基づく税を払います。\n納税者は管轄されている税務署で確定申告を提出します。申告の期間は2月16日から3月15日です。給与収入2000万円以下の給与所得の場合の所得税は、給与から直接差し引かれますので、通常給与所得者は所得税の申告書を提出する必要はありません。""}]"
年金受給を増やすことについて,年金受給を増やすには、老齢基礎年金のみを受ける場合は受給開始年齢65歳での満額を目指すこと、厚生年金加入者は老齢基礎年金に加算される厚生年金部分の受給額が増える点を理解してください。受給開始を繰り上げると額が減少、繰り下げると増加します。年金加入期間を長く保つこと、国民年金の任意加入や後納制度を活用して保険料納付期間を確保すること、合算対象期間を満たすことで受給資格を確保することも重要です。詳しい算出は加入状況と年齢によりますので、ねんきん定期便やねんきんネットでご自身の記録を確認してください。（S1/S3/S4より）,"[{""sid"": ""S1"", ""question"": ""老齢年金"", ""answer"": ""老齢年金では、どの人にも共通な基礎となる年金を老齢基礎年金といいます。国民年金の加入者は、この老齢基礎年金を受給しますが、厚生年金の加入者は、これに厚生年金部分を加算した金額を受給します。老齢基礎年金は、６０歳まで４０年間保険料を全額支払った場合、年間(779,300円（2017年度）の満額の年金額になります。老齢年金を受給するための年齢はこれまでどおりで６５歳からですが、希望すれば繰り上げ支給や繰り下げ支給もあります。また、厚生年金では、６０歳から６５歳まで、生年月日や性別など一定の要件に基づき、特別支給の老齢厚生年金が支給されます。""}, {""sid"": ""S3"", ""question"": ""年金を受け取るために必要な期間が１０年に短縮されました"", ""answer"": ""これまでは、老齢年金を受け取るためには、保険料納付済等期間が25年以上必要でしたが、2017年8月1日から、10年になりました。（遺族年金・障害年金の受給要件はこれまでどおり変更ありません。）\n老齢年金の受給資格は、以下の４項目をあわせた期間が１０年以上です。\n1. 保険料納付期間（国民年金保険料納付済み期間、厚生年金被保険者加入期間）\n2. 保険料免除、学生納付特例等の納付猶予を受けた期間\n3. 第３号被保険者期間（加入者に扶養されている被保険者）\n4. 合算対象期間（カラ期間） ＊\n＊4. のカラ期間は、年金額に反映されませんが、加入期間には計算される合算対象期間です。\n★ 合算対象期間 には、次のようなものがあります。\n日本国籍を取得した方、永住者等が年金の請求手続きをする際、海外在住期間があった場合に、このことを証明する書類が必要となります。このため、これまでのパスポートも大切に保管しておくことが大切です。また、2012年7月9日以前の「外国人登録原票」は、法務省で保管されています。このため、それ以前の出入国を証明するためには、出入(帰)国記録に係わる開示請求することになります。\n出入（帰）国記録に係る開示請求 (http://www.moj.go.jp/isa/applications/disclosure/record.html)""}, {""sid"": ""S4"", ""question"": ""自分の年金情報をチェック！"", ""answer"": ""毎年1回、誕生月に国民年金および厚生年金保険の加入者（被保険者）には、年金加入記録の確認のため、「ねんきん定期便」が届きます。届出住所が現住所と異なっている場合、「ねんきん定期便」が届きませんので、住所が変った場合は住所変更を届け出ましょう。\n年金記録の確認は\nねんきんネット (https://www.nenkin.go.jp/n_net/index.html)\n年金定期便・年金専用ダイヤル　℡　0570-058-555\n★\t保険料納付期間が１０年に満たない方も年金事務所で確認しましょう！ 年金記録に漏れがないか。（基礎年金番号が他にないか。別の氏名で登録されたものがないか。 合算対象期間がないか。（特に永住者、日本国籍の方は海外の滞在期間が合算されます。）\n★\t資格期間を満たすために次のような方法があります。 ６０歳から６５歳まで国民年金に任意加入する。（1965年4月1日以前生まれの方は最長７０歳まで任意加入できます） 国民年金後納制度を使い未納期間を解消する。（2018年9月30日まで５年後納制度が適用されます）""}]"
通訳を依頼について,滋賀県内での通訳を依頼したい場合、滋賀県国際協会の情報ベースとして、関連する項目は次のとおりです。通訳・ multilingual support に関する公式案内がある場合は、OTIT外国人技能実習機構の母国語相談窓口（英語・中国語・タガログ語・ベトナム語・インドネシア語等）に連絡するのが一つの方法です。電話番号は英語 0120-250-147、その他言語は本文に記載のとおりです。実際の通訳依頼の受付窓口名や窓口電話番号の最新情報は、滋賀県内の公式案内ページをご確認ください。なお、医療機関での外国語対応や法律相談窓口（法テラス）など、通訳が必要な場面ごとに適切な窓口が異なるため、具体的な利用シーンに応じて対応窓口を選択してください。,"[{""sid"": ""S2"", ""question"": ""技能実習について"", ""answer"": ""OTIT外国人技能実習機構　母国語相談\nTel 0120-250-147（英語 English）\nTel 0120-250-169 （中国語 中文）\nTel 0120-250-197（タガログ語 Tagalog）\nTel 0120-250-197（タガログ語 Tagalog）\nTel 0120-250-168（ベトナム語 Tiếng Việt）\nTel 0120-250-192（インドネシア語 Indonesia）　 　等々""}, {""sid"": ""S3"", ""question"": ""滋賀県内の外国語で対応可能な医療機関について"", ""answer"": ""滋賀県内の外国語で対応可能な医療機関リストは、以下のサイトをご覧ください。""}, {""sid"": ""S4"", ""question"": ""法律についての相談は"", ""answer"": ""法テラス\n℡　0570-078374（日本語）\n℡　0570-078377（英語、中国語、韓国語、スペイン語、ポルトガル語、ベトナム語、タガログ語)\n℡　03-5366-6008（多言語ダイヤル）\n法テラス滋賀\n大津市浜大津1-2-22　大津商中日生ビル５Ｆ\n℡　050-3383-5454\n滋賀弁護士会\n大津市梅林１-３-３""}]"
知り合いの年金手続きについて,知り合いの年金手続きについては、今の加入状況や年金の受給要件を確認する必要があります。年金記録の確認はねんきんネット等で行い、疑問があればねんきんダイヤルや草津・大津・彦根の年金事務所へ連絡してください。10年の受給要件については、保険料納付期間などを合算して10年以上が基準です。詳しい手続き先や連絡先は、S1～S4の案内をご参照ください。,"[{""sid"": ""S1"", ""question"": ""自分の年金情報をチェック！"", ""answer"": ""毎年1回、誕生月に国民年金および厚生年金保険の加入者（被保険者）には、年金加入記録の確認のため、「ねんきん定期便」が届きます。届出住所が現住所と異なっている場合、「ねんきん定期便」が届きませんので、住所が変った場合は住所変更を届け出ましょう。\n年金記録の確認は\nねんきんネット (https://www.nenkin.go.jp/n_net/index.html)\n年金定期便・年金専用ダイヤル　℡　0570-058-555\n★\t保険料納付期間が１０年に満たない方も年金事務所で確認しましょう！ 年金記録に漏れがないか。（基礎年金番号が他にないか。別の氏名で登録されたものがないか。 合算対象期間がないか。（特に永住者、日本国籍の方は海外の滞在期間が合算されます。）\n★\t資格期間を満たすために次のような方法があります。 ６０歳から６５歳まで国民年金に任意加入する。（1965年4月1日以前生まれの方は最長７０歳まで任意加入できます） 国民年金後納制度を使い未納期間を解消する。（2018年9月30日まで５年後納制度が適用されます）""}, {""sid"": ""S2"", ""question"": ""年金の相談は"", ""answer"": ""- ねんきんダイヤル ℡ 0570-05-1165　　　IP電話・PHS: ℡ 03-6700-1165\n- 街角の年金相談センター草津（草津市渋川1-1-50） ℡　077-564-4311\n- 大津年金事務所（大津市打出浜13-5） ℡ 077-521-1789\n- 草津年金事務所（草津市西渋川1-16-35） ℡ 077-567-2220\n- 彦根年金事務所（彦根市外町169-6） ℡ 0749-23-1114""}, {""sid"": ""S3"", ""question"": ""年金を受け取るために必要な期間が１０年に短縮されました"", ""answer"": ""これまでは、老齢年金を受け取るためには、保険料納付済等期間が25年以上必要でしたが、2017年8月1日から、10年になりました。（遺族年金・障害年金の受給要件はこれまでどおり変更ありません。）\n老齢年金の受給資格は、以下の４項目をあわせた期間が１０年以上です。\n1. 保険料納付期間（国民年金保険料納付済み期間、厚生年金被保険者加入期間）\n2. 保険料免除、学生納付特例等の納付猶予を受けた期間\n3. 第３号被保険者期間（加入者に扶養されている被保険者）\n4. 合算対象期間（カラ期間） ＊\n＊4. のカラ期間は、年金額に反映されませんが、加入期間には計算される合算対象期間です。\n★ 合算対象期間 には、次のようなものがあります。\n日本国籍を取得した方、永住者等が年金の請求手続きをする際、海外在住期間があった場合に、このことを証明する書類が必要となります。このため、これまでのパスポートも大切に保管しておくことが大切です。また、2012年7月9日以前の「外国人登録原票」は、法務省で保管されています。このため、それ以前の出入国を証明するためには、出入(帰)国記録に係わる開示請求することになります。\n出入（帰）国記録に係る開示請求 (http://www.moj.go.jp/isa/applications/disclosure/record.html)""}, {""sid"": ""S4"", ""question"": ""社会保障協定"", ""answer"": ""日本が「社会保障協定」を締結している国の年金加入期間のある方は、相手国の年金制度に加入していた期間を 日本の年金加入期間とみなすことができる国もあります。この場合、日本の年金額は、日本の年金保険料を納めた期間などに応じて決まります。\n具体的な協定相手国や各国とのくわしい協定内容については、→\n協定相手国別の情報 (https://www.nenkin.go.jp/service/shaho-kyotei/kunibetsu/info/index.html)""}]"
クレジットカードの返済について,クレジットカードの返済についての具体的な手続きは、提供された情報（S1〜S5）には含まれていません。したがって、滋賀県国際協会の情報に基づく事実ベースの回答はできません。適切な情報源としては、金融庁の資金移動業者登録の確認や消費者ホットライン等の案内を参照してください。必要であれば、S1の詐欺対策や相談窓口の連絡先を再提示します。,"[{""sid"": ""S1"", ""question"": ""金融トラブルにご注意！！"", ""answer"": ""電子マネーのトラブル\nインターネット有料サイトの利用料金未納を騙った架空請求など、詐欺行為の支払手段として現金だけでなく、電子マネーを悪用した被害が急増しています。\n※预プリペイドカードなどの電子マネーは、相手にカードを渡さなくても、カードに記載された番号等を伝えるだけで電子マネーの価値を譲渡したことになります。\n詐欺です！：「コンビニで電子マネーカードを買って、カード番号を教えて。\n」\n！身に覚えのない請求等に返信、連絡しないでください。\n！事業者、法務省や裁判所などが「未納料金などの支払い」の名目で、　　コンビニで電子マネーカードを購入させることは絶対にありません。\nマネー・ロンダリング（犯罪に関係するお金を持っている人をわからなくすること）は違法です！\n詐欺です！：「このお金をあなたの口座から送金してほしいんです。一万円あげますから。」\n！口座を他人にあげるなどの行為は違法です。\n！違法な業者かどうか判断できない場合はその業者は使わないでください。\n　金融庁ウェブサイトの資金移動業者登録一覧に載っていない業者は違法です。\nここから確認できます→　https://www.fsa.go.jp/menkyo/menkyoj/shikin_idou.pdf\n。\nメール・SMS（ショートメッセージサービス）による被害防止対策として、あらかじめ受信拒否設定をしておくことが効果的です。\n！おかしいと思ったら、すぐに家族や友人、警察＃9110（警察相談専用電話）に相談！\n- 消費者ホットライン　　　　１８８　（日本語）\n- 訪日外国人観光客消費者ホットライン 03-5449-0906\n- 金融サービス利用者相談室0570-016811（从ＩＰ電話からは：03-5251-6811）\n- 英語ワンストップ窓口　　　email: equestion@fsa.go.jp""}]"
難民申請中の生活支援,滋賀県国際協会の情報を根拠に事実ベースで回答します。難民申請中の生活支援について、滋賀県の公的情報として直接の記載はS1〜S5の範囲には見当たりません。難民申請中の支援に関しては、現時点で公的窓口としては市町の福祉課・社会福祉協議会や福祉の窓口へ相談する案内が示されています（生活に困ったら、社会福祉協議会・市役所の福祉の窓口へ相談推奨）。また、難民申請中の方への具体的な特例や給付についての記載はS1〜S5には含まれていません。従って、難民申請中の方は、まず居住地の市町の福祉課・社会福祉協議会、または社会的包摂サポートセンターの窓口へ相談してください。窓口連絡先はS2に示されています（0120-279-338）。滋賀県では県営住宅での一時的な受入れを行っていますが、対象は難民申請中の方ではなく、新型コロナ関連の退去を余儀なくされた方の受入れとなっています（S1）。今後、難民申請中の方への具体的な案内は、各市町の福祉課や社会福祉協議会へご相談ください。,"[{""sid"": ""S1"", ""question"": ""新型コロナウイルス感染症の影響を受けた方への生活支援について"", ""answer"": ""住居確保給付金（家主さんに直接支払われる家賃）\n対象\n離職・廃業から２年以内または休業等により収入が減少し、離職等と同程度の状況にある方\n支給期間\n原則３カ月（最長９カ月まで）\n支給額\n家賃相当額を自治体から家主さんに支給\n申請方法\n市にお住まいの方は各市。町にお住まいの方は各町の社会福祉協議会\nご案内\n住居確保給付金のご案内はこちらから (https://www.mhlw.go.jp/content/000626236.pdf)\n★滋賀県では県営住宅での一時的な受入れを行っています。\n対象\n新型コロナウイルスの感染症に起因する解雇等により住宅の退去を余儀なくされた方\n入居期間\n最長一年間\n申込方法\n県庁土木交通部住宅課へお電話　（℡　０７７－５２８－４２３４）\nその他、生活にお困りの方は、お住まいの市町の福祉課や社会福祉事務所で相談しましょう！""}, {""sid"": ""S2"", ""question"": ""生活に困ったら"", ""answer"": ""市役所の福祉の窓口または、社会福祉協議会に相談しましょう。\n社会的包摂サポートセンター　よりそいホットライン\nTel: 0120-279-338""}]"
友達の日本人が生活困窮している,友達の日本人が生活困窮している場合、まず市役所の福祉窓口または社会福祉協議会に相談してください。必要な支援や制度の案内が受けられます。地域の生活困窮者支援窓口や公的機関が相談を受け付け、適切な支援につなげます。,"[{""sid"": ""S5"", ""question"": ""生活に困ったら"", ""answer"": ""市役所の福祉の窓口または、社会福祉協議会に相談しましょう。\n社会的包摂サポートセンター　よりそいホットライン\nTel: 0120-279-338""}]"
賃貸契約の解除について,滋賀県国際協会の情報に基づき、賃貸契約の解除について以下の要点を簡潔に示します。 1) 賃貸契約を解除する場合、退去時には敷金の扱いが重要です。未払い賃料や物件の損傷がある場合は修理費等を差し引かれ、残額が返金されます。 2) 礼金は返金されません。 3) 契約形態により、契約期間の定めがある場合とない場合で手続きが異なることがあります。 4) 契約解除の具体的手続き（退去通知の時期、解約予告の有無、解約通知の方法）は就業規則・契約書に定められているため、事前に確認してください。 5) 奈良の行政情報ではなく滋賀県の窓口情報として、必要に応じて滋賀労働局等の相談窓口を参照してください。,"[{""sid"": ""S1"", ""question"": ""賃貸住居"", ""answer"": ""家やアパートを借りたい場合は、不動産業者に相談してください。\n\n契約に必要とされるのは\n敷金\n家賃支払いの担保として家主に預けておくお金です。退去する際に返金されるものです。未払い賃料および借りていた家の中に損害がある場合は、その修理費をさし引かれますが、残高が戻ります。\n礼金\n家主に支払う一時金で返金されないもの。\n報酬\n不動産業者に仲介を依頼した時は、通常1ヶ月分が必要です。""}]"
住む場所について,滋賀県には県営住宅と市営・町営住宅があり、住まい探しには公営住宅と民間賃貸の両方の選択肢があります。県営住宅は年4回募集があり、募集は4月・7月・10月・1月です。市営・町営住宅についてはお住まいの市町役場へ問い合わせてください。民間賃貸を検討する場合は、不動産情報サイトや保証・火災保険の加入、保証人や更新料等の契約条件を確認しましょう。空き家バンクや住宅セーフティネットなど、条件に合う支援制度も利用できます。引っ越し後は転出・転入届などの手続きと近所付き合い、自治会の有無を確認してください。,"[{""sid"": ""S1"", ""question"": ""住む家を探すには？"", ""answer"": ""住まい探しに役立つ情報です。住宅には、「公営住宅」、「賃貸住宅」、「持ち家」などがあります。\n公営住宅\n所得の低い人など一定の条件を満たす人を対象に、公的な住宅があります。定期的に募集をおこない、抽選によって入居が決定します。滋賀県には県営住宅と、市町によって市営や町営住宅があるところもあります。在留資格や所得の要件があるので、確認してください。\n県営住宅\n滋賀県には、県営住宅が県内各地域にあり、年4回（４月、７月、１０月、１月）募集があります。\n市営町営住宅\nお住まいの市町役場に問い合わせてください。\n賃貸住宅\n一般に、日本では不動産屋で物件を探し、書面で契約を結びます。契約時、物件により、礼金や敷金が必要になります。（礼金は家主へのお礼として支払うお金で戻ってきません。敷金とは退去時に原状回復のために使われ、一部戻ってくる場合もあります。）また、連帯保証人が必要な場合と、家賃保証会社を利用する場合があります。その他、不動産屋への仲介手数料の支払いがあります。契約に火災保険の加入が含まれる場合が一般的です。その他、管理費や２年ごとに更新料を支払う必要がある場合が多いです。\nお役立ちサイト\n- [ 不動産情報検索サイト ] （公社）滋賀県宅地建物取引業協会 (https://www.hatomarksite.com/search/shiga/)\n- [ 外国語が話せる不動産店一覧 ] （公財）日本賃貸住宅管理協会 (https://www.jpm.jp/multilingual/index.html)\n- [ 外国人の民間賃貸住宅への円滑な入居について ]　国土交通省 (https://www.mlit.go.jp/jutakukentiku/house/jutakukentiku_house_tk3_000017.html)\n滋賀県の居住支援・住宅セーフティネット制度\n滋賀県での高齢者世帯、障害者世帯、外国人世帯、子育て世帯の入居を受け入れる民間賃貸住宅等の情報です。\n- 滋賀県のセーフティネット住宅 (https://safetynet-jutaku.mlit.go.jp/guest/apart_list.php?pref=25)\n- 滋賀あんしん賃貸住宅 (https://www.pref.shiga.lg.jp/ippan/kendoseibi/zyuutaku/300196.html)\n火災保険\n住宅は賃貸や持ち家にかかわらず、火災保険に加入する必要があります。\n賃貸アパートやマンションなどの場合、入居時や更新時に「大家」と「入居者」がそれぞれ火災保険に加入するケースが一般的です。建物は大家の資産なので、建物に対する火災保険は大家が加入して保険料を支払い、室内の家具や家電などの家財道具に対する保険は、入居者が加入し保険料を支払います。持ち家であれば建物と家財の両方を補償する火災保険に入ります。\n持ち家\n日本では、不動産を購入する際に国籍や在留資格に基づく制限はありません。ただし住宅ローンの借り入れは、永住者や特別永住者の在留資格をお持ちの方に限られています。年齢や所得、勤続年数などの基準を満たし、審査に通ると住宅ローンを組むことができます。また、要件などを満たせば、確定申告で住宅ローン控除を受けることができます。住宅を購入した後、経済状況に変化があった場合は、住宅ローンの借り換えや返済について、銀行に条件変更の相談をしましょう。\nまた、１月１日に住宅を所有している人は、その資産をもとに算定した固定資産税をお住まいの市町役場に支払います。\n空き家バンク\n空き家の賃貸・売却を希望する人が登録した情報を、空き家の利活用を希望する人に紹介する制度です。希望する市町役場の住宅課に空き家バンクがあるかたずねてください。\n- 空き家バンク (https://www.akiya-athome.jp/buy/25/)\n困ったときの相談窓口　（相談無料）\n入居中・契約の解除・明渡し時のトラブルなどの相談窓口：・滋賀県消費生活センター（彦根）/ TEL 0749-23-0999\n住宅取得や不具合、事業者とのトラブルなど様々な住宅についての相談窓口：・住まいるダイヤル/ TEL 03-3556-5147\n引っ越し先が決まったら、何をしたらいいのでしょう？\n届け出\nお住まいの市町役場に転出届を出します。引っ越し後14日以内に、新住所の役場に転居、転入届を出し、在留カードとマイナンバーカードの住所変更も行います。また、子どもさんがおられる方は、新しい保育園、幼稚園、学校への転入手続きも行います。職場、銀行への連絡や、運転免許証の住所変更も必要です。郵便局へ郵便物の転送届を出しておくと、引っ越し前の住所地に届いた郵便物を新住所に転送してもらえます。\n近所との付き合い\n日本では、引っ越した人が近所の人に挨拶をする習慣があります。近所の人と知り合って、ゴミの収集日や収集場所、災害時の避難場所など地域のルールを教えてもらいましょう。\n自治会\n地域ごとに住民が運営する自治会があります。自治会では、住民同士が地域での暮らしを良くするため、防犯、防災、美化活動を行ったり、地域の子どもたちがスポーツや祭りなどを楽しむ「子ども会」があるなど様々な活動をしています。それらの事業の運営のため、会員は自治会費を支払い、役割分担(ぶんたん)もあります。また、細かな地域の情報が掲載された「回覧板」が回ってきます。自治会は任意加入ですが、ゴミ収集場所の管理を自治会がしている場合など、加入が必要になることもあります。災害時などには近所同士の助け合いが必要になるので、近所とのお付き合いは大切にしましょう。\n※地域によって自治会の有無や活動内容、自治会費は異なりますので、必ず確認してください。""}, {""sid"": ""S2"", ""question"": ""住宅を探しています。"", ""answer"": ""県営住宅や市営住宅の他、民間の住宅もあります。市営住宅については市町役場にたずねましょう。\n- 県営住宅 滋賀県営住宅管理センター (https://shiga-kenei.com) ℡　077-510-1500 ℡　077-510-1501　(外国人専用)\n- 滋賀あんしん賃貸支援事業 (https://www.shiga-anshin.net/)\n- 日本賃貸住宅管理協会 (https://www.jpm.jp/) 日本賃貸住宅管理協会 English (https://www.jpm.jp/foreigner/)\n- ＵＲ賃貸住宅 (https://www.ur-net.go.jp/chintai/kansai/shiga/counter/)\n- VILLAGE HOUSE (ENG, POR) (https://www.villagehouse.jp)\n- 大東建託(多言語 Multilingual) (http://e-heya.kentaku.net/shiga/)\n民間賃貸住宅についての相談は\n滋賀県土木交通部住宅課 (http://www.pref.shiga.lg.jp/h/jutaku/sumai_machi/safetynet/soudan.html)\n℡077-528-4235""}, {""sid"": ""S3"", ""question"": ""引っ越し先が決まったら、何をしたらいいのでしょう？"", ""answer"": ""届け出\nお住まいの市町役場に転出届を出します。引っ越し後14日以内に、新住所の役場に転居、転入届を出し、在留カードとマイナンバーカードの住所変更も行います。また、子どもさんがおられる方は、新しい保育園、幼稚園、学校への転入手続きも行います。職場、銀行への連絡や、運転免許証の住所変更も必要です。郵便局へ郵便物の転送届を出しておくと、引っ越し前の住所地に届いた郵便物を新住所に転送してもらえます。\n近所との付き合い\n日本では、引っ越した人が近所の人に挨拶をする習慣があります。近所の人と知り合って、ゴミの収集日や収集場所、災害時の避難場所など地域のルールを教えてもらいましょう。\n自治会\n地域ごとに住民が運営する自治会があります。自治会では、住民同士が地域での暮らしを良くするため、防犯、防災、美化活動を行ったり、地域の子どもたちがスポーツや祭りなどを楽しむ「子ども会」があるなど様々な活動をしています。それらの事業の運営のため、会員は自治会費を支払い、役割分担(ぶんたん)もあります。また、細かな地域の情報が掲載された「回覧板」が回ってきます。自治会は任意加入ですが、ゴミ収集場所の管理を自治会がしている場合など、加入が必要になることもあります。災害時などには近所同士の助け合いが必要になるので、近所とのお付き合いは大切にしましょう。\n※地域によって自治会の有無や活動内容、自治会費は異なりますので、必ず確認してください。""}, {""sid"": ""S4"", ""question"": ""引っ越し先が決まったら、何をしたらいいのでしょう？"", ""answer"": ""届け出\nお住まいの市町役場に転出届を出します。引っ越し後14日以内に、新住所の役場に転居、転入届を出し、在留カードとマイナンバーカードの住所変更も行います。\nまた、子どもさんがおられる方は、新しい保育園、幼稚園、学校への転入手続きも行います。職場、銀行への連絡や、運転免許証の住所変更も必要です。郵便局へ郵便物の転送届を出しておくと、引っ越し前の住所地に届いた郵便物を新住所に転送してもらえます。\n近所との付き合い\n日本では、引っ越した人が近所の人に挨拶をする習慣があります。近所の人と知り合って、ゴミの収集日や収集場所、災害時の避難場所など地域のルールを教えてもらいましょう。\n自治会\n地域ごとに住民が運営する自治会があります。自治会では、住民同士が地域での暮らしを良くするため、防犯、防災、美化活動を行ったり、地域の子どもたちがスポーツや祭りなどを楽しむ「子ども会」があるなど様々な活動をしています。それらの事業の運営のため、会員は自治会費を支払い、役割分担もあります。また、細かな地域の情報が掲載された「回覧板」が回ってきます。自治会は任意加入ですが、ゴミ収集場所の管理を自治会がしている場合など、加入が必要になることもあります。災害時などには近所同士の助け合いが必要になるので、近所とのお付き合いは大切にしましょう。\n※地域によって自治会の有無や活動内容、自治会費は異なりますので、必ず確認してください。""}, {""sid"": ""S5"", ""question"": ""在留について"", ""answer"": ""日本に住む外国人には、それぞれの滞在目的に従って在留資格と在留期間が与えられます。おのおのの「在留資格」には活動できる内容が厳格に規定されています。\n関連ページ\n出入国在留管理庁 (http://www.moj.go.jp/isa/index.html)\n在留関係の手続きについては\n在留関係手続き (https://www.moj.go.jp/isa/applications/index.html)\n入国後の在留関係の手続き\n滋賀県在住の方は、\n大阪入国管理局大津出張所\nで行います。\n大阪入国管理局大津出張所 (http://www.moj.go.jp/isa/about/region/osaka/index.html)\n大津市京町3-1-1 大津びわ湖合同庁舎6階　　℡：077-511-4231\n一般的な内容についての相談\n外国人在留インフォメーションセンター・ワンストップ型相談センター（入国管理局）に外国語で問い合わせることもできます。\n外国人在留インフォメーションセンター (http://www.moj.go.jp/isa/consultation/center/japanese.html)\n℡ 0570-013904（ＩＰ, ＰＨＳ, 海外: 03-5796-7112）\n新しい在留資格への移行により、平成24年7月9日より前の住所は住民票には記載されません。 ※これまで市区町村で保管されていた「外国人登録原票」は、平成24年7月9日から法務省で保管されています。\n外国人登録原票に係る開示請求について（法務省HPへリンク） (http://www.moj.go.jp/isa/applications/disclosure/foreigner.html)""}]"
保護者と話したい,滋賀県の情報に基づくと、保護者と学校はPTAや保護者会を通じて協力し、子どもの健全な成長を見守る活動を行います。入会金が必要な場合があり、活動内容は学校ごとに異なるため、入学時の案内を確認してください。,"[{""sid"": ""S1"", ""question"": ""[小学校デビューQ＆A] 保護者はどのように学校と関わりますか？"", ""answer"": ""小学校にはPTAや保護者会があります。保護者と教職員が協力し合い、学校に通う子どもたちの健全な成長を見守る活動を行うのが、主な目的です。活動を支えるための入会金も必要になります。学校によって活動内容や運営方法は様々なので、入学時の案内を確認してください。""}]"
バレーボールのサークルについて,滋賀県国際協会の公式情報として、バレーボールのサークルに関する具体的な情報は公開されていません。,[]
クレジットカードの支払い金の調整,クレジットカードの支払い金額の調整に関しては、公式な窓口へ相談することをおすすめします。具体的には、カード会社のカスタマーサービスに連絡して、支払い条件の変更（分割日変更・支払日変更・猶予など）の相談をしてください。滞納や遅延が懸念される場合は、事前に事情を伝え、返済計画の作成を依頼することが重要です。なお、未納料金の名目で電子マネー等を要求するような手口には絶対に応じず、公式窓口以外の連絡には答えないでください。必要に応じて、滋賀県内の消費生活センターや金融サービス利用者相談室等の公的窓口に相談してください。,"[{""sid"": ""S1"", ""question"": ""金融トラブルにご注意！！"", ""answer"": ""電子マネーのトラブル\nインターネット有料サイトの利用料金未納を騙った架空請求など、詐欺行為の支払手段として現金だけでなく、電子マネーを悪用した被害が急増しています。\n※※プリペイドカードなどの電子マネーは、相手にカードを渡さなくても、カードに記載された番号等を伝えるだけで電子マネーの価値を譲渡したことになります。\n詐欺です！：コンビニで電子マネーカードを買って、カード番号を教えて。\n！身に覚えのない請求等に返信、連絡しないでください。\n！事業者、法務省や裁判所などが「未納料金などの支払い」の名目で、　　コンビニで電子マネーカードを購入させることは絶対にありません。\nマネー・ロンダリング（犯罪に関係するお金を持っている人をわからなくすること）は違法です！\n詐欺です！：「このお金をあなたの口座から送金してほしいんです。一万円あげますから。」\n！口座を他人にあげるなどの行為は違法です。\n！違法な業者かどうか判断できない場合はその業者は使わないでください。\n　金融庁ウェブサイトの資金移動業者登録一覧に載っていない業者は違法です。\n　ここから確認できます\nメール・SMS（ショートメッセージサービス）による被害防止対策として、あらかじめ受信拒否設定をしておくことが効果的です。\n！おかしいと思ったら、すぐに家族や友人、警察＃9110（警察相談専用電話）に相談！\n- 消費者ホットライン　　　　１８８　（日本語）\n- 訪日外国人観光客消費者ホットライン 03-5449-0906 英語・中国語・韓国語・タイ語・ベトナム語・フランス語・日本語\n- 金融サービス利用者相談室0570-016811（从ＩＰ電話からは：03-5251-6811）\n- 英語ワンストップ窓口 　　　email: equestion@fsa.go.jp""}]"
友人への支援,友人が生活に困っている場合は、市役所の福祉窓口または社会福祉協議会に相談しましょう。必要に応じて、同センターの相談窓口や地域の子育て支援・居場所情報も活用できます。,"[{""sid"": ""S1"", ""question"": ""生活に困ったら"", ""answer"": ""市役所の福祉の窓口または、社会福祉協議会に相談しましょう。\n社会的包摂サポートセンター　よりそいホットライン\nTel: 0120-279-338""}]"
海外のオンライン高校への転校について,滋賀県国際協会の情報には、海外のオンライン高校への転校に直接言及した情報は含まれていません。代わりに、日本国内の高等教育・就学制度、フリースクール、夜間中学などの情報が提供されています。海外のオンライン高校への転校を検討する場合は、文部科学省や在外公館、現地校の受入れ条件など別の公的情報源を確認してください。,"[{""sid"": ""S1"", ""question"": ""高等教育について"", ""answer"": ""高校卒業後、さらに進学する場合、４年制の大学、２年または３年制の短期大学、専門学校など様々な道があります。それらの教育機関には、国立・公立・私立があり、専門科目についても選択肢は多数あります。また、短期大学や専門学校から大学に編入できたり、専門学校に在籍して大学や短大の授業を併修することもできます。\n大学の入学資格は、一般に日本の高校、または高等学校相当と指定された外国人学校で１２年間の学校教育課程を修了することです。その他、外国の学校を卒業した人、また教育課程が１２年に満たない人には次のような方法があります。詳しくは文部科学省のホームページで確認してください。\n1. 高卒認定試験に合格する。 高卒認定試験 (http://www.mext.go.jp/a_menu/koutou/shiken/)\n2. 初等中等教育が１２年以上の国から来た人の場合：外国の学校で初等中等教育12年以上受けている、または相当する学力認定試験に合格するなど。\n3. 初等中等教育が１２年未満の国から来た人の場合：外国において、高校に対応する学校の課程の修了、または高校修了相当の学力認定試験に合格＋文部科学大臣指定の準備教育課程、または研修施設を修了する。 文部科学大臣指定の準備教育課程 (http://www.mext.go.jp/a_menu/koutou/shikaku/07111314/001.htm) 研修施設 (http://www.mext.go.jp/a_menu/koutou/shikaku/07111314/002.htm)\n高等教育の学費は、教育機関や専攻する分野によって異なります。また遠方の学校に通学する場合には家賃や生活費も念頭に置かなければなりません。経済的な事情から進学をためらうことのないよう、奨学金についての情報も収集しておきましょう。""}, {""sid"": ""S2"", ""question"": ""さまざまな学校"", ""answer"": ""フリースクール\n学校とは異なるもうひとつの学びの場があります。学校に通えない子どもに多様な学びを提供し、精神的にも身体的にも安心・安全に過ごせる居場所にもなっています。\nフリースクールに通う子どもに対しての助成金がある市町もあるので各教育委員会にご確認ください。\n外国につながる子どものためのオンライン学習\n・ABCフリースクール　外国人のための日本の高校進学サポート。オンラインで授業を受講。(有料)\n・NICO PROJECT/YSCグローバル・スクール　オンラインで専門家から日本語の授業を受講。(有料)\n夜間中学\n中学校の就学義務年齢（満15歳）を過ぎた人で、中学校未修了、または不登校など様々な理由により十分学ぶことができなかった人などのための学び直しの場です。\n- 週5日（月曜日から金曜日まで）、一日4時間授業があります。\n- 中学校のすべての教科（9教科）を学びます。\n- 卒業すると、中学校卒業の資格が得られます。\n- 教科書代と授業料は無料です。（教材代など必要な場合もあります。）\n2025年4月から、滋賀県湖南市に夜間学級が開校します。\n問い合わせ\n湖南市教育委員会事務局　学校教育課　Tel　0748-77-7011""}, {""sid"": ""S3"", ""question"": ""日本留学総合ガイド"", ""answer"": ""外務省でウェブサイトを公開しています。""}, {""sid"": ""S4"", ""question"": ""小学校、中学校"", ""answer"": ""日本国内に住所を有する外国人の子どもは、日本の小中学校に就学する義務を負うものではありませんが、希望する場合は就学することができます。公立小中学校は授業料はいりませんが、教材費などは必要です。\n就学の問い合わせ\n- 公立小中学校への就学：各市町村教育委員会\n- 私立小中学校への就学：直接、各小中学校""}, {""sid"": ""S5"", ""question"": ""高校の入学"", ""answer"": ""一般の日本の高校へ入学するためには、入学試験に合格しなければなりません。\n応募資格\n年齢が入学しようとする年の4月1日までに15才に達していること。\n原則として、外国で9年間の学校教育を終了しているか、日本の中学校を卒業、又は卒業見込であること。\n入学の問い合わせ\n滋賀県教育委員会事務局 ： 077-528-4573""}]"
保護者に連絡したい,S1の情報に基づき、ペットの行方不明時や保護時には最寄りの警察署・交番または動物愛護センターへ連絡してください。滋賀県国際協会の情報としては、動物関連の具体的連絡先は記載されていませんが、一般的には最寄り機関へ連絡するのが適切です。,"[{""sid"": ""S1"", ""question"": ""ペットが行方不明になったり、保護した場合は？"", ""answer"": ""動物愛護センターや最寄りの交番か警察署に連絡しましょう。""}]"
自賠責保険の受け取り,ご質問の自賠責保険の受け取りについて、提供された情報(S1〜S5)には自賠責保険に関する記載が含まれていません。従って、滋賀県国際協会の情報のみを根拠に事実ベースで回答すると、自賠責保険の受け取りに関する手続きや要件をこの資料から確認することはできません。詳細は居住地の窓口や所轄の警察署・自賠責保険の公式情報をご参照ください。,"[{""sid"": ""S1"", ""question"": ""雇用保険"", ""answer"": ""雇用保険制度とは、在職中の労働者の雇用の安定を図り、失業中の労働者に対して、生活の安定と再就職の促進のために失業等給付を行うものです。　失業等給付は、労働者と事業主が支払う保険料によってまかなわれており、日本で雇用されれば外国の失業保険制度の適用を受けていることが立証された者を除き、原則として国籍（無国籍を含む）のいかんに関わらず被保険者となり、事業主を通じて被保険者になります。\n労働者が会社を自己都合、解雇などで離職した場合、次の条件を満たし、公共職業安定所が認めれば基本手当てを受給することができます。\n- 日本国内での就労に制限のない方で日本において反復して就労することが可能な方。\n- 離職日以前２年間に、被保険者期間が通算して１２ヶ月以上ある。（解雇や倒産の場合は離職の日以前１年間に通算６ヶ月以上）\n- 離職したため、被保険者の資格をなくしたことが確認された。\n- 仕事をしたくても仕事に就けない。\n※詳しくは、居住地の公共職業安定所までお問い合わせください。\n雇用保険の手続きについて (https://www.mhlw.go.jp/stf/seisakunitsuite/bunya/koyou_roudou/koyou/koyouhoken/index_00003.html)""}, {""sid"": ""S2"", ""question"": ""雇用保険"", ""answer"": ""雇用保険制度とは、在職中の労働者の雇用の安定を図り、失業中の労働者に対して、生活の安定と再就職の促進のために失業等給付を行うものです。　失業等給付は、労働者と事業主が支払う保険料によってまかなわれており、日本で雇用されれば外国の失業保険制度の適用を受けていることが立証された者を除き、原則として国籍（無国籍を含む）のいかんに関わらず被保険者となり、事業主を通じて被保険者になります。\n労働者が会社を自己都合、解雇などで離職した場合、次の条件を満たし、公共職業安定所が認めれば基本手当てを受給することができます。\n- 日本国内での就労に制限のない方で日本において反復して就労することが可能な方。\n- 離職日以前２年間に、被保険者期間が通算して１２ヶ月以上ある。（解雇や倒産の場合は離職の日以前１年間に通算６ヶ月以上）\n- 離職したため、被保険者の資格をなくしたことが確認された。\n- 仕事をしたくても仕事に就けない。\n※詳しくは、居住地の公共職業安定所までお問い合わせください。""}, {""sid"": ""S3"", ""question"": ""【健康保険シリーズ１】  日本の公的保険制度について"", ""answer"": ""日本の会社に就職して仕事を始めると、お給料から社会保険料が引かれていることに気が付くと思います。この“社会保険”とは何を指すのでしょうか。日本では様々な社会保険制度があり、国籍に関わらず皆さんが加入し保障を受けることができます。\n今回はその中の健康保険について、会社にお勤めの方と、そうでない方の違いを見てみましょう。\n会社で働いてお給料をもらっている方：会社を通じて社会保険に加入します。保険料は給料から天引きになりますが、保険料の半分を会社が負担してくれています。また、扶養の家族も一緒に加入することができます。家族は保険料がかかりません。健康保険と年金はセットで加入します。\n自営業・無職など会社にお勤めではない方（上記以外の方）：個人で国民健康保険に加入します。保険料はご自身でお住いの市役所に納める必要があります。保険料は家族分を含め、全額自己負担となります。同様に年金も、個人で国民年金に加入します。\n●　病院での支払いが3割で済むのはどちらも同じです。また医療費が高額になった時の給付、出産や死亡の時の給付も同じです。会社の社会保険には病気や出産で仕事を休んだ時に、お給料を一部保障する給付がありますが、国民健康保険にはありません。\n健康保険の加入と脱退の手続きについて\n会社に就職したとき：社会保険に加入するときは会社が手続きをしてくれますが、それまで加入していた国民健康保険の脱退の手続きは自分でする必要があります。保険料が二重で請求されることのないよう、お住いの市役所で脱退の手続きをしてください。\n会社を退職したとき：退職し社会保険の資格が喪失したときは、保険証は使えなくなっていますので、すぐに会社に返却しましょう。そして自分で市役所に行って国民健康保険に加入し、保険証をもらう手続きをする必要があります。他にも社会保険を任意で継続加入する、ご家族の扶養に入るといった選択肢もありますので確認してみてください。""}, {""sid"": ""S4"", ""question"": ""医療保険制度"", ""answer"": ""日本の医療保険制度には、大きく分けて「健康保険」と「国民健康保険」があります。外国人も1年以上在留する場合はいずれかの保険に加入しなければなりません。医療保険に加入することにより、被保険者やその被扶養者が病気やけがをして診療を受ける場合に医療給付が受けられます。\n健康保険\n会社で常時雇用されている人は健康保険制度が適用されます。被保険者とその扶養者が加入し給付が受けられます。保険料は、加入者の所得によって決まりますが、本人が負担するのは半分で、残りの半分は雇用主が支払います。\n医療費自己負担　　3割\n- その他の給付：傷病給付、出産育児一時金、出産手当金など\n国民健康保険\n一年以上日本に居住し，健康保険に加入していない場合、居住地の市町村で国民健康保険に加入しなければなりません。\n 保険料は、加入世帯の所得、固定資産税額、世帯の人数などをもとに毎年決めています。\n医療費自己負担　　3割\n- その他の給付：出産一時金、　高額医療費、葬祭費（加入者が死亡したとき）\n- 病院で治療、診察を受ける時には健康保険証を必ず受け付けで渡して下さい。""}, {""sid"": ""S5"", ""question"": ""医療保険制度"", ""answer"": ""日本の医療保険制度には、大きく分けて「健康保険」と「国民健康保険」があります。外国人も1年以上在留する場合はいずれかの保険に加入しなければなりません。医療保険に加入することにより、被保険者やその被扶養者が病気やけがをして診療を受ける場合に医療給付が受けられます。\n健康保険\n会社で常時雇用されている人は健康保険制度が適用されます。被保険者とその扶養者が加入し給付が受けられます。保険料は、加入者の所得によって決まりますが、本人が負担するのは半分で、残りの半分は雇用主が支払います。\n医療費自己負担　　3割\n- その他の給付：傷病給付、出産育児一時金、出産手当金など\n国民健康保険\n一年以上日本に居住し，健康保険に加入していない場合、居住地の市町村で国民健康保険に加入しなければなりません。\n 保険料は、加入世帯の所得、固定資産税額、世帯の人数などをもとに毎年決めています。\n医療費自己負担　　3割\n- その他の給付：出産一時金、　高額医療費、葬祭費（加入者が死亡したとき）\n- 病院で治療、診察を受ける時には健康保険証を必ず受け付けで渡して下さい。""}]"
難民支援,難民支援に関して、滋賀県国際協会の情報のみを根拠として、生活窓口の相談を推奨します。困窮時は市役所の福祉窓口や社会福祉協議会、所属する地域の福祉課へ相談してください。滋賀県では県営住宅の一時受入れを行っており、解雇等により住宅退去を余儀なくされた方を対象に入居期間は最長1年間です。申込先は県庁土木交通部住宅課（TEL 077-528-4234）まで。生活保護や公的支援の案内は各市町の窓口へご相談ください。,"[{""sid"": ""S2"", ""question"": ""新型コロナウイルス感染症の影響を受けた方への生活支援について"", ""answer"": ""住居確保給付金（家主さんに直接支払われる家賃）\n対象\n離職・廃業から２年以内または休業等により収入が減少し、離職等と同程度の状況にある方\n支給期間\n原則３カ月（最長９カ月まで）\n支給額\n家賃相当額を自治体から家主さんに支給\n申請方法\n市にお住まいの方は各市。町にお住まいの方は各町の社会福祉協議会\nご案内\n住居確保給付金のご案内はこちらから (https://www.mhlw.go.jp/content/000626236.pdf)\n★滋賀県では県営住宅での一時的な受入れを行っています。\n対象\n新型コロナウイルスの感染症に起因する解雇等により住宅の退去を余儀なくされた方\n入居期間\n最長一年間\n申込方法\n県庁土木交通部住宅課へお電話　（℡　０７７－５２８－４２３４）\nその他、生活にお困りの方は、お住まいの市町の福祉課や社会福祉事務所で相談しましょう！""}]"
自動車の免税措置について,滋賀県における自動車の免税措置について、与えられた情報源S1には自動車税の説明のみが記載されており、免税措置の具体的な内容（免税対象や適用条件、免税金額など）は記載されていません。したがって、免税措置の有無や詳細はこの情報源S1だけでは確定できません。,"[{""sid"": ""S1"", ""question"": ""様々な税金"", ""answer"": ""不動産取得税\n不動産取得税は不動産の取得者に課せられます。\n自動車税\nすべての自動車の所有者に課せられます。（滋賀県自動車税務署）\n軽自動車税\n軽自動車の所有者に課せられます。（各市町村税務担当課）\n固定資産税\n固定資産税は、毎年1月1日に土地、家屋などを所有しているものに課せられます。""}]"
名誉棄損罪について,名誉棄損罪についての直接の説明は本資料には含まれていません。滋賀県国際協会に関する情報の根拠として挙げられているのは、被疑者の権利や当番弁護士制度、法テラス、国選弁護人の制度などの一般的な法制度の案内です。名誉棄損罪の具体的な定義・構成要件・罰則等を知るには、法務省・警察・検察などの公式資料または法務局・司法書士・弁護士会等の専門機関の案内をご参照ください。,"[{""sid"": ""S1"", ""question"": ""刑事事件を起こしてしまったら （事件・事故）"", ""answer"": ""被疑者の権利\n被疑者の権利として３つの権利が保障されています。\n1. 事実を知る権利\n2. 黙秘権\n3. 弁護人依頼権\n当番弁護士制度\n警察に逮捕、拘留された被疑者や家族の求めに応じて弁護士会が速やかに弁護士を被疑者のところに派遣する「当番弁護士」の制度があります。要請する場合ははっきりと申し出てください。\n滋賀弁護士会　当番弁護士専用電話　　TEL　077-522-2013\n民事法律扶助制度\n経済的に困っている人には、日本司法支援センター　(法テラス)　がありますので、当番弁護士が接見に来た際に相談してください 。\n法テラス [多言語ダイヤル]　TEL 0570-078-377\n法テラス [多言語] (http://www.houterasu.or.jp/multilingual/)\n国選弁護人\n起訴後、被告人は裁判のための弁護人を依頼することができます。経済的に無理な場合は、依頼すれば政府の国選弁護人をつけてくれます。""}]"
在留資格の更新について,滋賀県在住の方の在留資格更新については、在留期間の満了日が近づく前に、在留関係の手続き窓口を確認・申請する必要があります。滋賀県内の窓口として、大津出張所での手続き案内が案内されています。具体的な手続き内容や申請書の様式、取得すべき書類は法務省の在留関係手続きページを参照してください。問い合わせ先として、外国人在留インフォメーションセンターも活用できます。これらは滋賀県在住者向けの案内です。,"[{""sid"": ""S1"", ""question"": ""在留について"", ""answer"": ""日本に住む外国人には、それぞれの滞在目的に従って在留資格と在留期間が与えられます。おのおのの「在留資格」には活動できる内容が厳格に規定されています。\n関連ページ\n出入国在留管理庁 (http://www.moj.go.jp/isa/index.html)\n在留関係の手続きについては\n在留関係手続き (https://www.moj.go.jp/isa/applications/index.html)\n入国後の在留関係の手続き\n滋賀県在住の方は、\n大阪入国管理局大津出張所\nで行います。\n大阪入国管理局大津出張所 (http://www.moj.go.jp/isa/about/region/osaka/index.html)\n大津市京町3-1-1 大津びわ湖合同庁舎6階　　℡：077-511-4231\n一般的な内容についての相談\n外国人在留インフォメーションセンター・ワンストップ型相談センター（入国管理局）に外国語で問い合わせることもできます。\n外国人在留インフォメーションセンター (http://www.moj.go.jp/isa/consultation/center/japanese.html)\n℡ 0570-013904（ＩＰ, ＰＨＳ, 海外: 03-5796-7112）\n新しい在留資格への移行により、平成24年7月9日より前の住所は住民票には記載されません。 ※これまで市区町村で保管されていた「外国人登録原票」は、平成24年7月9日から法務省で保管されています。\n外国人登録原票に係る開示請求について（法務省HPへリンク） (http://www.moj.go.jp/isa/applications/disclosure/foreigner.html)""}]"
生活全般について,滋賀県国際協会の情報によると、住まいを探す際は公営住宅・県営・市町営住宅や賃貸・持ち家が選択肢です。公営住宅は所得要件があり抽選、県営は年4回募集、賃貸は礼金・敷金・保証人・火災保険など契約条件が一般的です。また、空き家バンクや住宅セーフティネット制度も案内されています。転居時は転出・転入手続きと在留カード・マイナンバーカードの住所変更、学校関連の手続き、郵便転送、自治会・地域ルールの確認が重要です。引越後の近所付き合いとして挨拶や自治会の情報収集、ゴミ出しルール等の周知を心掛けましょう。必要な手続きや制度の詳細は市町役場や所管機関へ問い合わせてください。,"[{""sid"": ""S5"", ""question"": ""住む家を探すには？"", ""answer"": ""住まい探しに役立つ情報です。住宅には、「公営住宅」、「賃貸住宅」、「持ち家」などがあります。\n公営住宅\n所得の低い人など一定の条件を満たす人を対象に、公的な住宅があります。定期的に募集をおこない、抽選によって入居が決定します。滋賀県には県営住宅と、市町によって市営や町営住宅があるところもあります。在留資格や所得の要件があるので、確認してください。\n県営住宅\n滋賀県には、県営住宅が県内各地域にあり、年4回（４月、７月、１０月、１月）募集があります。\n市営町営住宅\nお住まいの市町役場に問い合わせてください。\n賃貸住宅\n一般に、日本では不動産屋で物件を探し、書面で契約を結びます。契約時、物件により、礼金や敷金が必要になります。（礼金は家主へのお礼として支払うお金で戻ってきません。敷金とは退去時に原状回復のために使われ、一部戻ってくる場合もあります。）また、連帯保証人が必要な場合と、家賃保証会社を利用する場合があります。その他、不動産屋への仲介手数料の支払いがあります。契約に火災保険の加入が含まれる場合が一般的です。その他、管理費や２年ごとに更新料を支払う必要がある場合が多いです。\nお役立ちサイト\n- [ 不動産情報検索サイト ] （公社）滋賀県宅地建物取引業協会 (https://www.hatomarksite.com/search/shiga/)\n- [ 外国語が話せる不動産店一覧 ] （公財）日本賃貸住宅管理協会 (https://www.jpm.jp/multilingual/index.html)\n- [ 外国人の民間賃貸住宅への円滑な入居について ]　国土交通省 (https://www.mlit.go.jp/jutakukentiku/house/jutakukentiku_house_tk3_000017.html)\n滋賀県の居住支援・住宅セーフティネット制度\n滋賀県での高齢者世帯、障害者世帯、外国人世帯、子育て世帯の入居を受け入れる民間賃貸住宅等の情報です。\n- 滋賀県のセーフティネット住宅 (https://safetynet-jutaku.mlit.go.jp/guest/apart_list.php?pref=25)\n- 滋賀あんしん賃貸住宅 (https://www.pref.shiga.lg.jp/ippan/kendoseibi/zyuutaku/300196.html)\n火災保険\n住宅は賃貸や持ち家にかかわらず、火災保険に加入する必要があります。\n賃貸アパートやマンションなどの場合、入居時や更新時に「大家」と「入居者」がそれぞれ火災保険に加入するケースが一般的です。建物は大家の資産なので、建物に対する火災保険は大家が加入して保険料を支払い、室内の家具や家電などの家財道具に対する保険は、入居者が加入し保険料を支払います。持ち家であれば建物と家財の両方を補償する火災保険に入ります。\n持ち家\n日本では、不動産を購入する際に国籍や在留資格に基づく制限はありません。ただし住宅ローンの借り入れは、永住者や特別永住者の在留資格をお持ちの方に限られています。年齢や所得、勤続年数などの基準を満たし、審査に通ると住宅ローンを組むことができます。また、要件などを満たせば、確定申告で住宅ローン控除を受けることができます。住宅を購入した後、経済状況に変化があった場合は、住宅ローンの借り換えや返済について、銀行に条件変更の相談をしましょう。\nまた、１月１日に住宅を所有している人は、その資産をもとに算定した固定資産税をお住まいの市町役場に支払います。\n空き家バンク\n空き家の賃貸・売却を希望する人が登録した情報を、空き家の利活用を希望する人に紹介する制度です。希望する市町役場の住宅課に空き家バンクがあるかたずねてください。\n- 空き家バンク (https://www.akiya-athome.jp/buy/25/)\n困ったときの相談窓口　（相談無料）\n入居中・契約の解除・明渡し時のトラブルなどの相談窓口：・滋賀県消費生活センター（彦根）/ TEL 0749-23-0999\n住宅取得や不具合、事業者とのトラブルなど様々な住宅についての相談窓口：・住まいるダイヤル/ TEL 03-3556-5147\n引っ越し先が決まったら、何をしたらいいのでしょう？\n届け出\nお住まいの市町役場に転出届を出します。引っ越し後14日以内に、新住所の役場に転居、転入届を出し、在留カードとマイナンバーカードの住所変更も行います。また、子どもさんがおられる方は、新しい保育園、幼稚園、学校への転入手続きも行います。職場、銀行への連絡や、運転免許証の住所変更も必要です。郵便局へ郵便物の転送届を出しておくと、引っ越し前の住所地に届いた郵便物を新住所に転送してもらえます。\n近所との付き合い\n日本では、引っ越した人が近所の人に挨拶をする習慣があります。近所の人と知り合って、ゴミの収集日や収集場所、災害時の避難場所など地域のルールを教えてもらいましょう。\n自治会\n地域ごとに住民が運営する自治会があります。自治会では、住民同士が地域での暮らしを良くするため、防犯、防災、美化活動を行ったり、地域の子どもたちがスポーツや祭りなどを楽しむ「子ども会」があるなど様々な活動をしています。それらの事業の運営のため、会員は自治会費を支払い、役割分担(ぶんたん)もあります。また、細かな地域の情報が掲載された「回覧板」が回ってきます。自治会は任意加入ですが、ゴミ収集場所の管理を自治会がしている場合など、加入が必要になることもあります。災害時などには近所同士の助け合いが必要になるので、近所とのお付き合いは大切にしましょう。\n※地域によって自治会の有無や活動内容、自治会費は異なりますので、必ず確認してください。""}]"
ひこね外国人相談センターへの行き方,滋賀県国際協会の情報を根拠とする回答はS1にありません。ひこね外国人相談センターへの行き方は提供されていないため、S1の出典のみで回答できません。公式な案内をご確認ください。,"[{""sid"": ""S1"", ""question"": ""エイズの無料相談・検査のお知らせ"", ""answer"": ""- 匿名で検査を受けられます。\n- 梅毒の検査も一緒にできます。\n- 曜日・時間：HPで確認してください\n- 場所：県内保健所（大津市・草津・甲賀・東近江・彦根・長浜・高島）\n- 検査は電話予約が必要です。\n- 当日に検査結果をお渡しできない場合があります。（２～３週間後）\n問合せ先\n県内保健所（日本語のみ対応可能）\nしが外国人相談センター（日本語以外）\nTel 077-523-5646""}]"
生徒の保護者と話したい,保護者と学校は、PTAや保護者会を通じて協力し、子どもの健全な成長を見守る関係です。学校行事や活動の案内、入会金の有無などについては学校ごとに異なるため、入学時の案内を確認してください。,"[{""sid"": ""S1"", ""question"": ""[小学校デビューQ＆A] 保護者はどのように学校と関わりますか？"", ""answer"": ""小学校にはPTAや保護者会があります。保護者と教職員が協力し合い、学校に通う子どもたちの健全な成長を見守る活動を行うのが、主な目的です。活動を支えるための入会金も必要になります。学校によって活動内容や運営方法は様々なので、入学時の案内を確認してください。""}]"
相談対応の可否について,可否については、滋賀県内の相談窓口を案内します。労働トラブルは労働基準監督署、家庭の問題は家庭裁判所等、困りごとは学校と外部機関に相談してください。,"[{""sid"": ""S1"", ""question"": ""労働トラブルの相談"", ""answer"": ""労働関係のトラブルがあった場合は、下記の労働基準監督署に相談しましょう。（労働契約、就労規則、給料明細などがあれば持参してください）""}, {""sid"": ""S2"", ""question"": ""離婚についての話し合いがうまくいきません。"", ""answer"": ""家庭裁判所の調停で話し合うことができます。（日本語）\n- 大津家庭裁判所 　℡　077-503-8151\n- 大津家庭裁判所 彦根支部 　℡　0749-22-0167\n- 大津家庭裁判所 長浜支部 　℡　0749-62-0240\n- 京都外国人の夫婦と親子に関する紛争解決センター 　℡　075-692-3555""}, {""sid"": ""S3"", ""question"": ""困りごとがあれば学校に相談しましょう！"", ""answer"": ""学校ではたくさんの手紙が配(られるので、わからない場合は先生に確認したり、面談の時には通訳をお願いしましょう。悩みや問題があれば、先生やスクールカウンセラーに相談しましょう。\n学校以外で子どもが相談できるところ\n自分のこと、友達のこと、家族のこと、その他の事で悩み、困っていることがあれば相談してください。\n- こどもの人権110番 0120-007-110　月～金8:30 -17:15\n- チャイルドライン 0120-99-7777　毎日　16:00 - 21:00\n- 24時間子供SOSダイヤル 0120-0-78310　2４時間対応（年末年始も可）""}, {""sid"": ""S4"", ""question"": ""悩まず、すぐ相談！"", ""answer"": ""各市町役場　障害福祉担当課\n滋賀県立障害者福祉センター　心身障害者の相談・障害者のスポーツセンター\n（プール、トレーニング室などあり）\n草津市笠山８丁目５番１３０号　℡　077-564-7327\n滋賀県総合教育センター　特別支援教育相談　　発達障害等の子どもについての相談。\n来所（要予約）電話相談　9:00-12:30　13:00-16:30\n野洲市北桜　℡　077-588-2505""}, {""sid"": ""S5"", ""question"": ""困りごとがあれば学校に相談しましょう！"", ""answer"": ""学校ではたくさんの手紙が配られるので、わからない場合は先生に確認したり、面談の時には通訳をお願いしましょう。悩みや問題があれば、先生やスクールカウンセラーに相談しましょう。\n学校以外で子どもが相談できるところ\n自分のこと、友達のこと、家族のこと、その他の事で悩み、困っていることがあれば相談してください。\n- こどもの人権110番 0120-007-110　月～金　8:30 -17:15\n- チャイルドライン 0120-99-7777　毎日　16:00 - 21:00\n- 24時間子供SOSダイヤル 0120-0-78310　2４時間対応（年末年始も可）""}]"
難民申請中の居場所など,滋賀県国際協会の情報に基づくと、難民申請中の居場所に関して公的な専用居住は案内として明記されていません。公営住宅の募集は県営・市町域の住宅であり、在留資格の要件や所得要件を確認する必要があります。新型コロナ関連の支援情報としては滋賀県では県営住宅での一時的な受け入れが案内されています。具体的な居住先や支援の適用可否はお住まいの市町の福祉課・社会福祉協議会へ相談してください。,"[{""sid"": ""S1"", ""question"": ""住む家を探すには？"", ""answer"": ""住まい探しに役立つ情報です。住宅には、「公営住宅」、「賃貸住宅」、「持ち家」などがあります。\n公営住宅\n所得の低い人など一定の条件を満たす人を対象に、公的な住宅があります。定期的に募集をおこない、抽選によって入居が決定します。滋賀県には県営住宅と、市町によって市営や町営住宅があるところもあります。在留資格や所得の要件があるので、確認してください。\n県営住宅\n滋賀県には、県営住宅が県内各地域にあり、年4回（４月、７月、１０月、１月）募集があります。\n市営町営住宅\nお住まいの市町役場に問い合わせてください。\n賃貸住宅\n一般に、日本では不動産屋で物件を探し、書面で契約を結びます。契約時、物件により、礼金や敷金が必要になります。（礼金は家主へのお礼として支払うお金で戻ってきません。敷金とは退去時に原状回復のために使われ、一部戻ってくる場合もあります。）また、連帯保証人が必要な場合と、家賃保証会社を利用する場合があります。その他、不動産屋への仲介手数料の支払いがあります。契約に火災保険の加入が含まれる場合が一般的です。その他、管理費や２年ごとに更新料を支払う必要がある場合が多いです。\nお役立ちサイト\n- [ 不動産情報検索サイト ] （公社）滋賀県宅地建物取引業協会 (https://www.hatomarksite.com/search/shiga/)\n- [ 外国語が話せる不動産店一覧 ] （公財）日本賃貸住宅管理協会 (https://www.jpm.jp/multilingual/index.html)\n- [ 外国人の民間賃貸住宅への円滑な入居について ]　国土交通省 (https://www.mlit.go.jp/jutakukentiku/house/jutakukentiku_house_tk3_000017.html)\n滋賀県の居住支援・住宅セーフティネット制度\n滋賀県での高齢者世帯、障害者世帯、外国人世帯、子育て世帯の入居を受け入れる民間賃貸住宅等の情報です。\n- 滋賀県のセーフティネット住宅 (https://safetynet-jutaku.mlit.go.jp/guest/apart_list.php?pref=25)\n- 滋賀あんしん賃貸住宅 (https://www.pref.shiga.lg.jp/ippan/kendoseibi/zyuutaku/300196.html)\n火災保険\n住宅は賃貸や持ち家にかかわらず、火災保険に加入する必要があります。\n賃貸アパートやマンションなどの場合、入居時や更新時に「大家」と「入居者」がそれぞれ火災保険に加入するケースが一般的です。建物は大家の資産なので、建物に対する火災保険は大家が加入して保険料を支払い、室内の家具や家電などの家財道具に対する保険は、入居者が加入し保険料を支払います。持ち家であれば建物と家財の両方を補償する火災保険に入ります。\n持ち家\n日本では、不動産を購入する際に国籍や在留資格に基づく制限はありません。ただし住宅ローンの借り入れは、永住者や特別永住者の在留資格をお持ちの方に限られています。年齢や所得、勤続年数などの基準を満たし、審査に通ると住宅ローンを組むことができます。また、要件などを満たせば、確定申告で住宅ローン控除を受けることができます。住宅を購入した後、経済状況に変化があった場合は、住宅ローンの借り換えや返済について、銀行に条件変更の相談をしましょう。\nまた、１月１日に住宅を所有している人は、その資産をもとに算定した固定資産税をお住まいの市町役場に支払います。\n空き家バンク\n空き家の賃貸・売却を希望する人が登録した情報を、空き家の利活用を希望する人に紹介する制度です。希望する市町役場の住宅課に空き家バンクがあるかたずねてください。\n- 空き家バンク (https://www.akiya-athome.jp/buy/25/)\n困ったときの相談窓口　（相談無料）\n入居中・契約の解除・明渡し時のトラブルなどの相談窓口：・滋賀県消費生活センター（彦根）/ TEL 0749-23-0999\n住宅取得や不具合、事業者とのトラブルなど様々な住宅についての相談窓口：・住まいるダイヤル/ TEL 03-3556-5147\n引っ越し先が決まったら、何をしたらいいのでしょう？\n届け出\nお住まいの市町役場に転出届を出します。引っ越し後14日以内に、新住所の役場に転居、転入届を出し、在留カードとマイナンバーカードの住所変更も行います。また、子どもさんがおられる方は、新しい保育園、幼稚園、学校への転入手続きも行います。職場、銀行への連絡や、運転免許証の住所変更も必要です。郵便局へ郵便物の転送届を出しておくと、引っ越し前の住所地に届いた郵便物を新住所に転送してもらえます。\n近所との付き合い\n日本では、引っ越した人が近所の人に挨拶をする習慣があります。近所の人と知り合って、ゴミの収集日や収集場所、災害時の避難場所など地域のルールを教えてもらいましょう。\n自治会\n地域ごとに住民が運営する自治会があります。自治会では、住民同士が地域での暮らしを良くするため、防犯、防災、美化活動を行ったり、地域の子どもたちがスポーツや祭りなどを楽しむ「子ども会」があるなど様々な活動をしています。それらの事業の運営のため、会員は自治会費を支払い、役割分担(ぶんたん)もあります。また、細かな地域の情報が掲載された「回覧板」が回ってきます。自治会は任意加入ですが、ゴミ収集場所の管理を自治会がしている場合など、加入が必要になることもあります。災害時などには近所同士の助け合いが必要になるので、近所とのお付き合いは大切にしましょう。\n※地域によって自治会の有無や活動内容、自治会費は異なりますので、必ず確認してください。""}, {""sid"": ""S2"", ""question"": ""新型コロナウイルス感染症の影響を受けた方への生活支援について"", ""answer"": ""住居確保給付金（家主さんに直接支払われる家賃）\n対象\n離職・廃業から２年以内または休業等により収入が減少し、離職等と同程度の状況にある方\n支給期間\n原則３カ月（最長９カ月まで）\n支給額\n家賃相当額を自治体から家主さんに支給\n申請方法\n市にお住まいの方は各市。町にお住まいの方は各町の社会福祉協議会\nご案内\n住居確保給付金のご案内はこちらから (https://www.mhlw.go.jp/content/000626236.pdf)\n★滋賀県では県営住宅での一時的な受入れを行っています。\n対象\n新型コロナウイルスの感染症に起因する解雇等により住宅の退去を余儀なくされた方\n入居期間\n最長一年間\n申込方法\n県庁土木交通部住宅課へお電話　（℡　０７７－５２８－４２３４）\nその他、生活にお困りの方は、お住まいの市町の福祉課や社会福祉事務所で相談しましょう！""}, {""sid"": ""S4"", ""question"": ""在留について"", ""answer"": ""日本に住む外国人には、それぞれの滞在目的に従って在留資格と在留期間が与えられます。おのおのの「在留資格」には活動できる内容が厳格に規定されています。\n関連ページ\n出入国在留管理庁 (http://www.moj.go.jp/isa/index.html)\n在留関係の手続きについては\n在留関係手続き (https://www.moj.go.jp/isa/applications/index.html)\n入国後の在留関係の手続き\n滋賀県在住の方は、\n大阪入国管理局大津出張所\nで行います。\n大阪入国管理局大津出張所 (http://www.moj.go.jp/isa/about/region/osaka/index.html)\n大津市京町3-1-1 大津びわ湖合同庁舎6階　　℡：077-511-4231\n一般的な内容についての相談\n外国人在留インフォメーションセンター・ワンストップ型相談センター（入国管理局）に外国語で問い合わせることもできます。\n外国人在留インフォメーションセンター (http://www.moj.go.jp/isa/consultation/center/japanese.html)\n℡ 0570-013904（ＩＰ, ＰＨＳ, 海外: 03-5796-7112）\n新しい在留資格への移行により、平成24年7月9日より前の住所は住民票には記載されません。 ※これまで市区町村で保管されていた「外国人登録原票」は、平成24年7月9日から法務省で保管されています。\n外国人登録原票に係る開示請求について（法務省HPへリンク） (http://www.moj.go.jp/isa/applications/disclosure/foreigner.html)""}]"
保護者に連絡について,滋賀県国際協会の情報ベースでは、保護者連絡に関する具体的な指針は提示されていません。一般的な対応としては、学校や地域の連絡網を確認し、緊急時は学校または役所の窓口へ連絡してください。,"[{""sid"": ""S1"", ""question"": ""ペットが行方不明になったり、保護した場合は？"", ""answer"": ""動物愛護センターや最寄りの交番か警察署に連絡しましょう。""}]"
労災について,滋賀県国際協会の情報によると、外国人労働者を含む全ての労働者は労災保険の適用対象であり、事業主は1人でも雇用すれば加入義務があります。労災保険では、医療費、休業補償、後遺障害や死亡時の補償が受けられます。詳しい相談は最寄りの労働基準監督署へ。,"[{""sid"": ""S1"", ""question"": ""労働災害"", ""answer"": ""外国人労働者（入国管理法における「不法就労者」を含む）も仕事場でケガをしたり、仕事が理由で病気になったり、死亡したり、あるいは職場への行きかえりに事故にあったりした場合には、医療費、仕事ができない分の補償、傷害が残ったときの補償等を労災保険から受けられます。この保険には、パートタイマー、アルバイトを問わず労働者を1人でも雇っている事業主は加入しなければならず、保険料については事業主が全額負担しなければなりません。 詳しいことは労働基準監督署に相談しましょう。""}]"
永住申請について,滋賀県在住の方の永住申請に関する具体的な案内は、滋賀県国際協会の情報には含まれていません。永住申請については、出入国在留管理庁の公式情報をご確認ください。,"[{""sid"": ""S1"", ""question"": ""在留について"", ""answer"": ""日本に住む外国人には、それぞれの滞在目的に従って在留資格と在留期間が与えられます。おのおのの「在留資格」には活動できる内容が厳格に規定されています。\n関連ページ\n出入国在留管理庁 (http://www.moj.go.jp/isa/index.html)\n在留関係の手続きについては\n在留関係手続き (https://www.moj.go.jp/isa/applications/index.html)\n入国後の在留関係の手続き\n滋賀県在住の方は、\n大阪入国管理局大津出張所\nで行います。\n大阪入国管理局大津出張所 (http://www.moj.go.jp/isa/about/region/osaka/index.html)\n大津市京町3-1-1 大津びわ湖合同庁舎6階　　℡：077-511-4231\n一般的な内容についての相談\n外国人在留インフォメーションセンター・ワンストップ型相談センター（入国管理局）に外国語で問い合わせることもできます。\n外国人在留インフォメーションセンター (http://www.moj.go.jp/isa/consultation/center/japanese.html)\n℡ 0570-013904（ＩＰ, ＰＨＳ, 海外: 03-5796-7112）\n新しい在留資格への移行により、平成24年7月9日より前の住所は住民票には記載されません。 ※これまで市区町村で保管されていた「外国人登録原票」は、平成24年7月9日から法務省で保管されています。\n外国人登録原票に係る開示請求について（法務省HPへリンク） (http://www.moj.go.jp/isa/applications/disclosure/foreigner.html)""}]"
在校生徒について,滋賀県内には公立・私立を含む中学校が複数あり、在校生徒の人数は学校ごとに異なります。市町立中学校はお住まいの学区で通学先が決まり、進学先として国立・県立・私立中学を希望する場合は受験があります。就学に関する費用は授業料・教科書代は無料ですが、制服や通学用品、給食費等の実費がかかります。部活動は基本的に自由で、夏冬の制服、体操服など学校ごとに規定があります。転入・転校や就学援助制度の利用につきましては、在籍する学校または市町教育委員会へご相談ください。,"[{""sid"": ""S1"", ""question"": ""子育て応援シリーズ④ 日本の中学生活とは？"", ""answer"": ""中学校では、小学校の時とは授業内容や学校生活で様々な変化があります。安心して中学生活が送れるよう、中学校について少しご紹介しましょう！\n滋賀県には市町立中学校が93校あります。その他に国立中学校、県立中学校、私立中学校、義務教育学校（小中一貫校）、または特別支援学校あります。（2024年4月1日現在）\n市町立中学校はお住まいの学区によって行く学校が決まっています。\n国立・県立・私立中学への進学を希望する場合は受験があります。受験を希望する人は、小学校高学年くらいから学校の先生と相談して進路を決めていきましょう。\n学校生活について\nQ　中学校ではどのような教科を学びますか？\nA　中学校では主に９つの科目（国語、数学、社会、理科、英語、音楽、美術、保健体育、技術・家庭）を勉強し、教科によって先生が違います。年に4，5回定期試験（中間試験、期末試験）があります。また年に数回実力テストもあり、このテストの結果は進学先を考えるときに参考にします。成績は定期試験の結果、授業への参加状況や遅刻、欠席の状況、提出物（ノートや宿題）で評価され、高校進学にも関わる重要なものです。中学校は義務教育なので落第はありません。\nQ　部活動とは何ですか？\nA　生徒の自主的な活動として部活動があり、基本的に加入は自由です。運動部（野球、サッカー、バスケットボール、陸上、テニスなど）と文化部（美術、吹奏楽、手芸、演劇など）があり、部活動の種類は学校によって異なります。主に放課後や休日に活動します。異なる学年の生徒との交流もあり、大会やコンクールに参加することもあります。\nQ　その他学校生活について教えてください。\nA　多くの中学校では学校ごとに制服があります。制服には夏服と冬服があり、夏服は6月から１０月、冬服は10月から6月まで着ます。体操服も学校で決められたものを着ます。\n通学は学校によって自転車や電車通学が認められているところもあります。自転車通学では、鍵の取り付けやヘルメットの着用、自転車保険への加入が必要です。交通ルールを守って登下校しましょう。\n「中学生チャレンジウィーク」があります。働く大人の姿にふれ、自分の生き方を考える機会として中学２年の時期に５日間の職場体験を経験します。（滋賀県内のすべての公立中学校で実施しています）\nQ　子どもの学校での様子が気になります…。\nA　個人面談の時などで子どもの学校生活や学習についての相談ができます。中学３年生になると、三者面談があり、卒業後の進路や高校受験について生徒・保護者・先生で話し合います。また心配なことがあればその都度先生に相談しましょう。\nQ　中学校でかかる費用にはどのようなものがありますか？\nA　授業料、教科書代は無料ですが、入学準備の費用（制服、体操着、水着、体育館シューズ、カバン、部活動の道具など）や、通年の費用（給食費、副教材・学用品費、PTA会費、遠足・修学旅行費、部活動費、通学関連費など）が必要です。\n※就学援助制度：公立の中学校に就学している生徒の保護者に学用品、通学用品、PTA会費等就学に必要な費用の一部を援助する制度です。生活保護対象の保護者、およびそれに準ずる保護者が対象です。在籍している学校、または市町教育委員会にお問い合わせください。""}]"
ベトナム語通訳について,滋賀県国際協会の情報ベースでは、ベトナム語通訳に関する具体的な案内は記載がありません。必要な場合は「医療ネットしが」やOTITなどの公的窓口へベトナム語対応の案内を確認してください。,"[{""sid"": ""S5"", ""question"": ""滋賀県の病院、医院の情報は"", ""answer"": ""医療ネットしがWebサイトをご覧ください。\n対応言語：英語、ハングル、中文""}]"
ベトナム語通訳について,"滋賀県国際協会の情報だけを根拠にすると、ベトナム語通訳に関する直接的な案内は本データには含まれていません。S2, S3, S4, S5 にはベトナム語対応の連絡先や問い合わせ窓口が記載されていますが、通訳サービスの提供状況や手続きは明記されていません。もし通訳の利用や相談を検討する場合は、S2 の OTIT 外国人技能実習機構の母国語相談窓口や、S3 の外国人権のダイヤル等へ連絡してベトナム語対応の案内を確認してください。","[{""sid"": ""S2"", ""question"": ""技能実習について"", ""answer"": ""OTIT外国人技能実習機構　母国語相談\nTel 0120-250-147（英語 English）\nTel 0120-250-169 （中国語 中文）\nTel 0120-250-197（タガログ語 Tagalog）\nTel 0120-250-197（タガログ語 Tagalog）\nTel 0120-250-168（ベトナム語 Tiếng Việt）\nTel 0120-250-192（インドネシア語 Indonesia）　 　等々""}, {""sid"": ""S3"", ""question"": ""人権侵害について"", ""answer"": ""外国人人権ダイヤル\nTel 0570-090911\n対応言語：英語，中国語，韓国語，フィリピノ語，ポルトガル語、ベトナム語\n(English, Chinese, Korean, Filipino, Portuguese, Vietnamese)""}]"
NPO法人のリストについて,滋賀県内のNPO法人として、ヤングケアラー支援居場所・子ども食堂等を展開している団体が、S4/S5のリストに記載されています。具体例として、NPO法人 こどもソーシャルワークセンター、NPO法人 芹川の河童、NPO法人 多文化共生支援センター SHIPS、NPO法人 かんちゃんの小さな家、NPO法人 やんちゃ寺、NPO法人 ぱらでいろ、NPO法人 大津 オルタナティブスクールトライアンフ、NPO法人 ちゃいるどビレッジなどが挙げられています。各団体の活動内容・開催場所・問い合わせ先はS4/S5に詳述されています。,"[{""sid"": ""S4"", ""question"": ""子育て応援シリーズ②　ヤングケアラーって？　家族を丸ごと支援"", ""answer"": ""みなさん、こんにちは。滋賀県子ども青少年局です。本県では、「子ども・子ども・子ども」をキーワードに、「子どものために、子どもとともにつくる県政」を目指しています。 みなさんは、ヤングケアラーを知っていますか？ヤングケアラーとは、本来大人が担う家事や家族の世話を日常的に背負う子どもたちのことです。例えば、このようなケースがあります。\nケース１：家事や幼いきょうだいの世話をしている\nケース２：高齢の家族がいて、見守りや介護をしている\nケース３：障害や病気のある家族がいて、介助や看病をしている\nケース４：家計を支えるため、放課後は働いている\nケース５：通訳等により、家族の意思疎通を支えている\n子どもにとって、「お手伝い」は成長につながる素晴らしい経験になります。しかし、その成長に見合わない重い責任や負担が続くことで、心や体の健康に影響が出てしまったり、子どもらしい時間を過ごすことができず、将来への夢や進路をあきらめてしまう子どもたちがいます。本人は「家族のサポートは当たり前」と考え、大好きな家族のため、苦しくても自身のSOSに気づかず相談できない、ということがあります。 本県では、このような子ども達と様々な問題を抱えるご家庭に「家族丸ごと支援」をキーワードに、ヤングケアラー支援を行っております。NPO法人を通して、相談窓口や似た境遇の仲間が集う場を提供している他、ヤングケアラー・コーディネーターを設置して支援にも取り組んでいます。\n外国籍の子どもたちの中には、言葉の壁のために本当の気持ちをいっぱい表現できず我慢したり、家族の通訳のために自分の時間が持てなかったりする子どもさんもいらっしゃいます。子どもらしく地域や家庭の中で「遊ぶ」「学ぶ」時間が保障される社会の実現のために、皆で支援していきましょう。子どもは社会の宝です。悩んでいるお子さん、ご家庭は、是非相談してください。　　　　（ヤングケアラー・コーディネーターより）\nこころんダイヤル\n子ども・青少年、保護者の悩みをお聞きします。\nTEL　077-524-2030\n午前9:00～午後9:00（12/29～1/3を除く）\n午後9:00以降は、24時間子どもSOSダイヤルにつながります。\n各市町相談窓口のご案内\n受けられる支援・サービスについてお問い合わせください。\nhttps://www.pref.shiga.lg.jp/file/attachment/5355506.pdf (https://www.pref.shiga.lg.jp/file/attachment/5355506.pdf)\n子どもたちがもっと笑顔に！　～いつもと違う場所で～\n滋賀県内には、子ども達を支えてくれる団体が沢山あります。\n「ヤングケアラー支援団体」（★）は、子どもたちが家庭などのことでしんどい時、ほっとしたい時、相談したい時に支えてくれる団体です。「子ども食堂」は、子どもたちが、無料、または低額で食事を楽しめる場です。（地域の大人も参加できる団体もあります。） 「居場所」は、子どもたちが好きに過ごせるスペースです。ちょっと遊びに行ってみよう！\nNPO法人 こどもソーシャルワークセンター\n- 内容: ★ヤングケアラー支援居場所・お弁当（配食）キャンプ\n- 開催場所: 大津市観音寺　9-8\n- 期間: 毎日\n- 問い合わせ先: 077-575-4378 https://liff.line.me/1645278921-kWRPP32q/?accountId=294hlbww (https://liff.line.me/1645278921-kWRPP32q/?accountId=294hlbww)\nNPO法人　芹川の河童\n- 内容: ★ヤングケアラー支援居場所・オンライン相談室\n- 開催場所: 彦根市河原2-3-4\n- 期間: 毎日\n- 問い合わせ先: 0749-20-9084 https://cswc2016.jp/ (https://cswc2016.jp/)\n多文化共生支援センター　SHIPS\n- 内容: 多文化子ども食堂\n- 開催場所: 草津市 草津1-13-12\n- 期間: 第４土曜\n- 問い合わせ先: 077-561-5110\nかんちゃんの小さな家\n- 内容: 多文化共生地域交流会・子ども食堂\n- 開催場所: 近江八幡市安土町浄楽寺956-2\n- 期間: 2か月に1回\n- 問い合わせ先: 090-3708-3315 https://kancyan-house.com/contact/ (https://kancyan-house.com/contact/)\nNPO法人　やんちゃ寺\n- 内容: 10代の居場所・子ども食堂\n- 開催場所: 草津市内\n- 期間: 第１、３、５土曜\n- 問い合わせ先: https://yanchadera.wixsite.com/yanchadera (https://yanchadera.wixsite.com/yanchadera)\nぱらでいろ\n- 内容: 居場所・子ども食堂\n- 開催場所: 愛荘町愛知川13-2\n- 期間: 第３金曜 夕食時\n- 問い合わせ先: 090-4030-1492 https://twitter.com/paradeiro12123 (https://twitter.com/paradeiro12123)\n大津　オルタナティブスクールトライアンフ\n- 内容: フリースクール・居場所 、水彩画教室\n- 開催場所: 大津市浜大津4-3-25\n- 期間: 火・水・金曜日\n- 問い合わせ先: 050-5374-0311 https://www.otsu-triumph.com/ (https://www.otsu-triumph.com/)\nちゃいるどビレッジ\n- 内容: こどもとおとなのサードプレイス（居場所）\n- 開催場所: 大津市比叡平2-39-4\n- 期間: 第４土曜 10～16時\n- 問い合わせ先: email：chimihirano@gmail.com\n・確認のため、連絡をしてからお出かけください。\n♪ もっといろんな子どもの居場所や食堂、遊び場があるよ ♪\n- 遊べる・学べる淡海子ども食堂（滋賀県内の子ども食堂）\n- 『しがこども体験学校』 「ふれあい」、「くらし・創作」、「自然」、「里山・田んぼ」、「文化芸術・歴史」の5つのテーマでさまざまな体験プログラムがあります。""}, {""sid"": ""S5"", ""question"": ""子育て応援シリーズ②　ヤングケアラーって？　家族を丸ごと支援"", ""answer"": ""みなさん、こんにちは。滋賀県子ども青少年局です。本県では、「子ども・子ども・子ども」をキーワードに、「子どものために、子どもとともにつくる県政」を目指しています。 みなさんは、ヤングケアラーを知っていますか？ヤングケアラーとは、本来大人が担う家事や家族の世話を日常的に背負う子どもたちのことです。例えば、このようなケースがあります。\nケース１：家事や幼いきょうだいの世話をしている\nケース２：高齢の家族がいて、見守りや介護をしている\nケース３：障害や病気のある家族がいて、介助や看病をしている\nケース４：家計を支えるため、放課後は働いている\nケース５：通訳等により、家族の意思疎通を支えている\n子どもにとって、「お手伝い」は成長につながる素晴らしい経験になります。しかし、その成長に見合わない重い責任や負担が続くことで、心や体の健康に影響が出てしまったり、子どもらしい時間を過ごすことができず、将来への夢や進路をあきらめてしまう子どもたちがいます。本人は「家族のサポートは当たり前」と考え、大好きな家族のため、苦しくても自身のSOSに気づかず相談できない、ということがあります。 本県では、このような子ども達と様々な問題を抱えるご家庭に「家族丸ごと支援」をキーワードに、ヤングケアラー支援を行っております。NPO法人を通して、相談窓口や似た境遇の仲間が集う場を提供している他、ヤングケアラー・コーディネーターを設置して支援にも取り組んでいます。\n外国籍の子どもたちの中には、言葉の壁のために本当の気持ちをいっぱい表現できず我慢したり、家族の通訳のために自分の時間が持てなかったりする子どもさんもいらっしゃいます。子どもらしく地域や家庭の中で「遊ぶ」「学ぶ」時間が保障される社会の実現のために、皆で支援していきましょう。子どもは社会の宝です。悩んでいるお子さん、ご家庭は、是非相談してください。　　　　（ヤングケアラー・コーディネーターより）\nこころんダイヤル\n子ども・青少年、保護者の悩みをお聞きします。\nTEL　077-524-2030\n午前9:00～午後9:00（12/29～1/3を除く）\n午後9:00以降は、24時間子どもSOSダイヤルにつながります。\n各市町相談窓口のご案内\n受けられる支援・サービスについてお問い合わせください。\nhttps://www.pref.shiga.lg.jp/file/attachment/5355506.pdf (https://www.pref.shiga.lg.jp/file/attachment/5355506.pdf)\n子どもたちがもっと笑顔に！　～いつもと違う場所で～\n滋賀県内には、子ども達を支えてくれる団体が沢山あります。\n「ヤングケアラー支援団体」（★）は、子どもたちが家庭などのことでしんどい時、ほっとしたい時、相談したい時に支えてくれる団体です。「子ども食堂」は、子どもたちが、無料、または低額で食事を楽しめる場です。（地域の大人も参加できる団体もあります。） 「居場所」は、子どもたちが好きに過ごせるスペースです。ちょっと遊びに行ってみよう！\nNPO法人 こどもソーシャルワークセンター\n- 内容: ★ヤングケアラー支援居場所・お弁当（配食）キャンプ\n- 開催場所: 大津市観音寺　9-8\n- 期間: 毎日\n- 問い合わせ先: 077-575-4378 https://liff.line.me/1645278921-kWRPP32q/?accountId=294hlbww (https://liff.line.me/1645278921-kWRPP32q/?accountId=294hlbww)\nNPO法人　芹川の河童\n- 内容: ★ヤングケアラー支援居場所・オンライン相談室\n- 開催場所: 彦根市河原2-3-4\n- 期間: 毎日\n- 問い合わせ先: 0749-20-9084 https://cswc2016.jp/ (https://cswc2016.jp/)\n多文化共生支援センター　SHIPS\n- 内容: 多文化子ども食堂\n- 開催場所: 草津市 草津1-13-12\n- 期間: 土曜\n- 問い合わせ先: 077-561-5110\nかんちゃんの小さな家\n- 内容: 多文化共生地域交流会・子ども食堂\n- 開催場所: 近江八幡市安土町浄楽寺956-2\n- 期間: 年10回\n- 問い合わせ先: 090-3708-3315 https://kancyan-house.com/contact/ (https://kancyan-house.com/contact/)\nNPO法人　やんちゃ寺\n- 内容: 10代の居場所・子ども食堂\n- 開催場所: 草津市内\n- 期間: 第１、３、５土曜\n- 問い合わせ先: https://yanchadera.wixsite.com/yanchadera (https://yanchadera.wixsite.com/yanchadera)\nぱらでいろ\n- 内容: 居場所・子ども食堂\n- 開催場所: 愛荘町愛知川13-2\n- 期間: 第３金曜 夕食時\n- 問い合わせ先: 090-4030-1492 https://twitter.com/paradeiro12123 (https://twitter.com/paradeiro12123)\n大津　オルタナティブスクールトライアンフ\n- 内容: フリースクール・居場所 、水彩画教室\n- 開催場所: 大津市浜大津4-3-25\n- 期間: 火・水・金曜日\n- 問い合わせ先: 050-5374-0311 https://www.otsu-triumph.com/ (https://www.otsu-triumph.com/)\nちゃいるどビレッジ\n- 内容: こどもとおとなのサードプレイス（居場所）\n- 開催場所: 大津市比叡平2-39-4\n- 期間: 第４土曜 10～16時\n- 問い合わせ先: email：chimihirano@gmail.com\n・確認のため、連絡をしてからお出かけください。\n♪ もっといろんな子どもの居場所や食堂、遊び場があるよ ♪\n- 遊べる・学べる淡海子ども食堂（滋賀県内の子ども食堂）\n- 『しがこども体験学校』 「ふれあい」、「くらし・創作」、「自然」、「里山・田んぼ」、「文化芸術・歴史」の5つのテーマでさまざまな体験プログラムがあります。""}]"
住民税の支払い,滋賀県居住者は県民税と市町村民税を支払い、1月1日現在の住所地の市町村を通じて申告・計算します。所得は1年間にわたり課税対象となり、 nationalityに関係なく居住要件を満たす場合に課税対象となります。支払い手続きは、1月1日現在の住所地の市町村へ申告が必要です。,"[{""sid"": ""S1"", ""question"": ""住民税"", ""answer"": ""滋賀県の居住者は、県民税と市町村民税を支払います。これらの税は住民税といわれ、住所地の市町村を管轄する税務署に提出されている確定申告などに基づいて計算されます。住民税は国籍に関わらず、1月1日から1年間に得た個人所得のすべてに課税されます。外国人の税金は、滞在期間や職種などにより別の方法で扱われます。\n\n住民税は次のように課税されます。\n- 国籍に関わらず、1月1日に日本に住所をもち、1年以上日本に滞在する場合。\n- 1月1日現在１年以内の居住期間でも、入国後継続して1年以上日本に居住することを通常必要とする職業を有する場合。\n住民税を支払うため、1月1日現在に住所地のある市町村へ申告しなければなりません。""}]"
奨学金に関する問い合わせ,滋賀県国際協会の情報を根拠に、奨学金に関する問い合わせには、まずJASSOと滋賀県国際協会が提供するびわこ奨学金など、地域の奨学金情報を案内してください。JASSOの公式情報や琵琶湖県国際協会の案内先を確認することが重要です。奨学金の種別は給付と貸与があり、給付型は条件が厳しめで、貸与型は返済が必要です。重複受給の可否や在留資格の制約がある場合があるため、申請先の窓口（学校の担当課、JASSO、自治体、財団・企業等）へ個別に確認してください。滋賀県内の留学生向け給付制度として“びわこ奨学金”も紹介されています。問い合わせ先として、滋賀県国際協会の窓口（電話番号など）を案内してください。,"[{""sid"": ""S1"", ""question"": ""奨学金"", ""answer"": ""各大学での奨学生の募集は、入学後、４月、５月に行われることが一般的ですが、入学前に予約型奨学金の募集をする大学もあります。このため、希望校が決まれば、早めに奨学金の情報を収集しましょう。\n奨学金には、大きく分けて、（1）日本学生支援機構の奨学金（2）各大学が独自に設けている奨学金（3）民間企業や財団法人などの奨学金（4）地方自治体の奨学金があります。募集対象や受給条件はまちまちですが、世帯の経済状況、学力や専攻分野などが審査基準になることが多いです。奨学金には返済の必要のない「給付」と返済が必要な「貸与」の二種類があります。また重複して受給できない奨学金もあります。学校の担当課やホームページなどで情報を収集しましょう。\n＊在留資格について、制約がある場合があります。\n日本学生支援機構（JASSO）\n[対象者] 大学院・大学・短期大学・高等専門学校・専修学校(専門課程)に在学する学生\n日本学生支援機構（JASSO）には、有利子、無利子の奨学金（貸与型）の他、経済的に困難な状況にある優秀な学生に対する給付型の奨学金もあります。\n[連絡先・備考]\n日本学生支援機構（JASSO） (https://www.jasso.go.jp/about/shogakukin)\n＊給付・貸与\n自治体の奨学金\n[対象者] 対象はそれぞれ異なります\n[連絡先・備考] 市町役場（奨学金のない自治体もあります）\n＊給付・貸与\n新聞奨学金\n[対象者] 新聞配達の仕事をする学生\n[連絡先・備考] 各新聞社\n＊給付・貸与\n交通遺児育英会奨学金\n[対象者] 交通事故の遺児や保護者に著しい障がいのある学生\n[連絡先・備考]\n交通遺児育英会奨学金 (http://www.kotsuiji.com/howto/)\n＊給付\n日本教育公務員弘済会\n[対象者] 大学院・大学・高等専門学校・専修学校専門課程の学生\n[連絡先・備考] 滋賀支部　　 　TEL： 077-526-1356\n＊給付・貸与\n坪井一郎・仁子学生支援プログラム\n[対象者] 大学生(3年生以上)や大学院生(入学予定者も可)難民や日系定住者及び中国帰国者の子弟\n[連絡先・備考]\n（社福）さぽうと２１ (http://support21.or.jp)\nTEL：03-5449-1331\n＊給付\nPP奨学金\n[対象者] 日本国籍、永住者、特別永住者\n[連絡先・備考]\n（社福）さぽうと２１ (http://support21.or.jp)\nTEL：03-5449-1331\n＊給付\nびわこ奨学金\n[対象者] 滋賀県内の留学生\n[連絡先・備考]\n（公財）滋賀県国際協会 (http://www.s-i-a.or.jp/index.php/projects/multicultural)\nTEL：077-526-0931\n＊給付""}]"
電話の内容の確認,電話の内容確認の要点は、相手が本当に緊急性の高い事案であるかを判断することです。具体的には、事故か犯罪か、場所、氏名を伝える、という要件を相手から求められても、個人情報や金銭の要求には応じず、正式な窓口（警察相談電話 9110 など）に相談してください。緊急電話としては110番（事件・事故）、119番（火事・救急）を活用します。災害時には、伝言ダイヤル171等の公的伝言手段を優先し、家族と複数の連絡手段を事前に決めておくと安心です。,"[{""sid"": ""S3"", ""question"": ""緊急電話（事件・事故）"", ""answer"": ""110（事件の緊急番号）\n電話で警察に通報するときは、局番なしの110番にかければ、24時間体制で連絡できます。\n公衆電話から通報する場合、緊急用の赤いボタンを押してから110番にかけます。（119番も同様、無料）ケガ人がいる場合は、救急車の手配もしてくれます。\n\n電話するときは、次のことを順に伝えます。\n1. 事故か、犯罪かといった状況\n2. 起きた場所、または住所\n3. 自分の氏名\n119（火事の緊急番号）\n消防署も24時間体制で通報を受け付けています。消防署には消防車と救急車があります。\n電話するときは、次のことを順に伝えます。\n1. 火事か救急かを伝える\n2. 場所はどこか（目印などがあれば言う）\n3. 自分の氏名、電話番号""}, {""sid"": ""S4"", ""question"": ""災害時の通知を知っていますか？"", ""answer"": ""「避難準備」、「避難勧告」「避難指示」が、テレビ、ラジオ、インターネット、携帯電話や地域の広報車、防災無線などから届きます。周りの状況に注意をしながら避難所に移動します。\n*災害が起こると電話がつながりにくくなるので、できるだけ「災害用伝言ダイヤル171」や「災害用伝言板web171」やメールを利用します。家族と連絡方法を話し合い、一つの連絡手段が使えなかった時のために、いろんな連絡方法を持っておきましょう。（Twitter, LINE, Facebookなど）また地震時に役立つアプリなども携帯に入れておきましょう。\n- 県内ラジオ局（MHｚ）： NHK滋賀第１放送(945)　E-radio(77.0)　エフエム彦根(78.2)　えふえむ草津(78.5)　B-WAVE (79.1)　Radio Sweet( 81.5)""}]"
フィリピンのオンラインスクールについて,滋賀県国際協会の情報源には、フィリピンのオンラインスクールに直接言及した記載はありません。そのため、滋賀県の情報のみを根拠に答えると、フィリピンのオンラインスクールについての公式情報は提供できません。別途、正確な情報を得るには外務省の総合ガイド等の公式サイトをご確認ください。,"[{""sid"": ""S1"", ""question"": ""さまざまな学校"", ""answer"": ""フリースクール\n学校とは異なるもうひとつの学びの場があります。学校に通えない子どもに多様な学びを提供し、精神的にも身体的にも安心・安全に過ごせる居場所にもなっています。\nフリースクールに通う子どもに対しての助成金がある市町もあるので各教育委員会にご確認ください。\n外国につながる子どものためのオンライン学習\n・ABCフリースクール　外国人のための日本の高校進学サポート。オンラインで授業を受講。(有料)\n・NICO PROJECT/YSCグローバル・スクール　オンラインで専門家から日本語の授業を受講。(有料)\n夜間中学\n中学校の就学義務年齢（満15歳）を過ぎた人で、中学校未修了、または不登校など様々な理由により十分学ぶことができなかった人などのための学び直しの場です。\n- 週5日（月曜日から金曜日まで）、一日4時間授業があります。\n- 中学校のすべての教科（9教科）を学びます。\n- 卒業すると、中学校卒業の資格が得られます。\n- 教科書代と授業料は無料です。（教材代など必要な場合もあります。）\n2025年4月から、滋賀県湖南市に夜間学級が開校します。\n問い合わせ\n湖南市教育委員会事務局　学校教育課　Tel　0748-77-7011""}]"
マル福のための所得申告,マル福（障害者控除対象配偶者の控除等の特例）に関する所得申告について、滋賀県国際協会の情報には直接の記載がありません。確定申告時の基本事項としては、控除額の訂正や源泉徴収されていない収入がある場合は税務署で申告、給与所得者は給与所得控除の扱いにより申告不要の場合がある、住民税は居住地の市町村へ申告が必要、外国人の課税扱いは居住期間等で異なる、などが挙げられています。したがって、マル福の所得申告に関しては、所在地の税務署または滋賀県の公的情報を照会してください。,"[{""sid"": ""S1"", ""question"": ""確定申告　2025年2月17日（月）～3月17日（月）"", ""answer"": ""多額の医療費を支払った、住宅ローンがあるなど控除額に訂正がある場合や事業所得者、複数の場所で所得がある方は税務署で確定申告をしましょう。""}, {""sid"": ""S3"", ""question"": ""所得税"", ""answer"": ""所得のある人は所得税を納めなければなりません。所得は国籍に関わらず1月1日から1年間に得た個人所得のすべてに課税されます。しかし外国人の税金は滞在期間や職種などにより、次のとおりの方法で扱われます。\n- 日本に住所を持ち、または日本に引き続き1年以上居所を有する者や日本に永住しようとしている者で現在まで引き続き5年以上滞在しているものは、外国と日本の所得の両方に基づく税を支払います。\n- 日本に住所を有し、または現在まで引き続いて1年以上居所を有する個人で、日本に永住するつもりがなくかつ現在まで引き続いて5年以内滞在の一時的な居住者は、日本の所得と海外から送られてきたお金に基づく税を支払います。\n- 日本に1年以内の滞在期間で住所を持たないものは、日本の所得だけに基づく税を払います。\n納税者は管轄されている税務署で確定申告を提出します。申告の期間は2月16日から3月15日です。給与収入2000万円以下の給与所得の場合の所得税は、給与から直接差し引かれますので、通常給与所得者は所得税の申告書を提出する必要はありません。""}, {""sid"": ""S5"", ""question"": ""住民税"", ""answer"": ""滋賀県の居住者は、県民税と市町村民税を支払います。これらの税は住民税といわれ、住所地の市町村を管轄する税務署に提出されている確定申告などに基づいて計算されます。住民税は国籍に関わらず、1月1日から1年間に得た個人所得のすべてに課税されます。外国人の税金は、滞在期間や職種などにより別の方法で扱われます。\n\n住民税は次のように課税されます。\n- 国籍に関わらず、1月1日に日本に住所をもち、1年以上日本に滞在する場合。\n- 1月1日現在１年以内の居住期間でも、入国後継続して1年以上日本に居住することを通常必要とする職業を有する場合。\n住民税を支払うため、1月1日現在に住所地のある市町村へ申告しなければなりません。""}]"
ベトナムでの後見人制度,滋賀県国際協会の情報源には、ベトナムでの後見人制度に関する具体的な案内は含まれていません。,"[{""sid"": ""S1"", ""question"": ""人権侵害について"", ""answer"": ""外国人人権ダイヤル\nTel 0570-090911\n対応言語：英語，中国語，韓国語，フィリピノ語，ポルトガル語、ベトナム語\n(English, Chinese, Korean, Filipino, Portuguese, Vietnamese)""}]"
労災補償と後遺障害と育児休業について,労災補償は、外国人労働者を含む被保険者が仕事上の事故や疾病で医療費・休業補償・障害補償・遺族補償を受けられる制度です。後遺障害が残った場合も、労災保険から補償が支給されます。詳細は労働基準監督署へ相談してください（滋賀労働局の窓口案内あり）。育児休業については、雇用保険の制度として育児休業給付金があり、出生直後の一定期間に両親とも14日以上育児休業を取得した場合、最大28日間、現在の育児休業給付に加えて追加給付が支給され、手取り収入の水準を保つことが可能です。なお、制度には年齢・勤務形態等の条件があるため勤務先・管轄のハローワーク等へ確認してください。,"[{""sid"": ""S1"", ""question"": ""労働災害"", ""answer"": ""外国人労働者（入国管理法における「不法就労者」を含む）も仕事場でケガをしたり、仕事が理由で病気になったり、死亡したり、あるいは職場への行きかえりに事故にあったりした場合には、医療費、仕事ができない分の補償、傷害が残ったときの補償等を労災保険から受けられます。この保険には、パートタイマー、アルバイトを問わず労働者を1人でも雇っている事業主は加入しなければならず、保険料については事業主が全額負担しなければなりません。 詳しいことは労働基準監督署に相談しましょう。""}, {""sid"": ""S2"", ""question"": ""雇用保險法　新設「出生後育兒休業支援補助金」 (2025年4月1日起實施的修訂法規 )"", ""answer"": ""雇用保険の被保険者が子どもの出生直後の一定期間(きかん)に、両親ともに１４日以上の育児休業を取得した場合、最大28日間、現在の育児休業給付に加えて追加の給付金が支給されます。これにより、育児休業前と同額の手取り収入（10割相当）が補償されることになります。\nなお、ひとり親家庭や配偶者が専業主婦（夫）、または自営業者などの場合は配偶者の休業取得要件は問われません。""}, {""sid"": ""S3"", ""question"": ""雇用保険法　「出生後休業支援給付金」の創設 ( 2025年４月１日からの法改正 )"", ""answer"": ""雇用保険の被保険者が子どもの出生直後の一定期間に、両親ともに１４日以上の育児休業を取得した場合、最大28日間、現在の育児休業給付に加えて追加の給付金が支給されます。これにより、育児休業前と同額の手取り収入（10割相当）が補償されることになります。\nなお、ひとり親家庭や配偶者が専業主婦（夫）、または自営業者などの場合は配偶者の休業取得要件は問われません。""}, {""sid"": ""S5"", ""question"": ""子育て応援シリーズ➂ 仕事と育児の両立を応援！"", ""answer"": ""育児をしながら仕事を続けられるように、産後や育児のための休暇や、復職してから育児をサポートする制度があります。利用するには、雇用状況や加入している保険などについての条件があります。\n★雇用保険（社会保険）の被保険者が利用できる制度\n育児休業制度\n１歳に満たない子を養育するための休業制度です。１歳までの育児休業については、2回に分けて取得することも可能です。父母ともに育児休業を取得する場合や、保育所等に入れない場合には、育児休業期間を延長することもできます。休業開始予定日の１か月前までに、勤務先に書面で申し出てください。一定の条件を満たすと、休業期間中に「育児休業給付金」の支給を受けることができます。支払額は180日までは休業開始時賃金日額の67％、それ以降は50％です。\n出生時育児休業（産後パパ育休）制度\n原則的に男性を対象とした出生後の子を養育するための休業制度です。父親は子どもが生まれた日から８週間以内、４週間分まで取得でき、２回に分割して取得することもできます。休業開始予定日の２週間前までに、勤務先に書面で申し出てください。一定の条件を満たすと「出生時育児休業給付金」の支給を受けることができます。\n支払額は、休業開始時賃金日額ｘ休業期間の日数（28日が上限）ｘ67％です。\n→詳しくは勤務先所在地を管轄するハローワークへ\n産前産後の一定期間の年金、健康保険料が免除、軽減されます（2024年１月より）：・社会保険の加入者が産前産後休業・育児休業を取得する場合、休業中の健康保険料と厚生年金保険料が免除されます。 →詳しくは年金事務所へ\n★労働基準法により定められ、復職後使える制度\n※それぞれの制度には子どもの年齢の制限や勤務時間などの条件があるので勤務先に確認しましょう。\n育児時間\n雇用形態にかかわらずフルタイム勤務の女性労働者は、子どもが1歳未満までの間、休憩時間とは別に１日２回それぞれ少なくとも30分の育児時間を請求できます。育児時間は、勤務時間中でも、勤務時間始め、または終わりにとることもできます。\n短時間勤務制度、時間外労働・深夜業の免除\n男女共に育児する親は、勤務時間の短縮（原則６時間）や時間外、深夜労働（午後１０時から午前５時まで）などの免除を請求することもできます。\n看護休暇\n雇用形態にかかわりなく、小学校就学前の子を養育する労働者は、ケガや病気の子どもの世話や、予防接種や健康診断を受けさせるために、看護休暇を取得できます。小学校就学前の子が１人であれば１年に５日、２人以上であれば10日までの看護休暇を、年次有給休暇とは別に時間単位で取得できます。\n※看護休暇について、有給か無給かは勤務先の制度によって異なります。\n→　相談は滋賀労働局雇用環境・均等室　　℡ 077-523-1190""}]"
住まいローンについて,滋賀県内の情報として、居住ローンに関する記述はS5に「住宅ローン」や持ち家に関する説明として掲載されています。滋賀県では、住宅ローンの借り入れは永住者・特別永住者などの在留資格を持つ方に限られるケースがあるとされています（要件を満たし、審査を通れば借りられる）。また、要件を満たせば住宅ローン控除を受けられる場合があると記載されています。金利や具体的条件、借り入れ可否は金融機関の審査によるため、事前に各金融機関へ確認してください。空き家バンクやセーフティネット住宅など、住まいの入居支援制度の案内もあるため、ローン以外の資金手段も併せて検討してください。,"[{""sid"": ""S5"", ""question"": ""住む家を探すには？"", ""answer"": ""住まい探しに役立つ情報です。住宅には、「公営住宅」、「賃貸住宅」、「持ち家」などがあります。\n公営住宅\n所得の低い人など一定の条件を満たす人を対象に、公的な住宅があります。定期的に募集をおこない、抽選によって入居が決定します。滋賀県には県営住宅と、市町によって市営や町営住宅があるところもあります。在留資格や所得の要件があるので、確認してください。\n県営住宅\n滋賀県には、県営住宅が県内各地域にあり、年4回（４月、７月、１０月、１月）募集があります。\n市営町営住宅\nお住まいの市町役場に問い合わせてください。\n賃貸住宅\n一般に、日本では不動産屋で物件を探し、書面で契約を結びます。契約時、物件により、礼金や敷金が必要になります。（礼金は家主へのお礼として支払うお金で戻ってきません。敷金とは退去時に原状回復のために使われ、一部戻ってくる場合もあります。）また、連帯保証人が必要な場合と、家賃保証会社を利用する場合があります。その他、不動産屋への仲介手数料の支払いがあります。契約に火災保険の加入が含まれる場合が一般的です。その他、管理費や２年ごとに更新料を支払う必要がある場合が多いです。\nお役立ちサイト\n- [ 不動産情報検索サイト ] （公社）滋賀県宅地建物取引業協会 (https://www.hatomarksite.com/search/shiga/)\n- [ 外国語が話せる不動産店一覧 ] （公財）日本賃貸住宅管理協会 (https://www.jpm.jp/multilingual/index.html)\n- [ 外国人の民間賃貸住宅への円滑な入居について ]　国土交通省 (https://www.mlit.go.jp/jutakukentiku/house/jutakukentiku_house_tk3_000017.html)\n滋賀県の居住支援・住宅セーフティネット制度\n滋賀県での高齢者世帯、障害者世帯、外国人世帯、子育て世帯の入居を受け入れる民間賃貸住宅等の情報です。\n- 滋賀県のセーフティネット住宅 (https://safetynet-jutaku.mlit.go.jp/guest/apart_list.php?pref=25)\n- 滋賀あんしん賃貸住宅 (https://www.pref.shiga.lg.jp/ippan/kendoseibi/zyuutaku/300196.html)\n火災保険\n住宅は賃貸や持ち家にかかわらず、火災保険に加入する必要があります。\n賃貸アパートやマンションなどの場合、入居時や更新時に「大家」と「入居者」がそれぞれ火災保険に加入するケースが一般的です。建物は大家の資産なので、建物に対する火災保険は大家が加入して保険料を支払い、室内の家具や家電などの家財道具に対する保険は、入居者が加入し保険料を支払います。持ち家であれば建物と家財の両方を補償する火災保険に入ります。\n持ち家\n日本では、不動産を購入する際に国籍や在留資格に基づく制限はありません。ただし住宅ローンの借り入れは、永住者や特別永住者の在留資格をお持ちの方に限られています。年齢や所得、勤続年数などの基準を満たし、審査に通ると住宅ローンを組むことができます。また、要件などを満たせば、確定申告で住宅ローン控除を受けることができます。住宅を購入した後、経済状況に変化があった場合は、住宅ローンの借り換えや返済について、銀行に条件変更の相談をしましょう。\nまた、１月１日に住宅を所有している人は、その資産をもとに算定した固定資産税をお住まいの市町役場に支払います。\n空き家バンク\n空き家の賃貸・売却を希望する人が登録した情報を、空き家の利活用を希望する人に紹介する制度です。希望する市町役場の住宅課に空き家バンクがあるかたずねてください。\n- 空き家バンク (https://www.akiya-athome.jp/buy/25/)\n困ったときの相談窓口　（相談無料）\n入居中・契約の解除・明渡し時のトラブルなどの相談窓口：・滋賀県消費生活センター（彦根）/ TEL 0749-23-0999\n住宅取得や不具合、事業者とのトラブルなど様々な住宅についての相談窓口：・住まいるダイヤル/ TEL 03-3556-5147\n引っ越し先が決まったら、何をしたらいいのでしょう？\n届け出\nお住まいの市町役場に転出届を出します。引っ越し後14日以内に、新住所の役場に転居、転入届を出し、在留カードとマイナンバーカードの住所変更も行います。また、子どもさんがおられる方は、新しい保育園、幼稚園、学校への転入手続きも行います。職場、銀行への連絡や、運転免許証の住所変更も必要です。郵便局へ郵便物の転送届を出しておくと、引っ越し前の住所地に届いた郵便物を新住所に転送してもらえます。\n近所との付き合い\n日本では、引っ越した人が近所の人に挨拶をする習慣があります。近所の人と知り合って、ゴミの収集日や収集場所、災害時の避難場所など地域のルールを教えてもらいましょう。\n自治会\n地域ごとに住民が運営する自治会があります。自治会では、住民同士が地域での暮らしを良くするため、防犯、防災、美化活動を行ったり、地域の子どもたちがスポーツや祭りなどを楽しむ「子ども会」があるなど様々な活動をしています。それらの事業の運営のため、会員は自治会費を支払い、役割分担(ぶんたん)もあります。また、細かな地域の情報が掲載された「回覧板」が回ってきます。自治会は任意加入ですが、ゴミ収集場所の管理を自治会がしている場合など、加入が必要になることもあります。災害時などには近所同士の助け合いが必要になるので、近所とのお付き合いは大切にしましょう。\n※地域によって自治会の有無や活動内容、自治会費は異なりますので、必ず確認してください。""}]"
仕事場での悩みと仕事探しについて,滋賀県国際協会の情報を根拠に、仕事場の悩みと仕事探しについて要点を簡潔にお伝えします。高校生のアルバイトについては、15歳の3月31日を過ぎた者は就労が認められていますが、高校の校則で許可がある場合に限られ、未成年には就業内容の制限や就労時間の規制があります。雇用契約時には契約書の確認を、闇バイトなどの犯罪的手口には注意を払ってください。労働トラブルがある場合は労働基準監督署へ相談を。学校外の相談先として、こどもの人権110番、チャイルドライン、24時間子供SOSダイヤルなどが案内されています。公的な職業紹介機関としてハローワークを活用し、必要な場合は多言語相談窓口も利用できます。詳細は滋賀労働局の連絡先や各相談窓口にご確認ください。,"[{""sid"": ""S1"", ""question"": ""こんな悩み抱えていませんか？"", ""answer"": ""中学を卒業してからは勉強すること、働くこと、いろいろなことを自分で選択する機会が増えます。家や学校以外の居場所もでき、交友関係も広くなります。自由が多くなる分、自己責任も増えていきます。自分のことを守れるように、困ったときの相談先をいくつか紹介します。\n高校生はアルバイトできますか？\n15歳になって最初の3月31日が過ぎた人は就労が認められます。在籍する高校の校則でアルバイトが許可されていれば高校生も働くことができますが、18歳未満の未成年であり、社会での経験がまだ浅いため、以下のように法律で守られています。\n- 就職に当たって、保護者の同意書、年齢証明書、在留カードの提示が求められます。\n- 仕事の内容では、危険や有害な業務について就業の制限又は禁止されています。\n- 就労時間については、深夜業や時間外・休日労働の制限/変形労働時間制の勤務も禁止されています。\n※不当な労働契約や賃金の未払い、パワハラ、セクハラなど劣悪な環境で働かせるブラックバイトもあるので、雇用契約時には、雇用契約書を取り交わし、内容を確認するようにしてください。\n※犯罪行為によって報酬を受け取る\n闇バイト\nが、SNSなどを通して広まっています。決して「高収入」だから、と軽い気持ちで応募してはいけません。身分証や家族の情報などを提供してしまうことによって犯罪組織から抜け出せない手口になっています。自分の個人情報やプライバシーに関することはむやみに提供しないように気を付けましょう。\nいじめ、いやがらせ、セクハラ、解雇など仕事の相談\n- 滋賀労働局　雇用環境・均等室　Tel 077-523-1190\n- 労働条件相談ほっとライン（多言語相談）\n- 闇バイトの相談　警察相談ダイヤル#9110""}, {""sid"": ""S2"", ""question"": ""こんな悩み抱えていませんか？"", ""answer"": ""中学を卒業してからは勉強すること、働くこと、いろいろなことを自分で選択する機会が増えます。家や学校以外の居場所もでき、交友関係も広くなります。自由が多くなる分、自己責任も増えていきます。自分のことを守れるように、困ったときの相談先をいくつか紹介します。\n高校生はアルバイトできますか？\n15歳になって最初の3月31日が過ぎた人は就労が認められます。在籍する高校の校則でアルバイトが許可されていれば高校生も働くことができますが、18歳未満の未成年であり、社会での経験がまだ浅いため、以下のように法律で守られています。\n- 就職に当たって、保護者の同意書、年齢証明書、在留カードの提示が求められます。\n- 仕事の内容では、危険や有害な業務について就業の制限又は禁止されています。\n- 就労時間については、深夜業や時間外・休日労働の制限/変形労働時間制の勤務も禁止されています。\n※不当な労働契約や賃金の未払い、パワハラ、セクハラなど劣悪な環境で働かせるブラックバイトもあるので、雇用契約時には、雇用契約書を取り交わし、内容を確認するようにしてください。\n※犯罪行為によって報酬を受け取る\n闇バイト\nが、SNSなどを通して広まっています。決して「高収入」だから、と軽い気持ちで応募してはいけません。身分証や家族の情報などを提供してしまうことによって犯罪組織から抜け出せない手口になっています。自分の個人情報やプライバシーに関することはむやみに提供しないように気を付けましょう。\nいじめ、いやがらせ、セクハラ、解雇など仕事の相談\n- 滋賀労働局　雇用環境・均等室　Tel 077-523-1190\n- 労働条件相談ほっとライン（多言語相談）\n- 闇バイトの相談　警察相談ダイヤル#9110""}, {""sid"": ""S3"", ""question"": ""求職"", ""answer"": ""日本国内で就労できる外国人の方は日本人と同じように職業紹介を受ける事ができます。\n公共職業安定所　(ハローワーク)\n職業紹介、就労に関する相談などに応じる国の機関が公共職業安定所です。\n仕事が見つかり労働契約を結ぶ時の重要な決まりや雇用保険についてなど、いろいろな相談も合わせて行われています。""}, {""sid"": ""S4"", ""question"": ""労働トラブルの相談"", ""answer"": ""労働関係のトラブルがあった場合は、下記の労働基準監督署に相談しましょう。（労働契約、就労規則、給料明細などがあれば持参してください）""}, {""sid"": ""S5"", ""question"": ""困りごとがあれば学校に相談しましょう！"", ""answer"": ""学校ではたくさんの手紙が配(られるので、わからない場合は先生に確認したり、面談の時には通訳をお願いしましょう。悩みや問題があれば、先生やスクールカウンセラーに相談しましょう。\n学校以外で子どもが相談できるところ\n自分のこと、友達のこと、家族のこと、その他の事で悩み、困っていることがあれば相談してください。\n- こどもの人権110番 0120-007-110　月～金8:30 -17:15\n- チャイルドライン 0120-99-7777　毎日　16:00 - 21:00\n- 24時間子供SOSダイヤル 0120-0-78310　2４時間対応（年末年始も可）""}]"
役所への問い合わせについて,役所への問い合わせとして、福祉の窓口または社会福祉協議会に相談しましょう。滋賀県内の窓口案内や連絡先の詳細は、社会的包摂サポートセンターよりそいホットライン 0120-279-338にご確認ください。,"[{""sid"": ""S1"", ""question"": ""生活に困ったら"", ""answer"": ""市役所の福祉の窓口または、社会福祉協議会に相談しましょう。\n社会的包摂サポートセンター　よりそいホットライン\nTel: 0120-279-338""}]"
確認事項について,"滋賀県国際協会の情報に基づき以下を簡潔に回答します。
- 内容はS1～S5のうち、確認事項に関連する部分を要約します。
- 本回答はS1の年金情報に最も近い根拠を参照しています。S2～S5は補足として挙げられています。
- 出典は文末に [S#] を付して記載します。","[{""sid"": ""S1"", ""question"": ""自分の年金情報をチェック！"", ""answer"": ""毎年1回、誕生月に国民年金および厚生年金保険の加入者（被保険者）には、年金加入記録の確認のため、「ねんきん定期便」が届きます。届出住所が現住所と異なっている場合、「ねんきん定期便」が届きませんので、住所が変った場合は住所変更を届け出ましょう。\n年金記録の確認は\nねんきんネット (https://www.nenkin.go.jp/n_net/index.html)\n年金定期便・年金専用ダイヤル　℡　0570-058-555\n★\t保険料納付期間が１０年に満たない方も年金事務所で確認しましょう！ 年金記録に漏れがないか。（基礎年金番号が他にないか。別の氏名で登録されたものがないか。 合算対象期間がないか。（特に永住者、日本国籍の方は海外の滞在期間が合算されます。）\n★\t資格期間を満たすために次のような方法があります。 ６０歳から６５歳まで国民年金に任意加入する。（1965年4月1日以前生まれの方は最長７０歳まで任意加入できます） 国民年金後納制度を使い未納期間を解消する。（2018年9月30日まで５年後納制度が適用されます）""}]"
交通事故を起こした後について,交通事故にあった場合は、どんな小さな事故でも警察に届け出てください。怪我人がいるときは救急車を呼びましょう。事故を起こした後の対応として、負傷者の状況確認・現場の安全確保・相手方情報の交換・目撃者情報の確保が基本です。なお、必要に応じて交番・警察署へ届け出、保険手続きや相手方との示談などを進めてください。,"[{""sid"": ""S1"", ""question"": ""犯罪や交通事故にあったとき （事件・事故）"", ""answer"": ""交番\n日本では街角などに「交番」があり、警察官が駐在しています。地域のパトロールや犯罪の防止、家出人や落し物などの届け出を受け付けたり、道案内などを行っていますので、困ったことがあったら気軽に立ち寄ってみましょう。\n盗難や暴行にあったとき\n留守中に泥棒に入られたり、暴力の被害にあったときは、近くの交番や警察署に届けてください。\n緊急に助けを求めたい時は、110番に電話をしましょう。預金通帳，クレジットカードを盗まれた時は、銀行やカードの発行会社に届け出て、支払停止の手続きを要請することが必要です。\n交通事故にあったとき\n交通事故にあったら、どんな小さな事故でも警察に届けましょう。ケガ人がいる時は救急車を呼んでください。""}]"
障がい者認定,滋賀県では、障害者認定の手続きは市町の障害福祉担当窓口で行います。手帳として身体障害者手帳・療育手帳・精神障害者保健福祉手帳の取得を申請し、医療機関や専門機関の判定を経て認定されます。認定により、自立支援医療や障害福祉サービス、福祉手当などの支援が受けられます。具体的な窓口案内は各市町役場の障害福祉担当課へ相談してください。,"[{""sid"": ""S1"", ""question"": ""障害があっても輝いて！"", ""answer"": ""日本には、何らかの理由で心や体に障害を持つようになった人や子どもたちが日常生活や社会)生活ができるように、障害者自立支援法（平成３０年(2018年）４月より障害者総合支援法）に基づき様々なサービスや支援があります。心配事があれば、市役所などで相談しましょう。\n障害者には、知的障害者、身体障害者、精神障害者（発達障害者を含む）の区分があり、軽度)の障害も含みます。これらの障害者は、障害の種類、程度などに応じ、様々な支援制度やサービスを受けることができます。そのためには、市役所で障害者手帳（身体障害者手帳・療育手帳・精神障害者保健福祉手帳）の申請手続きが必要となります。（障害者の認定には、医療機関や各専門機関の判定が必要です）""}]"
クーラーの調節,滋賀県国際協会の情報には、クーラーの具体的な温度調整方法の記載はありません。よって、温度調整に関する一般的なアドバイスは提供できません。必要であれば、公式サイトの該当ページを参照してください。,[]
産後の給付金,産後の給付金として、出産育児一時金（直接支払制度）と出産手当金があります。出産育児一時金は一児につき50万円（病院によっては48.8万円）を直接払い、対象は妊娠4ヵ月以降の出産です。手続きは病院で行います。出産手当金は、健康保険加入者が出産を含む休業で給与の2/3程度が支給され、出産日以前42日間と出産日後56日間が対象です。,"[{""sid"": ""S1"", ""question"": ""【健康保険シリーズ5】子どもが生まれたら"", ""answer"": ""健康保険は病気になったときの給付だけではありません。他にもさまざまな給付があります。今日はその中でも、出産にかかわる健康保険からの給付をご紹介します。出産を控えている方にはぜひ知っておいて欲しい制度です。\n出産は保険が使えるの？「出産育児一時金」\n正常な妊娠・出産は病気ではありませんので、健康保険の対象外となります。3割負担での受診はできません。\nしかし「出産育児一時金」の直接払いの手続きをすれば、出産費用が補助されます。\n病院では補助される額を超えた分のみの費用負担で済みます。\n補助額\n一児につき50万円\n（重度の脳性麻痺を保障する制度に加入していない病院では４8.８万円）\n対象者\n妊娠４ヵ月（８５日）以降の出産で、死産を含みます。\n手続き方法\n病院で手続きができます。利用申込の書類に署名してください。\n出産育児一時金 URL: https://www.kyoukaikenpo.or.jp/g6/cat620/r310/ (https://www.kyoukaikenpo.or.jp/g6/cat620/r310/)\n*頁右上の Select language で言語を選択（英語、中国語（簡体字、繁体字）、韓国語、スペイン語、ポルトガル語）\n出産で会社を休んだら？　「出産手当金」\n妊娠や出産で長期間仕事を休むと、お給料が支払われなくなり生活に困ることもあります。しかし会社で健康保険に加入して働いている方は、「出産手当金」を請求すれば生活保障として手当金が支給されます。（扶養家族の出産は対象外です。また市町村の国民健康保険には、この制度はありません）\n給付額\n直近一年間のお給料を平均した額のおおよそ2/3\n対象期間\n出産日以前42日間（多胎妊娠は98日間）＋出産日後56日間\n手続き方法\n会社を通して健康保険に申請してください。\n出産手当金 URL: https://www.kyoukaikenpo.or.jp/g6/cat620/r311/ (https://www.kyoukaikenpo.or.jp/g6/cat620/r311/)\n*頁右上の Select language で言語を選択\nまた毎月のお給料から引かれている社会保険料も、産休中は支払いが免除されます。\n会社の総務の方に相談してみてください。""}]"
傷病手当,傷病手当金は、病気やケガで長期間休業した場合に支給される生活補償の給付金です。支給額は直近12か月の給与の平均の2/3で、勤務先の給与総額（手取り額とは異なる）をもとに算定されます。支給の条件は以下の通りです。1) 業務外の事由による病気やケガの療養の休業であること、2) 仕事に就くことができないこと（医師の証明が必要）、3) 連続する三日間を含み四日以上仕事につけなかったこと、4) 休業期間について給与の支払いがないこと（事業主の証明が必要）。詳細は協会けんぽ滋賀支部に問い合わせてください（℡ 077-522-1099）。,"[{""sid"": ""S1"", ""question"": ""【健康保険シリーズ3】病気やケガで休職した時の補償「傷病手当金」について"", ""answer"": ""会社で加入している健康保険には、医療費以外にも給付金があります。\nその一つが「傷病手当金」です。\n病気やケガで長期間仕事を休むと、給料が支払われなくなり生活費に困ることがあります。\nしかし傷病手当金を申請すれば、生活補償として給付金が健康保険より支給されます。\n傷病手当金は、病気休業中に被保険者とその家族の生活を保障するために設けられた制度で、被保険者が病気やケガのために会社を休み、会社から十分な報酬が受けられない場合に支給されます。\n【支給金額】直近１２か月の給与を平均した額の2/3\nただし、勤務先が社会保険に届けを出している給与総額です。手取りの金額とは一致しません。\n【支給の条件】\n1. 業務外の事由による病気やケガの療養のための休業であること\n2. 仕事に就くことができないこと（医師の証明が必要です）\n3. 連続する三日間を含み四日以上仕事につけなかったこと\n4. 休業した期間について給与の支払いがないこと（事業主の証明が必要です）\nその他、傷病手当金の詳細については協会けんぽのHPをご覧いただくか、お電話にてお問合せください。\n協会けんぽ滋賀支部\n℡　077-522-1099 (日本語)""}]"
クレジットカードの分割払い,滋賀県国際協会の情報に基づくと、クレジットカードの分割払い自体の具体的な案内は提示されていません。分割払いを利用する際は、正式な金融機関やカード会社の案内に従い、契約書の条項をよく確認してください。 suspicious な勧誘や未納料金の名目での分割払いの強要には注意してください。必要に応じて、消費者ホットライン188や金融サービス利用者相談室などへ相談してください。,"[{""sid"": ""S1"", ""question"": ""金融トラブルにご注意！！"", ""answer"": ""電子マネーのトラブル\nインターネット有料サイトの利用料金未納を騙った架空請求など、詐欺行為の支払手段として現金だけでなく、電子マネーを悪用した被害が急増しています。\n※※プリペイドカードなどの電子マネーは、相手にカードを渡さなくても、カードに記載された番号等を伝えるだけで電子マネーの価値を譲渡したことになります。\n詐欺です！：コンビニで電子マネーカードを買って、カード番号を教えて。\n！身に覚えのない請求等に返信、連絡しないでください。\n！事業者、法務省や裁判所などが「未納料金などの支払い」の名目で、　　コンビニで電子マネーカードを購入させることは絶対にありません。\nマネー・ロンダリング（犯罪に関係するお金を持っている人をわからなくすること）は違法です！\n詐欺です！：「このお金をあなたの口座から送金してほしいんです。一万円あげますから。」\n！口座を他人にあげるなどの行為は違法です。\n！違法な業者かどうか判断できない場合はその業者は使わないでください。\n　金融庁ウェブサイトの資金移動業者登録一覧に載っていない業者は違法です。\n　ここから確認できます\nメール・SMS（ショートメッセージサービス）による被害防止対策として、あらかじめ受信拒否設定をしておくことが効果的です。\n！おかしいと思ったら、すぐに家族や友人、警察＃9110（警察相談専用電話）に相談！\n- 消費者ホットライン　　　　１８８　（日本語）\n- 訪日外国人観光客消費者ホットライン 03-5449-0906 英語・中国語・韓国語・タイ語・ベトナム語・フランス語・日本語\n- 金融サービス利用者相談室0570-016811（从ＩＰ電話からは：03-5251-6811）\n- 英語ワンストップ窓口 　　　email: equestion@fsa.go.jp""}]"
中国語の通訳を紹介してほしい,中国語の通訳の紹介情報は、滋賀県国際協会の関連ページに個別に掲載されていません。中国語の通訳をお探しの場合は、滋賀県内の公共機関の案内やハローワーク、国の多言語案内ページをご参照ください。,"[{""sid"": ""S1"", ""question"": ""郵便局について"", ""answer"": ""以下の関連ページに各言語で案内があります。""}]"
精神科医について,滋賀県内で精神科医を探す場合、滋賀県国際協会の情報には精神科医の直接的な紹介は記載されていません。必要であれば、地域の保健所や医療機関案内をご利用ください。もしお急ぎであれば、各自治体の医療機関案内や総合窓口に問い合わせをおすすめします。,"[{""sid"": ""S1"", ""question"": ""エイズ検査と相談"", ""answer"": ""エイズやHIV感染について不安に思うとき、抗体検査を保健所で受けましょう。相談、検査とも匿名、無料（原則）で受けられます。\n\nまた、滋賀県健康医療福祉部薬務感染症対策課内には専用電話を設置し、カウンセラーによる電話相談と面接を受け付けています。\nエイズ専用電話\n- 077-524-0051\n- 受付時間: 毎週月、水曜日　午前9時～12時""}]"
暴行事件について,滋賀県国際協会の情報に基づくと、暴行事件に関しては、被疑者の権利として事実を知る権利・黙秘権・弁護人依頼権が保障され、当番弁護士制度や法テラスを利用できます（要請や接見時の相談は各窓口へ）。緊急時や逮捕・拘留時には警察の対応が関係します。交通事故や犯罪被害に遭った場合の対応は、警察への届け出と必要に応じて救急連絡、110番の活用をしてください。なお、デートDVに関する相談窓口としてデートDV110番等が案内されています。児童虐待疑いについては虐待ホットライン等の24時間対応窓口が案内されています。,"[{""sid"": ""S1"", ""question"": ""刑事事件を起こしてしまったら （事件・事故）"", ""answer"": ""被疑者の権利\n被疑者の権利として３つの権利が保障されています。\n1. 事実を知る権利\n2. 黙秘権\n3. 弁護人依頼権\n当番弁護士制度\n警察に逮捕、拘留された被疑者や家族の求めに応じて弁護士会が速やかに弁護士を被疑者のところに派遣する「当番弁護士」の制度があります。要請する場合ははっきりと申し出てください。\n滋賀弁護士会　当番弁護士専用電話　　TEL　077-522-2013\n民事法律扶助制度\n経済的に困っている人には、日本司法支援センター　(法テラス)　がありますので、当番弁護士が接見に来た際に相談してください 。\n法テラス [多言語ダイヤル]　TEL 0570-078-377\n法テラス [多言語] (http://www.houterasu.or.jp/multilingual/)\n国選弁護人\n起訴後、被告人は裁判のための弁護人を依頼することができます。経済的に無理な場合は、依頼すれば政府の国選弁護人をつけてくれます。""}]"
電話代二重払いについて,滋賀県国際協会の公開情報には、電話代の二重払いに関する具体的な案内は含まれていません。詐欺対策としては、身に覚えのない請求には返信・連絡をしない、公式の窓口で確認する、支払先の登録情報を確認することが推奨されます。詐欺被害の相談先としては警察相談専用電話（#9110）、消費者ホットライン（188）、金融サービス利用者相談室などを案内しています。詳しくは金融庁・FSAの案内をご確認ください。,"[{""sid"": ""S1"", ""question"": ""金融トラブルにご注意！！"", ""answer"": ""電子マネーのトラブル\nインターネット有料サイトの利用料金未納を騙った架空請求など、詐欺行為の支払手段として現金だけでなく、電子マネーを悪用した被害が急増しています。\n※※プリペイドカードなどの電子マネーは、相手にカードを渡さなくても、カードに記載された番号等を伝えるだけで電子マネーの価値を譲渡したことになります。\n詐欺です！：コンビニで電子マネーカードを買って、カード番号を教えて。\n！身に覚えのない請求等に返信、連絡しないでください。\n！事業者、法務省や裁判所などが「未納料金などの支払い」の名目で、　　コンビニで電子マネーカードを購入させることは絶対にありません。\nマネー・ロンダリング（犯罪に関係するお金を持っている人をわからなくすること）は違法です！\n詐欺です！：「このお金をあなたの口座から送金してほしいんです。一万円あげますから。」\n！口座を他人にあげるなどの行為は違法です。\n！違法な業者かどうか判断できない場合はその業者は使わないでください。\n　金融庁ウェブサイトの資金移動業者登録一覧に載っていない業者は違法です。\n　ここから確認できます\nメール・SMS（ショートメッセージサービス）による被害防止対策として、あらかじめ受信拒否設定をしておくことが効果的です。\n！おかしいと思ったら、すぐに家族や友人、警察＃9110（警察相談専用電話）に相談！\n- 消費者ホットライン　　　　１８８　（日本語）\n- 訪日外国人観光客消費者ホットライン 03-5449-0906 英語・中国語・韓国語・タイ語・ベトナム語・フランス語・日本語\n- 金融サービス利用者相談室0570-016811（从ＩＰ電話からは：03-5251-6811）\n- 英語ワンストップ窓口 　　　email: equestion@fsa.go.jp""}]"
年金保険料の未納について,滋賀県国際協会の情報に基づくと、年金保険料の未納問題についての具体的な手続きやペナルティは提示されていません。未納期間がある場合は、年金事務所で記録を確認し、未納期間の解消策として後納制度や任意加入の活用を検討します。詳しい手続きや条件は、ねんきん定期便の案内や年金事務所へご相談ください。,"[{""sid"": ""S1"", ""question"": ""自分の年金情報をチェック！"", ""answer"": ""毎年1回、誕生月に国民年金および厚生年金保険の加入者（被保険者）には、年金加入記録の確認のため、「ねんきん定期便」が届きます。届出住所が現住所と異なっている場合、「ねんきん定期便」が届きませんので、住所が変った場合は住所変更を届け出ましょう。\n年金記録の確認は\nねんきんネット (https://www.nenkin.go.jp/n_net/index.html)\n年金定期便・年金専用ダイヤル　℡　0570-058-555\n★\t保険料納付期間が１０年に満たない方も年金事務所で確認しましょう！ 年金記録に漏れがないか。（基礎年金番号が他にないか。別の氏名で登録されたものがないか。 合算対象期間がないか。（特に永住者、日本国籍の方は海外の滞在期間が合算されます。）\n★\t資格期間を満たすために次のような方法があります。 ６０歳から６５歳まで国民年金に任意加入する。（1965年4月1日以前生まれの方は最長７０歳まで任意加入できます） 国民年金後納制度を使い未納期間を解消する。（2018年9月30日まで５年後納制度が適用されます）""}]"
住民票の取得,滋賀県国際協会の情報に基づくと、住民票の取得に関する具体的な記載はS1〜S5の中では提示されていません。住民票の取得手続きについては、転出入届や転居手続きの情報が含まれており、転入届・住所変更などの手続きは市町役場で行います。詳しくはお住まいの市町役場の窓口や公式案内をご確認ください。,"[{""sid"": ""S4"", ""question"": ""在留について"", ""answer"": ""日本に住む外国人には、それぞれの滞在目的に従って在留資格と在留期間が与えられます。おのおのの「在留資格」には活動できる内容が厳格に規定されています。\n関連ページ\n出入国在留管理庁 (http://www.moj.go.jp/isa/index.html)\n在留関係の手続きについては\n在留関係手続き (https://www.moj.go.jp/isa/applications/index.html)\n入国後の在留関係の手続き\n滋賀県在住の方は、\n大阪入国管理局大津出張所\nで行います。\n大阪入国管理局大津出張所 (http://www.moj.go.jp/isa/about/region/osaka/index.html)\n大津市京町3-1-1 大津びわ湖合同庁舎6階　　℡：077-511-4231\n一般的な内容についての相談\n外国人在留インフォメーションセンター・ワンストップ型相談センター（入国管理局）に外国語で問い合わせることもできます。\n外国人在留インフォメーションセンター (http://www.moj.go.jp/isa/consultation/center/japanese.html)\n℡ 0570-013904（ＩＰ, ＰＨＳ, 海外: 03-5796-7112）\n新しい在留資格への移行により、平成24年7月9日より前の住所は住民票には記載されません。 ※これまで市区町村で保管されていた「外国人登録原票」は、平成24年7月9日から法務省で保管されています。\n外国人登録原票に係る開示請求について（法務省HPへリンク） (http://www.moj.go.jp/isa/applications/disclosure/foreigner.html)""}]"
非課税世帯の確認,滋賀県国際協会の情報には、非課税世帯の確認に直接の記載がありません。各種情報は年金・消費税・確定申告・住民税・配偶者控除の見直し等に関するものです。非課税世帯の確認や支援制度の最新情報については、市町村の窓口や滋賀県の公式窓口、または困窮者支援窓口にお問い合わせください。,"[{""sid"": ""S1"", ""question"": ""自分の年金情報をチェック！"", ""answer"": ""毎年1回、誕生月に国民年金および厚生年金保険の加入者（被保険者）には、年金加入記録の確認のため、「ねんきん定期便」が届きます。届出住所が現住所と異なっている場合、「ねんきん定期便」が届きませんので、住所が変った場合は住所変更を届け出ましょう。\n年金記録の確認は\nねんきんネット (https://www.nenkin.go.jp/n_net/index.html)\n年金定期便・年金専用ダイヤル　℡　0570-058-555\n★\t保険料納付期間が１０年に満たない方も年金事務所で確認しましょう！ 年金記録に漏れがないか。（基礎年金番号が他にないか。別の氏名で登録されたものがないか。 合算対象期間がないか。（特に永住者、日本国籍の方は海外の滞在期間が合算されます。）\n★\t資格期間を満たすために次のような方法があります。 ６０歳から６５歳まで国民年金に任意加入する。（1965年4月1日以前生まれの方は最長７０歳まで任意加入できます） 国民年金後納制度を使い未納期間を解消する。（2018年9月30日まで５年後納制度が適用されます）""}, {""sid"": ""S2"", ""question"": ""消費税 １０％へ引き上げ　↑　（2019年10月から）"", ""answer"": ""- 飲食料（外食、酒類は除く）や定期購読新聞は８％に据え置かれます。\n- 家計の負担緩和のため、市町村は対象家庭（非課税世帯、小さい子供のいる世帯）に対して、２５％お得に買い物ができる「プレミアム商品券」を発行・販売しています。（使用期間は税率引き上げ後６か月間）""}, {""sid"": ""S3"", ""question"": ""確定申告　2025年2月17日（月）～3月17日（月）"", ""answer"": ""多額の医療費を支払った、住宅ローンがあるなど控除額に訂正がある場合や事業所得者、複数の場所で所得がある方は税務署で確定申告をしましょう。""}, {""sid"": ""S4"", ""question"": ""住民税"", ""answer"": ""滋賀県の居住者は、県民税と市町村民税を支払います。これらの税は住民税といわれ、住所地の市町村を管轄する税務署に提出されている確定申告などに基づいて計算されます。住民税は国籍に関わらず、1月1日から1年間に得た個人所得のすべてに課税されます。外国人の税金は、滞在期間や職種などにより別の方法で扱われます。\n\n住民税は次のように課税されます。\n- 国籍に関わらず、1月1日に日本に住所をもち、1年以上日本に滞在する場合。\n- 1月1日現在１年以内の居住期間でも、入国後継続して1年以上日本に居住することを通常必要とする職業を有する場合。\n住民税を支払うため、1月1日現在に住所地のある市町村へ申告しなければなりません。""}, {""sid"": ""S5"", ""question"": ""配偶者控除・配偶者特別控除の見直し"", ""answer"": ""配偶者が一定以下の収入の場合、納税者の税金が控除されます。これを配偶者控除と言います。この控除対象となる配偶者の収入や納税者本人の収入について改正され、平成３０年度分以降の所得税について適用されます。\n①納税者本人の受ける控除額\n所得控除額３８万円の対象となる配偶者の給与収入の上限が、１０３万円から１５０万円に引き上げられます。それを超えると段階的に控除額が減り、年収２０１万円で消失します。\n②納税者本人の所得制限\n配偶者控除等の適用される納税者本人に収入制限が設けられます。合計所得金額が９００万円を超えると段階的に控除額が減り、１０００万円で消失します。""}]"
書類の確認,年末調整に関する申告書は、国税庁の外国語版公開ページをご活用ください。該当言語は英語、中国語、ポルトガル語、スペイン語、ベトナム語、フィリピノ語です。,"[{""sid"": ""S1"", ""question"": ""年末調整の各種申告書（扶養控除等申告書など）について"", ""answer"": ""国税庁のウェブサイト内で、《外国語版》各種申告書（扶養控除等申告書など）が公開されています。\n【６言語版】\n英語、中国語、ポルトガル語、スペイン語、ベトナム語、フィリピノ語\nご活用ください。""}]"
就労相談について,滋賀労働局総合労働相談コーナーへ相談します。電話番号は077-522-6648、日本語対応です。所在地は大津市打出浜14-15滋賀労働総合庁舎4階です。外国人労働者向け相談ダイヤルも利用可能で、英語・中国語・ポルトガル語・スペイン語などの案内があります。困りごとがあれば、労働関係のトラブル（賃金、契約、就労条件、ハラスメント等）について、必要な書類を持参のうえ相談窓口へ問い合わせてください。,"[{""sid"": ""S2"", ""question"": ""派遣労働についての新しいルール等を知って、就労に役立てましょう！"", ""answer"": ""■派遣受け入れ期間の制限と労働契約の申し込み義務について\n一部の業務を除き、派遣先で派遣労働者を受け入れることのできる期間には最長３年の制限があります。期間制限を超えてその業務について派遣労働者を仕事をさせる場合などは、派遣先は派遣労働者へ労働契約の申込みをしなければなりません。 2015年の労働者派遣法改正法で、派遣として、同じ事業所で同じ仕事を３年を超えて働くことは、基本的にできないことになりました。一定の手続きを経れば、３年を超えて働くことはできますが、異なる「課」などへ移動することが必要です。2018年９月より、同じ事業所の同じ「課」などに、継続して３年派遣される見込みとなった場合には、派遣元事業主（派遣会社）から下記の雇用安定措置（義務）を受け取ることが可能です。 （１年以上３年未満派遣見込みの方には、努力義務の対象。「派遣元で無期雇用されている派遣労働者」や「６０歳以上の派遣労働者」などは、雇用安定措置の対象外）\n対象：2015年９月３０日以降に労働者派遣契約を締結・更新した派遣労働者\n△　雇用安定措置の内容（義務）\n派遣元事業主は、以下の1.～4.のいずれかの措置を講じる必要があります。また、1.を講じて直接雇用に結び付かなかった場合には、別途2.～4.のいずれかの措置を講じる必要があります\n1. 派遣先への直接雇用の依頼（派遣先が同意すれば、派遣先の社員となります）\n2. 新たな派遣先の提供（その条件が派遣で働く方の能力、経験に照らして合理的なものに限る）\n3. 派遣元での派遣労働者以外としての無期雇用\n4. その他雇用の安定を図るための措置\n注意\n- 雇用安定措置の対象となるには、派遣元事業主に対し、派遣終了後も継続して就業することを希望することが必要です。雇用安定措置1.～4.のうち、派遣元事業主に講じてもらいたいものを希望することができます。\n- 派遣先が、派遣労働者を禁止業務（港湾運送業務、建設業務、警備業務、医療関連業務）に従事させたり、期間制限に違反して労働者派遣を受け入れたなどの場合には、その派遣労働者に対して労働契約の申し込みをしたとみなされます。\n■無期雇用への転換推進措置について\n2018年４月から無期雇用の申請受付も始まっています。有期労働契約が2013年４月以降、反復して更新されて通算５年を超えたときは、労働者の申し込みにより、次回の契約から期間の定めのない労働契約に転換できます。（詳しくはみみタロウ１２６号）\n労働についての相談窓口\n滋賀労働局総合労働相談コーナー　℡：077-522-6648　（日本語）\n大津市打出浜１４－１５滋賀労働総合庁舎４Ｆ\n「外国人労働者向け相談ダイヤル」10:00～15:00\n- 英語　　　　　月～金　　　℡ 0570-001701\n- 中国語　　　　月～金　　　℡ 0570-001702\n- ポルトガル語　月～金　　　℡ 0570-001703\n- スペイン語　　火、木、金　℡ 0570-001704\n- タガログ語　　火、水　　　℡ 0570-001705""}, {""sid"": ""S3"", ""question"": ""こんな悩み抱えていませんか？"", ""answer"": ""中学を卒業してからは勉強すること、働くこと、いろいろなことを自分で選択する機会が増えます。家や学校以外の居場所もでき、交友関係も広くなります。自由が多くなる分、自己責任も増えていきます。自分のことを守れるように、困ったときの相談先をいくつか紹介します。\n高校生はアルバイトできますか？\n15歳になって最初の3月31日が過ぎた人は就労が認められます。在籍する高校の校則でアルバイトが許可されていれば高校生も働くことができますが、18歳未満の未成年であり、社会での経験がまだ浅いため、以下のように法律で守られています。\n- 就職に当たって、保護者の同意書、年齢証明書、在留カードの提示が求められます。\n- 仕事の内容では、危険や有害な業務について就業の制限又は禁止されています。\n- 就労時間については、深夜業や時間外・休日労働の制限/変形労働時間制の勤務も禁止されています。\n※不当な労働契約や賃金の未払い、パワハラ、セクハラなど劣悪な環境で働かせるブラックバイトもあるので、雇用契約時には、雇用契約書を取り交わし、内容を確認するようにしてください。\n※犯罪行為によって報酬を受け取る\n闇バイト\nが、SNSなどを通して広まっています。決して「高収入」だから、と軽い気持ちで応募してはいけません。身分証や家族の情報などを提供してしまうことによって犯罪組織から抜け出せない手口になっています。自分の個人情報やプライバシーに関することはむやみに提供しないように気を付けましょう。\nいじめ、いやがらせ、セクハラ、解雇など仕事の相談\n- 滋賀労働局　雇用環境・均等室　Tel 077-523-1190\n- 労働条件相談ほっとライン（多言語相談）\n- 闇バイトの相談　警察相談ダイヤル#9110""}]"
ビザの更新について,滋賀県国際協会の情報に基づくと、ビザの更新に関する具体的な手続きや要件については本資料には記載がありません。そのため、ビザ更新についての確定的な情報は提供できません。信頼できる最新情報を得るには、在日外国人向けの窓口や法務省・出入国在留管理庁の公式情報をご確認ください。,"[{""sid"": ""S1"", ""question"": ""健康保険の被扶養者は「国内居住者」に限定されます"", ""answer"": ""2020年４月より、企業の従業員が入る公的医療保険「健康保険」の被扶養者の認定要件に、「原則として国内に居住していること」が追加され、海外在住の被扶養者は外れることになりました。ただし、日本に居住していない被扶養者のうち、日本に生活の基礎があると認められるもの（海外留学、海外赴任の同行家族、観光ボランティア等のための一時的渡航者など）については、 例外的に要件を満たすこととされています。一方、国内に住所があっても、医療滞在ビザで来日した者や観光・保養を目的とするロングステイビザで来日した者は被扶養者認定されません。""}]"
電話代二重払いについて,電話代二重払いに関する具体的な情報は、滋賀県国際協会の公開情報には記載がありません。一般的な対策としては、利用料金の請求が不審な場合は発行元へ確認し、正式な連絡先以外には応答しないこと、身に覚えのない請求には返信しないこと、警察相談窓口や消費者ホットラインに相談することをおすすめします。詳細は公的機関の案内をご確認ください。,"[{""sid"": ""S1"", ""question"": ""金融トラブルにご注意！！"", ""answer"": ""電子マネーのトラブル\nインターネット有料サイトの利用料金未納を騙った架空請求など、詐欺行為の支払手段として現金だけでなく、電子マネーを悪用した被害が急増しています。\n※※プリペイドカードなどの電子マネーは、相手にカードを渡さなくても、カードに記載された番号等を伝えるだけで電子マネーの価値を譲渡したことになります。\n詐欺です！：コンビニで電子マネーカードを買って、カード番号を教えて。\n！身に覚えのない請求等に返信、連絡しないでください。\n！事業者、法務省や裁判所などが「未納料金などの支払い」の名目で、　　コンビニで電子マネーカードを購入させることは絶対にありません。\nマネー・ロンダリング（犯罪に関係するお金を持っている人をわからなくすること）は違法です！\n詐欺です！：「このお金をあなたの口座から送金してほしいんです。一万円あげますから。」\n！口座を他人にあげるなどの行為は違法です。\n！違法な業者かどうか判断できない場合はその業者は使わないでください。\n　金融庁ウェブサイトの資金移動業者登録一覧に載っていない業者は違法です。\n　ここから確認できます\nメール・SMS（ショートメッセージサービス）による被害防止対策として、あらかじめ受信拒否設定をしておくことが効果的です。\n！おかしいと思ったら、すぐに家族や友人、警察＃9110（警察相談専用電話）に相談！\n- 消費者ホットライン　　　　１８８　（日本語）\n- 訪日外国人観光客消費者ホットライン 03-5449-0906 英語・中国語・韓国語・タイ語・ベトナム語・フランス語・日本語\n- 金融サービス利用者相談室0570-016811（从ＩＰ電話からは：03-5251-6811）\n- 英語ワンストップ窓口 　　　email: equestion@fsa.go.jp""}]"
窓口で通訳について,滋賀労働局総合労働相談コーナーの外国人労働者向け相談ダイヤルで通訳案内が受けられる可能性があります。具体的な案内言語や手続きは窓口でご確認ください。,"[{""sid"": ""S5"", ""question"": ""派遣労働についての新しいルール等を知って、就労に役立てましょう！"", ""answer"": ""■派遣受け入れ期間の制限と労働契約の申し込み義務について\n一部の業務を除き、派遣先で派遣労働者を受け入れることのできる期間には最長３年の制限があります。期間制限を超えてその業務について派遣労働者を仕事をさせる場合などは、派遣先は派遣労働者へ労働契約の申込みをしなければなりません。 2015年の労働者派遣法改正法で、派遣として、同じ事業所で同じ仕事を３年を超えて働くことは、基本的にできないことになりました。一定の手続きを経れば、３年を超えて働くことはできますが、異なる「課」などへ移動することが必要です。2018年９月より、同じ事業所の同じ「課」などに、継続して３年派遣される見込みとなった場合には、派遣元事業主（派遣会社）から下記の雇用安定措置（義務）を受け取ることが可能です。 （１年以上３年未満派遣見込みの方には、努力義務の対象。「派遣元で無期雇用されている派遣労働者」や「６０歳以上の派遣労働者」などは、雇用安定措置の対象外）\n対象：2015年９月３０日以降に労働者派遣契約を締結・更新した派遣労働者\n△　雇用安定措置の内容（義務）\n派遣元事業主は、以下の1.～4.のいずれかの措置を講じる必要があります。また、1.を講じて直接雇用に結び付かなかった場合には、別途2.～4.のいずれかの措置を講じる必要があります\n1. 派遣先への直接雇用の依頼（派遣先が同意すれば、派遣先の社員となります）\n2. 新たな派遣先の提供（その条件が派遣で働く方の能力、経験に照らして合理的なものに限る）\n3. 派遣元での派遣労働者以外としての無期雇用\n4. その他雇用の安定を図るための措置\n注意\n- 雇用安定措置の対象となるには、派遣元事業主に対し、派遣終了後も継続して就業することを希望することが必要です。雇用安定措置1.～4.のうち、派遣元事業主に講じてもらいたいものを希望することができます。\n- 派遣先が、派遣労働者を禁止業務（港湾運送業務、建設業務、警備業務、医療関連業務）に従事させたり、期間制限に違反して労働者派遣を受け入れたなどの場合には、その派遣労働者に対して労働契約の申し込みをしたとみなされます。\n■無期雇用への転換推進措置について\n2018年４月から無期雇用の申請受付も始まっています。有期労働契約が2013年４月以降、反復して更新されて通算５年を超えたときは、労働者の申し込みにより、次回の契約から期間の定めのない労働契約に転換できます。（詳しくはみみタロウ１２６号）\n労働についての相談窓口\n滋賀労働局総合労働相談コーナー　℡：077-522-6648　（日本語）\n大津市打出浜１４－１５滋賀労働総合庁舎４Ｆ\n「外国人労働者向け相談ダイヤル」10:00～15:00\n- 英語　　　　　月～金　　　℡ 0570-001701\n- 中国語　　　　月～金　　　℡ 0570-001702\n- ポルトガル語　月～金　　　℡ 0570-001703\n- スペイン語　　火、木、金　℡ 0570-001704\n- タガログ語　　火、水　　　℡ 0570-001705""}]"
後見人の認定について,後見人の認定についての具体的な手続きや要件は、提供された情報（S1～S5）には含まれていません。従って、滋賀県国際協会の情報のみを根拠に回答すると、後見人認定に関する記載は見当たりません。必要であれば、法テラスや弁護士会の担当窓口へご相談ください。,"[{""sid"": ""S1"", ""question"": ""刑事事件を起こしてしまったら （事件・事故）"", ""answer"": ""被疑者の権利\n被疑者の権利として３つの権利が保障されています。\n1. 事実を知る権利\n2. 黙秘権\n3. 弁護人依頼権\n当番弁護士制度\n警察に逮捕、拘留された被疑者や家族の求めに応じて弁護士会が速やかに弁護士を被疑者のところに派遣する「当番弁護士」の制度があります。要請する場合ははっきりと申し出てください。\n滋賀弁護士会　当番弁護士専用電話　　TEL　077-522-2013\n民事法律扶助制度\n経済的に困っている人には、日本司法支援センター　(法テラス)　がありますので、当番弁護士が接見に来た際に相談してください 。\n法テラス [多言語ダイヤル]　TEL 0570-078-377\n法テラス [多言語] (http://www.houterasu.or.jp/multilingual/)\n国選弁護人\n起訴後、被告人は裁判のための弁護人を依頼することができます。経済的に無理な場合は、依頼すれば政府の国選弁護人をつけてくれます。""}]"
病院の予約をキャンセルしたい,ご予約のキャンセル方法は出典には記載がありません。滋賀県国際協会の情報のみを根拠に回答すると、病院の予約キャンセルに関する具体的な手順は示されていません。予約方法やキャンセルポリシーは病院ごとに異なる場合が多いので、予約時の案内や電話窓口、または受診した病院の公式サイトで確認してください。,"[{""sid"": ""S1"", ""question"": ""【健康保険シリーズ２】日本での病院のかかり方について"", ""answer"": ""保険証を持っていこう\n保険証とは、病院で受診するときに提示するカードです。会社や市役所から発行されます。日本では病院で保険証を提示すると、国の基準で定めた医療費の３割で受診できるのでとても安くなります。でも保険証を忘れてしまうと全額自己負担になるだけでなく、国の基準ではなく病院が自由に医療費を決めるため、より高額になることがあります。出かけるときは忘れずに保険証を携帯しましょう。将来はマイナンバーカードが保険証として使えるようになりますから、早めにマイナンバーカードを作ったほうが良さそうですね。\n保険証が使えないときもある\n保険証は日本のほとんどの病院や調剤薬局で使うことができます。しかし使えない受診もあります。民間療法など国の基準に該当しない治療のほか、美容整形や歯列矯正など日常生活に支障がない治療には使えません。予防接種や健康診断、人工妊娠中絶も対象外になります。仕事中や通勤中の怪我の場合、会社で働いている方は健康保険とは別に労働災害保険にも入っていますので、労働災害保険が補償してくれます。会社に相談してください。そしてこの場合、保険証は使えませんので注意してください。\n【病院のかかり方で上手に節約】\n休日や夜間に急病になったとき、診療してくれる医療機関は心強い存在です。しかし病院のかかり方によっては、割増料金がかかり医療費が高額になることがあります。\n◇時間外に受診すると追加料金がかかる\n診療時間外（夜間、早朝、休日（日曜・祝日）、深夜）に受診すると、通常料金とは別に追加料金を支払うことになります。また薬局で薬を調剤してもらう場合も同様です。ホームぺージ等で診療時間を確認してから行きましょう。\n◇いきなり大病院に行くと特別料金がかかる\n大きな病院に紹介状なしで受診をすると特別料金が5,000円以上かかります。\nまずはお近くのかかりつけ医を受診し、必要な場合は紹介状を書いてもらい大病院を受診しましょう。\n◇複数の病院を受診すると医療費が高くなる\n「症状がよくならないから」「場所が遠いから」などの理由で病院を変えたことはありませんか？\nしかし、途中で病院を変えると毎回「初診料」がかかり、検査や投薬も重複するため、医療費が高くなります。「かかりつけ医」を決めて、同じ病院で受診しましょう。""}]"
子どもの医療費助成（マルフク）の申請について,"滋賀県の公的情報として、子どもの医療費助成（マルフク）に関する具体的な申請手続きや対象範囲は、滋賀県・市町の窓口で案内されます。お住まいの市町の担当窓口に、児童医療費助成制度（マルフク）についての申請方法・必要書類・対象年齢などを確認してください。一般的には、児童の保険証と所得に関する証明書、申請書を提出して助成を受ける流れです。""","[{""sid"": ""S3"", ""question"": ""子どもたちが安心して育つために　～公的援助制度について～"", ""answer"": ""子育てには養育費・教育費などたくさんのお金がかかります。日本には、子育てを経済的に援助する様々な公的制度があります。申請の必要なものもありますので、それぞれの申請時期を確認してうまく利用しましょう。\n児童手当制度\n生後から高校修了年代までの児童を養育している方へ児童手当が支給されます。０歳～２歳に月１万５千円、３歳～18歳の最初の３月末までに月１万円、第３子以降は月３万円が支給されます。父母が別居している場合は、児童と同居している方に優先的に支給され、また、父母が海外に住んでいる場合、日本国内で児童を養育している方を指定すれば、その方に支給されます。\n[ 問合せ ]\n各市町\n幼児教育、保育、小中学校の授業料の無償化\n幼稚園、保育園、認定こども園の３～５歳児クラスの利用料は無料です。住民税非課税世帯は　０～２歳児クラスでも無料になります。また就労等の保育の必要性の認定を受ければ、預かり保育の利用にも補助が出ます。公立小中学校の授業料も無償化の対象です。\n[ 問合せ ]\n各市町　内閣府HP\n内閣府HP (https://www8.cao.go.jp/shoushi/shinseido/musyouka/about/index.html)\n就学援助制度\n公立の小中学校に就学している児童生徒の保護者に、学用品、通学用品、PTA会費等就学に必要な費用の一部を援助する制度です。生活保護対象の保護者、およびそれに準ずる保護者が対象です。\n[ 問合せ ]\n在籍している小中学校や市町教育委員会\n高等学校等就学支援制度\n年収９１０万円未満の世帯に対して、高校等（高専、高等専修学校等を含む）に在学する生徒の授業料について支援されます。保護者の方に直接支給されるのではなく、学校が受け取り、授業料に充当されます。\n[ 問合せ ]\n在籍している学校を通じて申請\n高校生等奨学給付金\n授業料以外の教育費負担を軽減するため、高校生等がいる低所得者世帯を対象に支援があります。\n[ 問合せ ]\n在学している学校を通じて、私立の場合は滋賀県総務部私学・県立大学振興課、国公立の場合は、滋賀県教育委員会教育総務課\n高等教育の修学支援新制度（授業料等減免と給付型奨学金）\n世帯収入等により、大学や専門学校などの授業料・入学金の免除または減額や給付型の奨学金の支給支援があります。高等学校在学中にも申請できます。\n[ 問合せ ]\n在籍、入学予定の学校・日本学生支援機構""}]"
在留資格について,在留資格には、それぞれ活動できる内容が厳格に規定されています。在留期間とともに与えられ、滋賀県在住の方は大阪入国管理局大津出張所で手続きを行います。,"[{""sid"": ""S2"", ""question"": ""在留について"", ""answer"": ""日本に住む外国人には、それぞれの滞在目的に従って在留資格と在留期間が与えられます。おのおのの「在留資格」には活動できる内容が厳格に規定されています。\n関連ページ\n出入国在留管理庁 (http://www.moj.go.jp/isa/index.html)\n在留関係の手続きについては\n在留関係手続き (https://www.moj.go.jp/isa/applications/index.html)\n入国後の在留関係の手続き\n滋賀県在住の方は、\n大阪入国管理局大津出張所\nで行います。\n大阪入国管理局大津出張所 (http://www.moj.go.jp/isa/about/region/osaka/index.html)\n大津市京町3-1-1 大津びわ湖合同庁舎6階　　℡：077-511-4231\n一般的な内容についての相談\n外国人在留インフォメーションセンター・ワンストップ型相談センター（入国管理局）に外国語で問い合わせることもできます。\n外国人在留インフォメーションセンター (http://www.moj.go.jp/isa/consultation/center/japanese.html)\n℡ 0570-013904（ＩＰ, ＰＨＳ, 海外: 03-5796-7112）\n新しい在留資格への移行により、平成24年7月9日より前の住所は住民票には記載されません。 ※これまで市区町村で保管されていた「外国人登録原票」は、平成24年7月9日から法務省で保管されています。\n外国人登録原票に係る開示請求について（法務省HPへリンク） (http://www.moj.go.jp/isa/applications/disclosure/foreigner.html)""}]"
クレジットカードについて,クレジットカードに関する情報は、提供されたS1〜S5の文献には直接言及されていません。滋賀県国際協会の情報のみを根拠にする場合、クレジットカード自体の取り扱い・安全対策に関する具体的な記述は見当たりません。該当する情報が見つからないため、現時点での事実ベースの回答ができません。必要であれば、関連機関の公式情報をご案内します。,"[{""sid"": ""S1"", ""question"": ""金融トラブルにご注意！！"", ""answer"": ""電子マネーのトラブル\nインターネット有料サイトの利用料金未納を騙った架空請求など、詐欺行為の支払手段として現金だけでなく、電子マネーを悪用した被害が急増しています。\n※预プリペイドカードなどの電子マネーは、相手にカードを渡さなくても、カードに記載された番号等を伝えるだけで電子マネーの価値を譲渡したことになります。\n詐欺です！：「コンビニで電子マネーカードを買って、カード番号を教えて。\n」\n！身に覚えのない請求等に返信、連絡しないでください。\n！事業者、法務省や裁判所などが「未納料金などの支払い」の名目で、　　コンビニで電子マネーカードを購入させることは絶対にありません。\nマネー・ロンダリング（犯罪に関係するお金を持っている人をわからなくすること）は違法です！\n詐欺です！：「このお金をあなたの口座から送金してほしいんです。一万円あげますから。」\n！口座を他人にあげるなどの行為は違法です。\n！違法な業者かどうか判断できない場合はその業者は使わないでください。\n　金融庁ウェブサイトの資金移動業者登録一覧に載っていない業者は違法です。\nここから確認できます→　https://www.fsa.go.jp/menkyo/menkyoj/shikin_idou.pdf\n。\nメール・SMS（ショートメッセージサービス）による被害防止対策として、あらかじめ受信拒否設定をしておくことが効果的です。\n！おかしいと思ったら、すぐに家族や友人、警察＃9110（警察相談専用電話）に相談！\n- 消費者ホットライン　　　　１８８　（日本語）\n- 訪日外国人観光客消費者ホットライン 03-5449-0906\n- 金融サービス利用者相談室0570-016811（从ＩＰ電話からは：03-5251-6811）\n- 英語ワンストップ窓口　　　email: equestion@fsa.go.jp""}]"
自己都合退職について,自己都合退職を選択する場合、退職の時期や手続きは就業規則に定めがあるため事前に確認しましょう。民法627条により、期間の定めがない労働契約の場合、原則として退職の申し入れから2週間後に契約は終了します。ただし急な退職は会社の事務引継ぎなどに支障をきたすことがあるため、退職時期などについては会社と十分話し合うことが望ましいです。,"[{""sid"": ""S1"", ""question"": ""退職するときは"", ""answer"": ""自己都合による退職\n退職については、通常就業規則に定めがありますので、あらかじめその内容や手続きについて確認しておきましょう。 　なお、民法（第627条）によれば、期間に定めのない労働契約の場合は，原則として退職の申し入れから２週間後に契約は終了するものとされています。\nただし、急に「辞めたい」と申し入れることは、会社にとっては事務引継ぎなどで困ることもありますので、退職の時期等については会社と充分話し合うことが望ましいでしょう。\n事業主からの解雇\n解雇に当たっては、雇用者は労働者に少なくとも30日前にその予告をする必要があり、30日前に予告しない場合には30日に不足する日数分の平均賃金（解雇予告手当）を支払う必要があります。（労働基準法20条、21条）。""}]"
クレジットカード払いについて,クレジットカード払いに関する特定の注意喚起は本文のS1/S2に含まれていません。滋賀県国際協会の情報だけを根拠に回答するため、クレジットカード払いに関する具体的な案内は提供できません。詐欺被害防止の一般的な注意として、身に覚えのない請求には返信・連絡をしないこと、公式の連絡先以外の依頼には応じないこと、資金移動業者登録の有無を金融庁の情報で確認することなどはS1/S2に記載されています。,"[{""sid"": ""S1"", ""question"": ""金融トラブルにご注意！！"", ""answer"": ""電子マネーのトラブル\nインターネット有料サイトの利用料金未納を騙った架空請求など、詐欺行為の支払手段として現金だけでなく、電子マネーを悪用した被害が急増しています。\n※预プリペイドカードなどの電子マネーは、相手にカードを渡さなくても、カードに記載された番号等を伝えるだけで電子マネーの価値を譲渡したことになります。\n詐欺です！：「コンビニで電子マネーカードを買って、カード番号を教えて。\n」\n！身に覚えのない請求等に返信、連絡しないでください。\n！事業者、法務省や裁判所などが「未納料金などの支払い」の名目で、　　コンビニで電子マネーカードを購入させることは絶対にありません。\nマネー・ロンダリング（犯罪に関係するお金を持っている人をわからなくすること）は違法です！\n詐欺です！：「このお金をあなたの口座から送金してほしいんです。一万円あげますから。」\n！口座を他人にあげるなどの行為は違法です。\n！違法な業者かどうか判断できない場合はその業者は使わないでください。\n　金融庁ウェブサイトの資金移動業者登録一覧に載っていない業者は違法です。\nここから確認できます→　https://www.fsa.go.jp/menkyo/menkyoj/shikin_idou.pdf\n。\nメール・SMS（ショートメッセージサービス）による被害防止対策として、あらかじめ受信拒否設定をしておくことが効果的です。\n！おかしいと思ったら、すぐに家族や友人、警察＃9110（警察相談専用電話）に相談！\n- 消費者ホットライン　　　　１８８　（日本語）\n- 訪日外国人観光客消費者ホットライン 03-5449-0906\n- 金融サービス利用者相談室0570-016811（从ＩＰ電話からは：03-5251-6811）\n- 英語ワンストップ窓口　　　email: equestion@fsa.go.jp""}, {""sid"": ""S2"", ""question"": ""金融トラブルにご注意！！"", ""answer"": ""電子マネーのトラブル\nインターネット有料サイトの利用料金未納を騙った架空請求など、詐欺行為の支払手段として現金だけでなく、電子マネーを悪用した被害が急増しています。\n※※プリペイドカードなどの電子マネーは、相手にカードを渡さなくても、カードに記載された番号等を伝えるだけで電子マネーの価値を譲渡したことになります。\n詐欺です！：コンビニで電子マネーカードを買って、カード番号を教えて。\n！身に覚えのない請求等に返信、連絡しないでください。\n！事業者、法務省や裁判所などが「未納料金などの支払い」の名目で、　　コンビニで電子マネーカードを購入させることは絶対にありません。\nマネー・ロンダリング（犯罪に関係するお金を持っている人をわからなくすること）は違法です！\n詐欺です！：「このお金をあなたの口座から送金してほしいんです。一万円あげますから。」\n！口座を他人にあげるなどの行為は違法です。\n！違法な業者かどうか判断できない場合はその業者は使わないでください。\n　金融庁ウェブサイトの資金移動業者登録一覧に載っていない業者は違法です。\n　ここから確認できます\nメール・SMS（ショートメッセージサービス）による被害防止対策として、あらかじめ受信拒否設定をしておくことが効果的です。\n！おかしいと思ったら、すぐに家族や友人、警察＃9110（警察相談専用電話）に相談！\n- 消費者ホットライン　　　　１８８　（日本語）\n- 訪日外国人観光客消費者ホットライン 03-5449-0906 英語・中国語・韓国語・タイ語・ベトナム語・フランス語・日本語\n- 金融サービス利用者相談室0570-016811（从ＩＰ電話からは：03-5251-6811）\n- 英語ワンストップ窓口 　　　email: equestion@fsa.go.jp""}]"
金子さんと相談したい,金子さんと相談したいとのことですが、提供された情報には金子さんという個人名の相談窓口は記載されていません。年金に関する相談先は、ねんきんダイヤル、草津・大津・彦根の年金事務所などの公的窓口となります。年金の相談先としては、ねんきんダイヤルや各年金事務所を利用してください。,"[{""sid"": ""S1"", ""question"": ""年金の相談は"", ""answer"": ""- ねんきんダイヤル ℡ 0570-05-1165　　　IP電話・PHS: ℡ 03-6700-1165\n- 街角の年金相談センター草津（草津市渋川1-1-50） ℡　077-564-4311\n- 大津年金事務所（大津市打出浜13-5） ℡ 077-521-1789\n- 草津年金事務所（草津市西渋川1-16-35） ℡ 077-567-2220\n- 彦根年金事務所（彦根市外町169-6） ℡ 0749-23-1114""}]"
介護保険料の支払い,滋賀県国際協会の情報ベースでは、介護保険料に関する具体的な記載は〜には含まれていません。したがって、介護保険料の金額や支払い方法については、上記情報からは確定できません。介護保険料について知りたい場合は、居住地の市町村窓口または日本国の公式案内をご確認ください。,"[{""sid"": ""S1"", ""question"": ""医療保険制度"", ""answer"": ""日本の医療保険制度には、大きく分けて「健康保険」と「国民健康保険」があります。外国人も1年以上在留する場合はいずれかの保険に加入しなければなりません。医療保険に加入することにより、被保険者やその被扶養者が病気やけがをして診療を受ける場合に医療給付が受けられます。\n健康保険\n会社で常時雇用されている人は健康保険制度が適用されます。被保険者とその扶養者が加入し給付が受けられます。保険料は、加入者の所得によって決まりますが、本人が負担するのは半分で、残りの半分は雇用主が支払います。\n医療費自己負担　　3割\n- その他の給付：傷病給付、出産育児一時金、出産手当金など\n国民健康保険\n一年以上日本に居住し，健康保険に加入していない場合、居住地の市町村で国民健康保険に加入しなければなりません。\n 保険料は、加入世帯の所得、固定資産税額、世帯の人数などをもとに毎年決めています。\n医療費自己負担　　3割\n- その他の給付：出産一時金、　高額医療費、葬祭費（加入者が死亡したとき）\n- 病院で治療、診察を受ける時には健康保険証を必ず受け付けで渡して下さい。""}, {""sid"": ""S2"", ""question"": ""医療保険制度"", ""answer"": ""日本の医療保険制度には、大きく分けて「健康保険」と「国民健康保険」があります。外国人も1年以上在留する場合はいずれかの保険に加入しなければなりません。医療保険に加入することにより、被保険者やその被扶養者が病気やけがをして診療を受ける場合に医療給付が受けられます。\n健康保険\n会社で常時雇用されている人は健康保険制度が適用されます。被保険者とその扶養者が加入し給付が受けられます。保険料は、加入者の所得によって決まりますが、本人が負担するのは半分で、残りの半分は雇用主が支払います。\n医療費自己負担　　3割\n- その他の給付：傷病給付、出産育児一時金、出産手当金など\n国民健康保険\n一年以上日本に居住し，健康保険に加入していない場合、居住地の市町村で国民健康保険に加入しなければなりません。\n 保険料は、加入世帯の所得、固定資産税額、世帯の人数などをもとに毎年決めています。\n医療費自己負担　　3割\n- その他の給付：出産一時金、　高額医療費、葬祭費（加入者が死亡したとき）\n- 病院で治療、診察を受ける時には健康保険証を必ず受け付けで渡して下さい。""}, {""sid"": ""S3"", ""question"": ""【健康保険シリーズ７】大きな病院にかかるときは注意が必要です～"", ""answer"": ""【選定療養費の改正について】\n2022年10月から国の制度が見直しとなり、紹介状なしで大病院を受診するときの医療費負担が大きくなりました。\n初診　５，０００円　→　７，０００円（税別）\n再診　２，５００円　→　３，０００円（税別）\nこの金額は健康保険の対象外です。高額療養費にも含まれません。大病院とは大学病院や、おおむね２００床以上の病院のことです。日本の病院は、病院の規模などに応じた役割分担をすすめています。\n軽症の患者が初めから大病院を受診してしまうと、本来大病院で治療するべき重症患者の受診や入院患者への対応が妨げられてしまいます。\n紹介状をもたず大病院を受診した場合は、通常の医療費の他に７，０００円以上の特別な料金がかかりますので、注意してください。\nまずお住まいの地域の診療所を受診し、必要に応じ大病院の紹介を受けてください。""}, {""sid"": ""S4"", ""question"": ""【健康保険シリーズ７】大きな病院にかかるときは注意が必要です"", ""answer"": ""【選定療養費の改正について】\n2022年10月から国の制度が見直しとなり、紹介状なしで大病院を受診するときの医療費負担が大きくなりました。\n初診　５，０００円　→　７，０００円（税別）\n再診　２，５００円　→　３，０００円（税別）\nこの金額は健康保険の対象外です。高額療養費にも含まれません。大病院とは大学病院や、おおむね２００床以上の病院のことです。日本の病院は、病院の規模などに応じた役割分担をすすめています。\n軽症の患者が初めから大病院を受診してしまうと、本来大病院で治療するべき重症患者の受診や入院患者への対応が妨げられてしまいます。\n紹介状をもたず大病院を受診した場合は、通常の医療費の他に７，０００円以上の特別な料金がかかりますので、注意してください。\nまずお住まいの地域の診療所を受診し、必要に応じ大病院の紹介を受けてください。""}, {""sid"": ""S5"", ""question"": ""【健康保険シリーズ６】医療費が高額になりそうなとき"", ""answer"": ""健康保険には、高額な医療費を支払った場合に、あとから申請することで、一定の金額を超えた分について払い戻される「高額療養費制度」があります。\n高額療養費制度とは\n同一の月（1日から月末まで）に病院などでの支払いが高額になり一定の金額※1を超えたときに申請することで、その超えた分が後日払い戻されます。\nしかし、払い戻されるとはいえ、高額な医療費の支払いは大きな負担です。そのような場合、「限度額適用認定証」が利用できます。\n※1 年齢・会社からの給料によって、支払いの上限金額が決まります。\nURL：https://www.kyoukaikenpo.or.jp/g3/sb3030/r150/ (https://www.kyoukaikenpo.or.jp/g3/sb3030/r150/)\n→ページ右上のSelect Languageで言語を選択（英語、中国語（簡体字・繁体字）、韓国語、スペイン語、ポルトガル語）\n限度額適用認定証とは\n医療費が高額になることが事前にわかっている場合には、事前に申請して交付された「限度額適用認定証」を病院の窓口での支払い時に保険証と合わせて提示することで、支払い金額が一定の上限までとなります。また、後日の払い戻しの手続きが不要になります。\n手続きから利用までの流れ\n1. 事前に郵送で「限度額適用認定申請書」を提出\n2. 「限度額適用認定証」が交付される（有効期限：最長１年）\n3. 2.で交付された「限度額適用認定証」と「保険証」を病院の窓口で精算時に提示\n*国民健康保険の加入者にも高額療養費と限度額適用認定証があります。お住まいの市町で手続きをしてください。\n★★★★★　社会保険加入対象者の適用範囲が拡大します　★★★★★\n2022年10月より、従業員数101人以上の企業で働く以下の条件にあてはまる短時間労働者も社会保険に加入できるようになりました。\n- 週の所定労働時間が２０時間以上３０時間未満である。\n- 月額賃金が８.８万円以上である。\n- ２カ月を超える雇用の見込みがある。\n- 学生でないこと。（休学中や夜間学生は加入対象です。）""}]"
帯状疱疹について,滋賀県国際協会の情報源のみを根拠とする事実ベースの回答です。帯状疱疹についての最新の具体的な予防情報は、滋賀県国際協会の公式サイトに掲載がないため、S1の指示通りには、予防接種リサーチセンターのウェブサイトを確認してください。,"[{""sid"": ""S1"", ""question"": ""予防接種について"", ""answer"": ""予防接種リサーチセンターのウェブサイトを確認してください。""}]"
低所得者向けの支援金について,滋賀県社会福祉協議会が実施する生活福祉資金教育貸付（教育支援金）は低所得者世帯を対象で、無利子。連絡先は滋賀県社会福祉協議会 TEL：077-567-3903です。母子父子家庭向けの就学支度金・ひとり親家庭等向けの修学資金も無利子で提供されます。,"[{""sid"": ""S1"", ""question"": ""教育資金貸付制度、教育ローン"", ""answer"": ""＊在留資格について、制約がある場合があります。\n金利、返済期間等について、確認してから借りましょう。\n生活福祉資金教育貸付 (教育支援金)\n[対象者] 低所得者世帯\n[連絡先・備考] 滋賀県社会福祉協議会 　 TEL：077-567-3903\n＊無利子\nひとり親家庭・寡婦福祉資金の修学資金、就学支度金の貸付\n[対象者] 母子父子家庭\n[連絡先・備考]\n滋賀県健康医療福祉部子ども・青少年局 TEL：077-528-3554\n大津市在住者は大津こども家庭課　 TEL：077-528-2686\n＊無利子\n教育一般貸付 国の教育ローン\n[連絡先・備考]\n日本政策金融公庫 (https://www.jfc.go.jp/n/finance/search/ippan.html)\n教育コールセンター TEL：0570-008656\n＊有利子\n銀行の教育ローン\n[連絡先・備考] 各銀行（銀行により金利が異なります）\n＊有利子""}]"
弁護士相談について,滋賀県国際協会の情報に基づくと、弁護士相談に関する直接の案内はS2にある。当番弾護士制度の案内があり、被疑者の権利や当番弁護士の派遣、法テラスの多言語窓口が提供されています。法テラス滋賀の連絡先は0570-078-374（日本語）/0570-078-377（多言語ダイヤル）で、滋賀弁護士会の所在地・連絡先は大津市梅林1-3-3です。必要に応じて法テラスの多言語窓口に相談し、当番弁護士の依頼や国選弁護人の制度について案内を受けてください。,"[{""sid"": ""S2"", ""question"": ""刑事事件を起こしてしまったら （事件・事故）"", ""answer"": ""被疑者の権利\n被疑者の権利として３つの権利が保障されています。\n1. 事実を知る権利\n2. 黙秘権\n3. 弁護人依頼権\n当番弁護士制度\n警察に逮捕、拘留された被疑者や家族の求めに応じて弁護士会が速やかに弁護士を被疑者のところに派遣する「当番弁護士」の制度があります。要請する場合ははっきりと申し出てください。\n滋賀弁護士会　当番弁護士専用電話　　TEL　077-522-2013\n民事法律扶助制度\n経済的に困っている人には、日本司法支援センター　(法テラス)　がありますので、当番弁護士が接見に来た際に相談してください 。\n法テラス [多言語ダイヤル]　TEL 0570-078-377\n法テラス [多言語] (http://www.houterasu.or.jp/multilingual/)\n国選弁護人\n起訴後、被告人は裁判のための弁護人を依頼することができます。経済的に無理な場合は、依頼すれば政府の国選弁護人をつけてくれます。""}]"
家庭裁判での調停について,家庭裁判所の調停で話し合いを進めることができます。該当する窓口としては、大津家庭裁判所、同彦根支部、長浜支部が挙げられます。必要に応じて京都外国人の夫婦と親子に関する紛争解決センターも利用できます。,"[{""sid"": ""S1"", ""question"": ""離婚についての話し合いがうまくいきません。"", ""answer"": ""家庭裁判所の調停で話し合うことができます。（日本語）\n- 大津家庭裁判所 　℡　077-503-8151\n- 大津家庭裁判所 彦根支部 　℡　0749-22-0167\n- 大津家庭裁判所 長浜支部 　℡　0749-62-0240\n- 京都外国人の夫婦と親子に関する紛争解決センター 　℡　075-692-3555""}]"
紹介状について,紹介状に関する滋賀県国際協会の情報は、公開されている案内の中には見当たりません。よって、紹介状の発行や取扱いについては、直接関係機関の案内をご確認ください。,"[{""sid"": ""S1"", ""question"": ""郵便局について"", ""answer"": ""以下の関連ページに各言語で案内があります。""}]"
退職した方を再度採用することについて,滋賀県国際協会の情報を根拠に、退職者を再雇用する場合の特別な制限は記載されていません。一般的には再雇用は企業の人事方針次第であり、就業規則や個別の契約条件に従います。退職後に再雇用を検討する際は、 candidacy の条件や雇用形態、給与・労働条件が前回と同一かどうか、契約期間の有無、社会保険の適用などを就業規則に従って確認してください。,"[{""sid"": ""S1"", ""question"": ""退職するときは"", ""answer"": ""自己都合による退職\n退職については、通常就業規則に定めがありますので、あらかじめその内容や手続きについて確認しておきましょう。 　なお、民法（第627条）によれば、期間に定めのない労働契約の場合は，原則として退職の申し入れから２週間後に契約は終了するものとされています。\nただし、急に「辞めたい」と申し入れることは、会社にとっては事務引継ぎなどで困ることもありますので、退職の時期等については会社と充分話し合うことが望ましいでしょう。\n事業主からの解雇\n解雇に当たっては、雇用者は労働者に少なくとも30日前にその予告をする必要があり、30日前に予告しない場合には30日に不足する日数分の平均賃金（解雇予告手当）を支払う必要があります。（労働基準法20条、21条）。""}]"
国民健康保険料について,国民健康保険料は、加入世帯の所得、固定資産税額、世帯の人数などをもとに毎年決定されます。医療費自己負担は3割です。病院での診療時には保険証を必ず提示してください。,"[{""sid"": ""S1"", ""question"": ""医療保険制度"", ""answer"": ""日本の医療保険制度には、大きく分けて「健康保険」と「国民健康保険」があります。外国人も1年以上在留する場合はいずれかの保険に加入しなければなりません。医療保険に加入することにより、被保険者やその被扶養者が病気やけがをして診療を受ける場合に医療給付が受けられます。\n健康保険\n会社で常時雇用されている人は健康保険制度が適用されます。被保険者とその扶養者が加入し給付が受けられます。保険料は、加入者の所得によって決まりますが、本人が負担するのは半分で、残りの半分は雇用主が支払います。\n医療費自己負担　　3割\n- その他の給付：傷病給付、出産育児一時金、出産手当金など\n国民健康保険\n一年以上日本に居住し，健康保険に加入していない場合、居住地の市町村で国民健康保険に加入しなければなりません。\n 保険料は、加入世帯の所得、固定資産税額、世帯の人数などをもとに毎年決めています。\n医療費自己負担　　3割\n- その他の給付：出産一時金、　高額医療費、葬祭費（加入者が死亡したとき）\n- 病院で治療、診察を受ける時には健康保険証を必ず受け付けで渡して下さい。""}]"
賃金払いについて,滋賀県国際協会の情報には賃金の支払い方法についての具体的な記載はありません。賃貸契約に関連しては敷金・礼金・仲介手数料の説明のみがあり、賃金払いに関する案内は含まれていません。賃金払いの詳細は雇用主または労働条件を定める就業規則を確認してください。,"[{""sid"": ""S1"", ""question"": ""賃貸住居"", ""answer"": ""家やアパートを借りたい場合は、不動産業者に相談してください。\n\n契約に必要とされるのは\n敷金\n家賃支払いの担保として家主に預けておくお金です。退去する際に返金されるものです。未払い賃料および借りていた家の中に損害がある場合は、その修理費をさし引かれますが、残高が戻ります。\n礼金\n家主に支払う一時金で返金されないもの。\n報酬\n不動産業者に仲介を依頼した時は、通常1ヶ月分が必要です。""}]"
個人間のお金請求について,個人間の金銭請求については、相手の正当性を確認するため、請求の根拠となる契約内容や支払義務を文書で確認してください。疑わしい場合は応じず、弁護士など専門家に相談することを推奨します。詐欺や不正な手口（電子マネーの要求、未納料金の名目での支払い要求等）の疑いがある場合は関係機関（警察相談ダイヤル#9110、消費生活センター等）へ相談してください。滋賀県国際協会の情報として、上記の詐欺対策と相談窓口が案内されています。,"[{""sid"": ""S1"", ""question"": ""金融トラブルにご注意！！"", ""answer"": ""電子マネーのトラブル\nインターネット有料サイトの利用料金未納を騙った架空請求など、詐欺行為の支払手段として現金だけでなく、電子マネーを悪用した被害が急増しています。\n※预プリペイドカードなどの電子マネーは、相手にカードを渡さなくても、カードに記載された番号等を伝えるだけで電子マネーの価値を譲渡したことになります。\n詐欺です！：「コンビニで電子マネーカードを買って、カード番号を教えて。\n」\n！身に覚えのない請求等に返信、連絡しないでください。\n！事業者、法務省や裁判所などが「未納料金などの支払い」の名目で、　　コンビニで電子マネーカードを購入させることは絶対にありません。\nマネー・ロンダリング（犯罪に関係するお金を持っている人をわからなくすること）は違法です！\n詐欺です！：「このお金をあなたの口座から送金してほしいんです。一万円あげますから。」\n！口座を他人にあげるなどの行為は違法です。\n！違法な業者かどうか判断できない場合はその業者は使わないでください。\n　金融庁ウェブサイトの資金移動業者登録一覧に載っていない業者は違法です。\nここから確認できます→　https://www.fsa.go.jp/menkyo/menkyoj/shikin_idou.pdf\n。\nメール・SMS（ショートメッセージサービス）による被害防止対策として、あらかじめ受信拒否設定をしておくことが効果的です。\n！おかしいと思ったら、すぐに家族や友人、警察＃9110（警察相談専用電話）に相談！\n- 消費者ホットライン　　　　１８８　（日本語）\n- 訪日外国人観光客消費者ホットライン 03-5449-0906\n- 金融サービス利用者相談室0570-016811（从ＩＰ電話からは：03-5251-6811）\n- 英語ワンストップ窓口　　　email: equestion@fsa.go.jp""}]"
妻に電話を,すみません。「妻に電話を」は、状況次第で適切な表現や手順が変わるため、前後の文脈（離婚や緊急時の連絡など）を教えてください。滋賀県国際協会の情報に基づく具体的な助言としては、緊急時には警察や救急への連絡（110/119）や避難・連絡手段の確保を優先してください。 必要であれば、離婚に関する話し合いの場の設定や相談先については、大津家庭裁判所や関係機関の連絡先を案内します。,"[{""sid"": ""S1"", ""question"": ""離婚についての話し合いがうまくいきません。"", ""answer"": ""家庭裁判所の調停で話し合うことができます。（日本語）\n- 大津家庭裁判所 　℡　077-503-8151\n- 大津家庭裁判所 彦根支部 　℡　0749-22-0167\n- 大津家庭裁判所 長浜支部 　℡　0749-62-0240\n- 京都外国人の夫婦と親子に関する紛争解決センター 　℡　075-692-3555""}, {""sid"": ""S3"", ""question"": ""緊急電話（事件・事故）"", ""answer"": ""110（事件の緊急番号）\n電話で警察に通報するときは、局番なしの110番にかければ、24時間体制で連絡できます。\n公衆電話から通報する場合、緊急用の赤いボタンを押してから110番にかけます。（119番も同様、無料）ケガ人がいる場合は、救急車の手配もしてくれます。\n\n電話するときは、次のことを順に伝えます。\n1. 事故か、犯罪かといった状況\n2. 起きた場所、または住所\n3. 自分の氏名\n119（火事の緊急番号）\n消防署も24時間体制で通報を受け付けています。消防署には消防車と救急車があります。\n電話するときは、次のことを順に伝えます。\n1. 火事か救急かを伝える\n2. 場所はどこか（目印などがあれば言う）\n3. 自分の氏名、電話番号""}, {""sid"": ""S4"", ""question"": ""離婚届"", ""answer"": ""- それぞれの夫婦が離婚する場合、どの国の法律が適用されるかという準拠法に深くかかわってきます。\n- 日本では、離婚の準拠法について、第一に夫婦の本国方が同一の時はその法律（共通本国法）により、第二にその共通本国法がない場合において夫婦の常居所地法が同一であるときはその法律によるが、第三にそのいずれの法律もない時は夫婦にもっとも密接な関係のある地の法律（密接関連法）による、とされていますが、これには例外があって、夫婦の一方が日本に常居所がある日本人であるときは、日本の法律によって決められます。\n- 日本の法律が適用される場合、協議離婚をすることができます。協議が成立しない場合は、家庭裁判所の調停や審判による離婚、地方裁判所の判決による離婚のいずれの方法もとることができます。\n- 各国の離婚に関する法律については、各在日公館にお問い合わせください。""}, {""sid"": ""S5"", ""question"": ""緊急の場合"", ""answer"": ""電話で119番までかけ、救急車を呼び、あわてず次のことを伝えてください。\n- 救急であること（火事の時と同じ番号なので注意）\n- 発生場所\n- 急病か、けがかの別\n- 患者の数、性別、年齢（大人、子供、幼児の区別）\n- 傷病の程度""}]"
マイナンバーカードの更新について,滋賀県国際協会の情報には、マイナンバーカードの更新手続きの具体的な案内は記載されていません。提供されている関連情報は、健康保険証としての利用づけや就学支援関連、マイナンバーの基本的な説明に限られます。更新手続きについては、市町の窓口や公式のマイナンバー関連窓口へお問い合わせください。,"[{""sid"": ""S1"", ""question"": ""マイナンバーカードを健康保険証として利用できます！"", ""answer"": ""専用のカードリーダーが設置された医療機関・薬局で、マイナンバーカードが健康保険証として利用できるようになります。事前申し込みが必要です。\nマイナンバー総合フリーダイヤル\n℡　０１２０－９５－０１７８（日本語のみ）\n℡　０１２０－０１７８－２６（英語、中国語、韓国語、スペイン語、ポルトガル語）\nお住まいの市町にお問い合わせください。""}]"
国民保険料について,国民保険料は、加入世帯の所得、固定資産税額、世帯の人数などをもとに毎年決められます。医療費自己負担は3割です。加入期間や所得に応じて保険料が算定され、加入している世帯単位で請求されます。,"[{""sid"": ""S1"", ""question"": ""医療保険制度"", ""answer"": ""日本の医療保険制度には、大きく分けて「健康保険」と「国民健康保険」があります。外国人も1年以上在留する場合はいずれかの保険に加入しなければなりません。医療保険に加入することにより、被保険者やその被扶養者が病気やけがをして診療を受ける場合に医療給付が受けられます。\n健康保険\n会社で常時雇用されている人は健康保険制度が適用されます。被保険者とその扶養者が加入し給付が受けられます。保険料は、加入者の所得によって決まりますが、本人が負担するのは半分で、残りの半分は雇用主が支払います。\n医療費自己負担　　3割\n- その他の給付：傷病給付、出産育児一時金、出産手当金など\n国民健康保険\n一年以上日本に居住し，健康保険に加入していない場合、居住地の市町村で国民健康保険に加入しなければなりません。\n 保険料は、加入世帯の所得、固定資産税額、世帯の人数などをもとに毎年決めています。\n医療費自己負担　　3割\n- その他の給付：出産一時金、　高額医療費、葬祭費（加入者が死亡したとき）\n- 病院で治療、診察を受ける時には健康保険証を必ず受け付けで渡して下さい。""}]"
国民年金の請求について,滋賀県国際協会の情報に基づくと、国民年金の請求に関しては、ねんきん定期便の確認や年金制度の基本情報を理解することが重要です。年金加入記録の確認は、ねんきんネット（ねんきん定期便の通知を含む）で行えます。住所変更があると定期便が届かないため、住所変更の届け出を行いましょう。国民年金の加入期間を満たす必要があり、受給要件は保険料納付期間等を合わせて10年以上必要です。未納や納付猶予期間がある場合はその期間も計算されます。詳しい請求手続きや相談窓口は、ねんきんダイヤルや市町村の国民年金担当窓口で確認してください。,"[{""sid"": ""S1"", ""question"": ""自分の年金情報をチェック！"", ""answer"": ""毎年1回、誕生月に国民年金および厚生年金保険の加入者（被保険者）には、年金加入記録の確認のため、「ねんきん定期便」が届きます。届出住所が現住所と異なっている場合、「ねんきん定期便」が届きませんので、住所が変った場合は住所変更を届け出ましょう。\n年金記録の確認は\nねんきんネット (https://www.nenkin.go.jp/n_net/index.html)\n年金定期便・年金専用ダイヤル　℡　0570-058-555\n★\t保険料納付期間が１０年に満たない方も年金事務所で確認しましょう！ 年金記録に漏れがないか。（基礎年金番号が他にないか。別の氏名で登録されたものがないか。 合算対象期間がないか。（特に永住者、日本国籍の方は海外の滞在期間が合算されます。）\n★\t資格期間を満たすために次のような方法があります。 ６０歳から６５歳まで国民年金に任意加入する。（1965年4月1日以前生まれの方は最長７０歳まで任意加入できます） 国民年金後納制度を使い未納期間を解消する。（2018年9月30日まで５年後納制度が適用されます）""}, {""sid"": ""S2"", ""question"": ""年金制度"", ""answer"": ""公的年金制度は、老齢、障害または死亡時の本人および遺族の生活保障の観点から、日本国内に住むすべての人について、一定の要件のもとに国籍を問わず適用しています。外国人の場合、1年以上の日本滞在を予定している人が対象となります。\n厚生年金保険\n給付の種類\n老齢厚生年金、障害厚生年金、遺族厚生年金\n国民年金\n20歳から59歳までの方で、厚生年金保険などに加入していない場合は国民年金に加入しなければいけません。\nお問い合わせ\n各市町村国民年金担当係""}, {""sid"": ""S3"", ""question"": ""年金を受け取るために必要な期間が１０年に短縮されました"", ""answer"": ""これまでは、老齢年金を受け取るためには、保険料納付済等期間が25年以上必要でしたが、2017年8月1日から、10年になりました。（遺族年金・障害年金の受給要件はこれまでどおり変更ありません。）\n老齢年金の受給資格は、以下の４項目をあわせた期間が１０年以上です。\n1. 保険料納付期間（国民年金保険料納付済み期間、厚生年金被保険者加入期間）\n2. 保険料免除、学生納付特例等の納付猶予を受けた期間\n3. 第３号被保険者期間（加入者に扶養されている被保険者）\n4. 合算対象期間（カラ期間） ＊\n＊4. のカラ期間は、年金額に反映されませんが、加入期間には計算される合算対象期間です。\n★ 合算対象期間 には、次のようなものがあります。\n日本国籍を取得した方、永住者等が年金の請求手続きをする際、海外在住期間があった場合に、このことを証明する書類が必要となります。このため、これまでのパスポートも大切に保管しておくことが大切です。また、2012年7月9日以前の「外国人登録原票」は、法務省で保管されています。このため、それ以前の出入国を証明するためには、出入(帰)国記録に係わる開示請求することになります。\n出入（帰）国記録に係る開示請求 (http://www.moj.go.jp/isa/applications/disclosure/record.html)""}, {""sid"": ""S4"", ""question"": ""年金の相談は"", ""answer"": ""- ねんきんダイヤル ℡ 0570-05-1165　　　IP電話・PHS: ℡ 03-6700-1165\n- 街角の年金相談センター草津（草津市渋川1-1-50） ℡　077-564-4311\n- 大津年金事務所（大津市打出浜13-5） ℡ 077-521-1789\n- 草津年金事務所（草津市西渋川1-16-35） ℡ 077-567-2220\n- 彦根年金事務所（彦根市外町169-6） ℡ 0749-23-1114""}]"
健康診断の結果について,"健診は毎年受けて結果を確認・比較することが大切です。協会けんぽでは、勤務先所属の方は約7,000円で詳細健診を受けられ、家族は0円〜約1,500円で受診できる場合があります。健診結果の変化を読み取り、早期発見・予防につなげましょう。なお、特定健診の案内は年代別に自宅へ届くことがあり、受診券の適用など費用の補助もあります。健診の実施時期や受診方法は勤務先・市町村・健診機関の案内を確認してください。もし結果に異常が見つかった場合は、早めに医療機関へ相談してください。","[{""sid"": ""S1"", ""question"": ""【健康保険シリーズ４】生活習慣病にならないために"", ""answer"": ""食生活が乱れると、糖尿病や高血圧、心筋梗塞など「生活習慣病」といわれる病気に繋がることがあります。「生活習慣病」になると治療が長期にわたり、医療費がとても高額になることが多く、仕事にも支障がでてきます。\nそうならないためには、１年に１度は健診機関で身体の状況をチェックする「健康診断」を受けることが大事です。身体の異常を早期発見することができれば、将来の医療費負担を抑えることができます。\n日本に来て、今まで食べ慣れた食事を食べることが難しくなり、食生活が変わったという方もいらっしゃるのではないでしょうか。\n食生活の変化で主食などが変わると、体内に取り入れていた栄養バランスも今までと違ってきます。なかなか自分では気づきにくい身体の変化を、健康診断でチェックしてみてはいかがでしょうか。\n【健康診断にも費用の補助がある】\n協会けんぽでは、医療費以外にも健康診断の費用の補助をしています。\n協会けんぽの健康診断は病気の発見や早期治療はもちろん、生活習慣病を予防することを目的に行っています。\n協会けんぽ加入の会社にお勤めしている35～74歳の方であれば詳細な健診が約7,000円で受けることができます。またその加入者家族の方（40～74歳）であれば、血液検査などの簡単な健診を0円～約1500円（受診方法により費用が異なります）で受けることができます。\n健診をご希望の方は、健診機関か協会けんぽ滋賀支部（日本語対応のみ）までお電話にてお問合わせください。\nその他健診に関しての詳細は協会けんぽHPをご確認ください。\n★また会社にお勤めでない方も、お住いの市町で健康診断の補助が受けられる場合があります。""}]"
傷病手当について,傷病手当金は、病気やケガで会社を休み給与の支払いがなくなる場合に支給されます。支給額は直近12か月の給与の2/3で、業務外の事由による休養・医師の証明・連続3日を含み4日以上休業・休業期間中の給与支払いなしが条件です。詳しくは協会けんぽ滋賀支部へ問い合わせてください。,"[{""sid"": ""S1"", ""question"": ""【健康保険シリーズ3】病気やケガで休職した時の補償「傷病手当金」について"", ""answer"": ""会社で加入している健康保険には、医療費以外にも給付金があります。\nその一つが「傷病手当金」です。\n病気やケガで長期間仕事を休むと、給料が支払われなくなり生活費に困ることがあります。\nしかし傷病手当金を申請すれば、生活補償として給付金が健康保険より支給されます。\n傷病手当金は、病気休業中に被保険者とその家族の生活を保障するために設けられた制度で、被保険者が病気やケガのために会社を休み、会社から十分な報酬が受けられない場合に支給されます。\n【支給金額】直近１２か月の給与を平均した額の2/3\nただし、勤務先が社会保険に届けを出している給与総額です。手取りの金額とは一致しません。\n【支給の条件】\n1. 業務外の事由による病気やケガの療養のための休業であること\n2. 仕事に就くことができないこと（医師の証明が必要です）\n3. 連続する三日間を含み四日以上仕事につけなかったこと\n4. 休業した期間について給与の支払いがないこと（事業主の証明が必要です）\nその他、傷病手当金の詳細については協会けんぽのHPをご覧いただくか、お電話にてお問合せください。\n協会けんぽ滋賀支部\n℡　077-522-1099 (日本語)""}]"
クレジットカードの借金について,滋賀県国際協会の情報に基づくと、クレジットカードの借金は返済計画が重要です。教育資金やローンに関する一般情報はS3に示されていますが、クレジットカード借金に特化した具体的な対処法は記載されていません。まずは返済計画を見直し、必要に応じて金融機関や専門機関に相談してください。,"[{""sid"": ""S3"", ""question"": ""教育資金貸付制度、教育ローン"", ""answer"": ""＊在留資格について、制約がある場合があります。\n金利、返済期間等について、確認してから借りましょう。\n生活福祉資金教育貸付 (教育支援金)\n[対象者] 低所得者世帯\n[連絡先・備考] 滋賀県社会福祉協議会 　 TEL：077-567-3903\n＊無利子\nひとり親家庭・寡婦福祉資金の修学資金、就学支度金の貸付\n[対象者] 母子父子家庭\n[連絡先・備考]\n滋賀県健康医療福祉部子ども・青少年局 TEL：077-528-3554\n大津市在住者は大津こども家庭課　 TEL：077-528-2686\n＊無利子\n教育一般貸付 国の教育ローン\n[連絡先・備考]\n日本政策金融公庫 (https://www.jfc.go.jp/n/finance/search/ippan.html)\n教育コールセンター TEL：0570-008656\n＊有利子\n銀行の教育ローン\n[連絡先・備考] 各銀行（銀行により金利が異なります）\n＊有利子""}]"
給料の支払いについて,給料の支払いについては、解雇予告手当の要件を満たす場合を除き、契約や就業規則に従って支払われます。傷病手当金などの給付制度もあり、病気・ケガで休業している場合は給与の代替として給付が受けられる可能性があります（詳しくは協会けんぽ滋賀支部へご確認ください）。また、時間外労働の上限規制や有給休暇の取得についての新制度が導入され、給与に関わる労働条件の運用には変更があります。詳しい適用や手続きは所属の労務担当者や協会けんぽ滋賀支部（℡077-522-1099）にご相談ください。,"[{""sid"": ""S3"", ""question"": ""【健康保険シリーズ3】病気やケガで休職した時の補償「傷病手当金」について"", ""answer"": ""会社で加入している健康保険には、医療費以外にも給付金があります。\nその一つが「傷病手当金」です。\n病気やケガで長期間仕事を休むと、給料が支払われなくなり生活費に困ることがあります。\nしかし傷病手当金を申請すれば、生活補償として給付金が健康保険より支給されます。\n傷病手当金は、病気休業中に被保険者とその家族の生活を保障するために設けられた制度で、被保険者が病気やケガのために会社を休み、会社から十分な報酬が受けられない場合に支給されます。\n【支給金額】直近１２か月の給与を平均した額の2/3\nただし、勤務先が社会保険に届けを出している給与総額です。手取りの金額とは一致しません。\n【支給の条件】\n1. 業務外の事由による病気やケガの療養のための休業であること\n2. 仕事に就くことができないこと（医師の証明が必要です）\n3. 連続する三日間を含み四日以上仕事につけなかったこと\n4. 休業した期間について給与の支払いがないこと（事業主の証明が必要です）\nその他、傷病手当金の詳細については協会けんぽのHPをご覧いただくか、お電話にてお問合せください。\n協会けんぽ滋賀支部\n℡　077-522-1099 (日本語)""}, {""sid"": ""S4"", ""question"": ""退職するときは"", ""answer"": ""自己都合による退職\n退職については、通常就業規則に定めがありますので、あらかじめその内容や手続きについて確認しておきましょう。 　なお、民法（第627条）によれば、期間に定めのない労働契約の場合は，原則として退職の申し入れから２週間後に契約は終了するものとされています。\nただし、急に「辞めたい」と申し入れることは、会社にとっては事務引継ぎなどで困ることもありますので、退職の時期等については会社と充分話し合うことが望ましいでしょう。\n事業主からの解雇\n解雇に当たっては、雇用者は労働者に少なくとも30日前にその予告をする必要があり、30日前に予告しない場合には30日に不足する日数分の平均賃金（解雇予告手当）を支払う必要があります。（労働基準法20条、21条）。""}, {""sid"": ""S5"", ""question"": ""働き方が変わります（2019年４月から）"", ""answer"": ""時間外労働の上限規制が導入されます！（中小企業は２０２０年４月１日から）\n時間外労働の上限が、原則月４５時間、年３６０時間となります。臨時的な特別な事情がある場合でも年７２０時間、月１００時間未満（休日労働を含む）、複数月平均８０時間（休日労働含む）を限度に設定する必要があります。\n年次有給休暇の確実な取得が必要です！\n年次有給休暇は、原則として、労働者が請求する時季に与えることとされていますが、職場への配慮等の理由から取得率が低調な現状があります。\nこのため、全ての企業において、年１０日以上の年次有給休暇が付与される労働者に対して、年次有給休暇の日数のうち年５日については、使用者が時季を指定して取得させることが必要となりました。\n年次有給休暇を５日以上取得済みの労働者に対しては、使用者による時季指定は不要です。\n☛有給休暇は勤務年数等によって異なります。労働者側から希望する日を雇用者に申し出ます。""}]"
在留資格の更新,滋賀県在住者の在留資格の更新については、現行の在留資格は活動内容と期間が厳格に定められており、更新手続きは出入国在留管理庁の在留関係手続きページで案内されています。具体的な手続き先は滋賀県在住の場合は大阪出張所（大阪入国管理局大津出張所）で行います。窓口情報や相談は外国人在留インフォメーションセンターでも受け付けています。なお、新しい在留資格への移行や転換、手続きの詳細は法務省の案内をご確認ください。,"[{""sid"": ""S1"", ""question"": ""在留について"", ""answer"": ""日本に住む外国人には、それぞれの滞在目的に従って在留資格と在留期間が与えられます。おのおのの「在留資格」には活動できる内容が厳格に規定されています。\n関連ページ\n出入国在留管理庁 (http://www.moj.go.jp/isa/index.html)\n在留関係の手続きについては\n在留関係手続き (https://www.moj.go.jp/isa/applications/index.html)\n入国後の在留関係の手続き\n滋賀県在住の方は、\n大阪入国管理局大津出張所\nで行います。\n大阪入国管理局大津出張所 (http://www.moj.go.jp/isa/about/region/osaka/index.html)\n大津市京町3-1-1 大津びわ湖合同庁舎6階　　℡：077-511-4231\n一般的な内容についての相談\n外国人在留インフォメーションセンター・ワンストップ型相談センター（入国管理局）に外国語で問い合わせることもできます。\n外国人在留インフォメーションセンター (http://www.moj.go.jp/isa/consultation/center/japanese.html)\n℡ 0570-013904（ＩＰ, ＰＨＳ, 海外: 03-5796-7112）\n新しい在留資格への移行により、平成24年7月9日より前の住所は住民票には記載されません。 ※これまで市区町村で保管されていた「外国人登録原票」は、平成24年7月9日から法務省で保管されています。\n外国人登録原票に係る開示請求について（法務省HPへリンク） (http://www.moj.go.jp/isa/applications/disclosure/foreigner.html)""}]"
傷病手当,傷病手当金は、病気やケガのため長期間休職した場合に支給されます。支給額は直近12か月の給与を平均した額の2/3で、事業主の給与総額の届け出分を基準とします。支給の条件は、業務外の事由による療養であること、医師の証明により就業不能とされること、連続する三日間を含み四日以上仕事につけなかったこと、休業期間中に給与の支払いがないこと（事業主の証明が必要）です。詳細は協会けんぽ滋賀支部にお問い合わせください。電話番号は077-522-1099です。,"[{""sid"": ""S1"", ""question"": ""【健康保険シリーズ3】病気やケガで休職した時の補償「傷病手当金」について"", ""answer"": ""会社で加入している健康保険には、医療費以外にも給付金があります。\nその一つが「傷病手当金」です。\n病気やケガで長期間仕事を休むと、給料が支払われなくなり生活費に困ることがあります。\nしかし傷病手当金を申請すれば、生活補償として給付金が健康保険より支給されます。\n傷病手当金は、病気休業中に被保険者とその家族の生活を保障するために設けられた制度で、被保険者が病気やケガのために会社を休み、会社から十分な報酬が受けられない場合に支給されます。\n【支給金額】直近１２か月の給与を平均した額の2/3\nただし、勤務先が社会保険に届けを出している給与総額です。手取りの金額とは一致しません。\n【支給の条件】\n1. 業務外の事由による病気やケガの療養のための休業であること\n2. 仕事に就くことができないこと（医師の証明が必要です）\n3. 連続する三日間を含み四日以上仕事につけなかったこと\n4. 休業した期間について給与の支払いがないこと（事業主の証明が必要です）\nその他、傷病手当金の詳細については協会けんぽのHPをご覧いただくか、お電話にてお問合せください。\n協会けんぽ滋賀支部\n℡　077-522-1099 (日本語)""}]"
日本語教室,滋賀県国際協会の情報に基づくと、日本語教室として挙げられているグループには以下があります：彦根ユネスコ協会 子ども日本語教室、グループ名: かんちゃんの小さな家、日和-寺子屋大津、東近江アミーゴ教室、ワールドアミーゴクラブ、南米語学学習教室 カミノ教室 カミニョ教室、かみやんど、グループ名: 多文化共生学習会 Half half（外国籍の生徒のための学習支援教室）、グループ名: かみやんど、グループ名: 日和-寺子屋大津、グループ名: 多文化共生学習会 Half half（外国籍の生徒のための学習支援教室）」。これらは滋賀県内で子どもや外国につながる家庭の日本語学習・日本語教室として挙げられています。S1参照。,"[{""sid"": ""S1"", ""question"": ""子どもたちの 学習・遊びのグループ"", ""answer"": ""グループ名:　子どものための日本語教室\nグループ名:　彦根ユネスコ協会 子ども日本語教室\nグループ名:　ワールドアミーゴクラブ\nグループ名:　かんちゃんの小さな家\nグループ名:　東近江アミーゴ教室\nグループ名:　南米語学学習教室　カミノ教室　カミニョ教室\nグループ名:　かみやんど\nグループ名:　日和-寺子屋大津\nグループ名:　多文化共生学習会　Half half（外国籍の生徒のための学習支援教室）""}]"
貸付金返済,滋賀県国際協会の情報に基づくと、貸付金の返済については次の点が挙げられます。敷金・礼金は契約時に関する費用で、敷金は退去時に未払い賃料や修繕費を差し引いた後に残額が返還されます。礼金は返金されません。仲介を依頼した場合の報酬は通常家賃1ヶ月分です。教育資金に関する貸付制度（教育一般貸付等）については、無利子または有利子のものがあり、返済条件は制度ごとに異なるため、個別に確認してください。詐欺被害を避けるため、返済や資金借入の際には信頼できる窓口に相談してください。,"[{""sid"": ""S1"", ""question"": ""賃貸住居"", ""answer"": ""家やアパートを借りたい場合は、不動産業者に相談してください。\n\n契約に必要とされるのは\n敷金\n家賃支払いの担保として家主に預けておくお金です。退去する際に返金されるものです。未払い賃料および借りていた家の中に損害がある場合は、その修理費をさし引かれますが、残高が戻ります。\n礼金\n家主に支払う一時金で返金されないもの。\n報酬\n不動産業者に仲介を依頼した時は、通常1ヶ月分が必要です。""}]"
食糧支援,滋賀県国際協会の情報に基づくと、食糧支援に関しては、滋賀県内の多様な居場所・支援団体が子どもや家庭を支援しており、子ども食堂など食事提供の場があることが挙げられます。具体的には、地域の子ども食堂や居場所を活用して、無料または低額での食事提供が行われている団体が紹介されています。（S1・S3の内容参照）また、困窮時は市役所の福祉窓口や社会福祉協議会への相談を案内しており、必要に応じて公的な支援窓口へつなぐ体制が整っています。（S5）,"[{""sid"": ""S1"", ""question"": ""子育て応援シリーズ②　ヤングケアラーって？　家族を丸ごと支援"", ""answer"": ""みなさん、こんにちは。滋賀県子ども青少年局です。本県では、「子ども・子ども・子ども」をキーワードに、「子どものために、子どもとともにつくる県政」を目指しています。 みなさんは、ヤングケアラーを知っていますか？ヤングケアラーとは、本来大人が担う家事や家族の世話を日常的に背負う子どもたちのことです。例えば、このようなケースがあります。\nケース１：家事や幼いきょうだいの世話をしている\nケース２：高齢の家族がいて、見守りや介護をしている\nケース３：障害や病気のある家族がいて、介助や看病をしている\nケース４：家計を支えるため、放課後は働いている\nケース５：通訳等により、家族の意思疎通を支えている\n子どもにとって、「お手伝い」は成長につながる素晴らしい経験になります。しかし、その成長に見合わない重い責任や負担が続くことで、心や体の健康に影響が出てしまったり、子どもらしい時間を過ごすことができず、将来への夢や進路をあきらめてしまう子どもたちがいます。本人は「家族のサポートは当たり前」と考え、大好きな家族のため、苦しくても自身のSOSに気づかず相談できない、ということがあります。 本県では、このような子ども達と様々な問題を抱えるご家庭に「家族丸ごと支援」をキーワードに、ヤングケアラー支援を行っております。NPO法人を通して、相談窓口や似た境遇の仲間が集う場を提供している他、ヤングケアラー・コーディネーターを設置して支援にも取り組んでいます。\n外国籍の子どもたちの中には、言葉の壁のために本当の気持ちをいっぱい表現できず我慢したり、家族の通訳のために自分の時間が持てなかったりする子どもさんもいらっしゃいます。子どもらしく地域や家庭の中で「遊ぶ」「学ぶ」時間が保障される社会の実現のために、皆で支援していきましょう。子どもは社会の宝です。悩んでいるお子さん、ご家庭は、是非相談してください。　　　　（ヤングケアラー・コーディネーターより）\nこころんダイヤル\n子ども・青少年、保護者の悩みをお聞きします。\nTEL　077-524-2030\n午前9:00～午後9:00（12/29～1/3を除く）\n午後9:00以降は、24時間子どもSOSダイヤルにつながります。\n各市町相談窓口のご案内\n受けられる支援・サービスについてお問い合わせください。\nhttps://www.pref.shiga.lg.jp/file/attachment/5355506.pdf (https://www.pref.shiga.lg.jp/file/attachment/5355506.pdf)\n子どもたちがもっと笑顔に！　～いつもと違う場所で～\n滋賀県内には、子ども達を支えてくれる団体が沢山あります。\n「ヤングケアラー支援団体」（★）は、子どもたちが家庭などのことでしんどい時、ほっとしたい時、相談したい時に支えてくれる団体です。「子ども食堂」は、子どもたちが、無料、または低額で食事を楽しめる場です。（地域の大人も参加できる団体もあります。） 「居場所」は、子どもたちが好きに過ごせるスペースです。ちょっと遊びに行ってみよう！\nNPO法人 こどもソーシャルワークセンター\n- 内容: ★ヤングケアラー支援居場所・お弁当（配食）キャンプ\n- 開催場所: 大津市観音寺　9-8\n- 期間: 毎日\n- 問い合わせ先: 077-575-4378 https://liff.line.me/1645278921-kWRPP32q/?accountId=294hlbww (https://liff.line.me/1645278921-kWRPP32q/?accountId=294hlbww)\nNPO法人　芹川の河童\n- 内容: ★ヤングケアラー支援居場所・オンライン相談室\n- 開催場所: 彦根市河原2-3-4\n- 期間: 毎日\n- 問い合わせ先: 0749-20-9084 https://cswc2016.jp/ (https://cswc2016.jp/)\n多文化共生支援センター　SHIPS\n- 内容: 多文化子ども食堂\n- 開催場所: 草津市 草津1-13-12\n- 期間: 第４土曜\n- 問い合わせ先: 077-561-5110\nかんちゃんの小さな家\n- 内容: 多文化共生地域交流会・子ども食堂\n- 開催場所: 近江八幡市安土町浄楽寺956-2\n- 期間: 2か月に1回\n- 問い合わせ先: 090-3708-3315 https://kancyan-house.com/contact/ (https://kancyan-house.com/contact/)\nNPO法人　やんちゃ寺\n- 内容: 10代の居場所・子ども食堂\n- 開催場所: 草津市内\n- 期間: 第１、３、５土曜\n- 問い合わせ先: https://yanchadera.wixsite.com/yanchadera (https://yanchadera.wixsite.com/yanchadera)\nぱらでいろ\n- 内容: 居場所・子ども食堂\n- 開催場所: 愛荘町愛知川13-2\n- 期間: 第３金曜 夕食時\n- 問い合わせ先: 090-4030-1492 https://twitter.com/paradeiro12123 (https://twitter.com/paradeiro12123)\n大津　オルタナティブスクールトライアンフ\n- 内容: フリースクール・居場所 、水彩画教室\n- 開催場所: 大津市浜大津4-3-25\n- 期間: 火・水・金曜日\n- 問い合わせ先: 050-5374-0311 https://www.otsu-triumph.com/ (https://www.otsu-triumph.com/)\nちゃいるどビレッジ\n- 内容: こどもとおとなのサードプレイス（居場所）\n- 開催場所: 大津市比叡平2-39-4\n- 期間: 第４土曜 10～16時\n- 問い合わせ先: email：chimihirano@gmail.com\n・確認のため、連絡をしてからお出かけください。\n♪ もっといろんな子どもの居場所や食堂、遊び場があるよ ♪\n- 遊べる・学べる淡海子ども食堂（滋賀県内の子ども食堂）\n- 『しがこども体験学校』 「ふれあい」、「くらし・創作」、「自然」、「里山・田んぼ」、「文化芸術・歴史」の5つのテーマでさまざまな体験プログラムがあります。""}, {""sid"": ""S3"", ""question"": ""子育て応援シリーズ②　ヤングケアラーって？　家族を丸ごと支援"", ""answer"": ""みなさん、こんにちは。滋賀県子ども青少年局です。本県では、「子ども・子ども・子ども」をキーワードに、「子どものために、子どもとともにつくる県政」を目指しています。 みなさんは、ヤングケアラーを知っていますか？ヤングケアラーとは、本来大人が担う家事や家族の世話を日常的に背負う子どもたちのことです。例えば、このようなケースがあります。\nケース１：家事や幼いきょうだいの世話をしている\nケース２：高齢の家族がいて、見守りや介護をしている\nケース３：障害や病気のある家族がいて、介助や看病をしている\nケース４：家計を支えるため、放課後は働いている\nケース５：通訳等により、家族の意思疎通を支えている\n子どもにとって、「お手伝い」は成長につながる素晴らしい経験になります。しかし、その成長に見合わない重い責任や負担が続くことで、心や体の健康に影響が出てしまったり、子どもらしい時間を過ごすことができず、将来への夢や進路をあきらめてしまう子どもたちがいます。本人は「家族のサポートは当たり前」と考え、大好きな家族のため、苦しくても自身のSOSに気づかず相談できない、ということがあります。 本県では、このような子ども達と様々な問題を抱えるご家庭に「家族丸ごと支援」をキーワードに、ヤングケアラー支援を行っております。NPO法人を通して、相談窓口や似た境遇の仲間が集う場を提供している他、ヤングケアラー・コーディネーターを設置して支援にも取り組んでいます。\n外国籍の子どもたちの中には、言葉の壁のために本当の気持ちをいっぱい表現できず我慢したり、家族の通訳のために自分の時間が持てなかったりする子どもさんもいらっしゃいます。子どもらしく地域や家庭の中で「遊ぶ」「学ぶ」時間が保障される社会の実現のために、皆で支援していきましょう。子どもは社会の宝です。悩んでいるお子さん、ご家庭は、是非相談してください。　　　　（ヤングケアラー・コーディネーターより）\nこころんダイヤル\n子ども・青少年、保護者の悩みをお聞きします。\nTEL　077-524-2030\n午前9:00～午後9:00（12/29～1/3を除く）\n午後9:00以降は、24時間子どもSOSダイヤルにつながります。\n各市町相談窓口のご案内\n受けられる支援・サービスについてお問い合わせください。\nhttps://www.pref.shiga.lg.jp/file/attachment/5355506.pdf (https://www.pref.shiga.lg.jp/file/attachment/5355506.pdf)\n子どもたちがもっと笑顔に！　～いつもと違う場所で～\n滋賀県内には、子ども達を支えてくれる団体が沢山あります。\n「ヤングケアラー支援団体」（★）は、子どもたちが家庭などのことでしんどい時、ほっとしたい時、相談したい時に支えてくれる団体です。「子ども食堂」は、子どもたちが、無料、または低額で食事を楽しめる場です。（地域の大人も参加できる団体もあります。） 「居場所」は、子どもたちが好きに過ごせるスペースです。ちょっと遊びに行ってみよう！\nNPO法人 こどもソーシャルワークセンター\n- 内容: ★ヤングケアラー支援居場所・お弁当（配食）キャンプ\n- 開催場所: 大津市観音寺　9-8\n- 期間: 毎日\n- 問い合わせ先: 077-575-4378 https://liff.line.me/1645278921-kWRPP32q/?accountId=294hlbww (https://liff.line.me/1645278921-kWRPP32q/?accountId=294hlbww)\nNPO法人　芹川の河童\n- 内容: ★ヤングケアラー支援居場所・オンライン相談室\n- 開催場所: 彦根市河原2-3-4\n- 期間: 毎日\n- 問い合わせ先: 0749-20-9084 https://cswc2016.jp/ (https://cswc2016.jp/)\n多文化共生支援センター　SHIPS\n- 内容: 多文化子ども食堂\n- 開催場所: 草津市 草津1-13-12\n- 期間: 土曜\n- 問い合わせ先: 077-561-5110\nかんちゃんの小さな家\n- 内容: 多文化共生地域交流会・子ども食堂\n- 開催場所: 近江八幡市安土町浄楽寺956-2\n- 期間: 年10回\n- 問い合わせ先: 090-3708-3315 https://kancyan-house.com/contact/ (https://kancyan-house.com/contact/)\nNPO法人　やんちゃ寺\n- 内容: 10代の居場所・子ども食堂\n- 開催場所: 草津市内\n- 期間: 第１、３、５土曜\n- 問い合わせ先: https://yanchadera.wixsite.com/yanchadera (https://yanchadera.wixsite.com/yanchadera)\nぱらでいろ\n- 内容: 居場所・子ども食堂\n- 開催場所: 愛荘町愛知川13-2\n- 期間: 第３金曜 夕食時\n- 問い合わせ先: 090-4030-1492 https://twitter.com/paradeiro12123 (https://twitter.com/paradeiro12123)\n大津　オルタナティブスクールトライアンフ\n- 内容: フリースクール・居場所 、水彩画教室\n- 開催場所: 大津市浜大津4-3-25\n- 期間: 火・水・金曜日\n- 問い合わせ先: 050-5374-0311 https://www.otsu-triumph.com/ (https://www.otsu-triumph.com/)\nちゃいるどビレッジ\n- 内容: こどもとおとなのサードプレイス（居場所）\n- 開催場所: 大津市比叡平2-39-4\n- 期間: 第４土曜 10～16時\n- 問い合わせ先: email：chimihirano@gmail.com\n・確認のため、連絡をしてからお出かけください。\n♪ もっといろんな子どもの居場所や食堂、遊び場があるよ ♪\n- 遊べる・学べる淡海子ども食堂（滋賀県内の子ども食堂）\n- 『しがこども体験学校』 「ふれあい」、「くらし・創作」、「自然」、「里山・田んぼ」、「文化芸術・歴史」の5つのテーマでさまざまな体験プログラムがあります。""}, {""sid"": ""S5"", ""question"": ""生活に困ったら"", ""answer"": ""市役所の福祉の窓口または、社会福祉協議会に相談しましょう。\n社会的包摂サポートセンター　よりそいホットライン\nTel: 0120-279-338""}]"
銀行カード（ATM Card）について,申し訳ありませんが、提示されたコンテキストには“銀行カード（ATM Card）”に直接関する情報は含まれていません。滋賀県国際協会の情報に基づく事実として回答するには、該当箇所の追加情報が必要です。もし銀行カードの取り扱いに関する一般的な安全情報を求めている場合は、現時点のS1–S5の内容にはATMカードに関する明確な記載がないため、該当文献を出典として示せません。必要であれば、S1〜S5の範囲内で関連する注意喚起（詐欺防止、個人情報保護、金融機関の正規手続きなど）に準拠した回答に再構成します。,"[{""sid"": ""S1"", ""question"": ""金融トラブルにご注意！！"", ""answer"": ""電子マネーのトラブル\nインターネット有料サイトの利用料金未納を騙った架空請求など、詐欺行為の支払手段として現金だけでなく、電子マネーを悪用した被害が急増しています。\n※预プリペイドカードなどの電子マネーは、相手にカードを渡さなくても、カードに記載された番号等を伝えるだけで電子マネーの価値を譲渡したことになります。\n詐欺です！：「コンビニで電子マネーカードを買って、カード番号を教えて。\n」\n！身に覚えのない請求等に返信、連絡しないでください。\n！事業者、法務省や裁判所などが「未納料金などの支払い」の名目で、　　コンビニで電子マネーカードを購入させることは絶対にありません。\nマネー・ロンダリング（犯罪に関係するお金を持っている人をわからなくすること）は違法です！\n詐欺です！：「このお金をあなたの口座から送金してほしいんです。一万円あげますから。」\n！口座を他人にあげるなどの行為は違法です。\n！違法な業者かどうか判断できない場合はその業者は使わないでください。\n　金融庁ウェブサイトの資金移動業者登録一覧に載っていない業者は違法です。\nここから確認できます→　https://www.fsa.go.jp/menkyo/menkyoj/shikin_idou.pdf\n。\nメール・SMS（ショートメッセージサービス）による被害防止対策として、あらかじめ受信拒否設定をしておくことが効果的です。\n！おかしいと思ったら、すぐに家族や友人、警察＃9110（警察相談専用電話）に相談！\n- 消費者ホットライン　　　　１８８　（日本語）\n- 訪日外国人観光客消費者ホットライン 03-5449-0906\n- 金融サービス利用者相談室0570-016811（从ＩＰ電話からは：03-5251-6811）\n- 英語ワンストップ窓口　　　email: equestion@fsa.go.jp""}]"
在留資格認定証明書交付申請,滋賀県在住者の在留資格認定証明書交付申請について、滋賀県国際協会の情報だけを根拠に簡潔に回答します。在留資格認定証明書の交付申請は、日本国内に滞在する外国人が新たに在留資格を取得する際に、出入国在留管理庁へ提出する手続きです。具体的な申請先・必要書類・手続きの流れは、出入国在留管理庁の公式サイトおよび滋賀県では案内窓口の指示に従います。新しい在留資格への移行に際して、住所の記載やその他の行政手続きの扱いが変わることがあります。詳細は滋賀県在住者向けの案内や大阪入国管理局大津出張所を含む管轄窓口へお問い合わせください。一般的な相談先として、外国人在留インフォメーションセンター・ワンストップ型相談センター（入国管理局）も利用できます。電話：0570-013904、ウェブ案内：https://www.moj.go.jp/isa/consultation/center/japanese.html,"[{""sid"": ""S1"", ""question"": ""在留について"", ""answer"": ""日本に住む外国人には、それぞれの滞在目的に従って在留資格と在留期間が与えられます。おのおのの「在留資格」には活動できる内容が厳格に規定されています。\n関連ページ\n出入国在留管理庁 (http://www.moj.go.jp/isa/index.html)\n在留関係の手続きについては\n在留関係手続き (https://www.moj.go.jp/isa/applications/index.html)\n入国後の在留関係の手続き\n滋賀県在住の方は、\n大阪入国管理局大津出張所\nで行います。\n大阪入国管理局大津出張所 (http://www.moj.go.jp/isa/about/region/osaka/index.html)\n大津市京町3-1-1 大津びわ湖合同庁舎6階　　℡：077-511-4231\n一般的な内容についての相談\n外国人在留インフォメーションセンター・ワンストップ型相談センター（入国管理局）に外国語で問い合わせることもできます。\n外国人在留インフォメーションセンター (http://www.moj.go.jp/isa/consultation/center/japanese.html)\n℡ 0570-013904（ＩＰ, ＰＨＳ, 海外: 03-5796-7112）\n新しい在留資格への移行により、平成24年7月9日より前の住所は住民票には記載されません。 ※これまで市区町村で保管されていた「外国人登録原票」は、平成24年7月9日から法務省で保管されています。\n外国人登録原票に係る開示請求について（法務省HPへリンク） (http://www.moj.go.jp/isa/applications/disclosure/foreigner.html)""}]"
労災と傷病手当について,労災保険は、外国人労働者を含む労働者が業務上の災害や通勤災害に遭った場合に、医療費・休業補償・後遺障害・死亡等の給付を行います。傷病手当金は、会社の健康保険で病気やケガで休業する際に支給され、直近12か月の給与平均の2/3程度が支給されます。傷病手当金は業務外の事由による休業で、就労不能が医師の証明を要し、連続する3日を含み4日以上仕事につけなかった期間が対象です。詳しくは労働基準監督署と協会けんぽ滋賀支部へご相談ください。,"[{""sid"": ""S1"", ""question"": ""労働災害"", ""answer"": ""外国人労働者（入国管理法における「不法就労者」を含む）も仕事場でケガをしたり、仕事が理由で病気になったり、死亡したり、あるいは職場への行きかえりに事故にあったりした場合には、医療費、仕事ができない分の補償、傷害が残ったときの補償等を労災保険から受けられます。この保険には、パートタイマー、アルバイトを問わず労働者を1人でも雇っている事業主は加入しなければならず、保険料については事業主が全額負担しなければなりません。 詳しいことは労働基準監督署に相談しましょう。""}, {""sid"": ""S2"", ""question"": ""【健康保険シリーズ3】病気やケガで休職した時の補償「傷病手当金」について"", ""answer"": ""会社で加入している健康保険には、医療費以外にも給付金があります。\nその一つが「傷病手当金」です。\n病気やケガで長期間仕事を休むと、給料が支払われなくなり生活費に困ることがあります。\nしかし傷病手当金を申請すれば、生活補償として給付金が健康保険より支給されます。\n傷病手当金は、病気休業中に被保険者とその家族の生活を保障するために設けられた制度で、被保険者が病気やケガのために会社を休み、会社から十分な報酬が受けられない場合に支給されます。\n【支給金額】直近１２か月の給与を平均した額の2/3\nただし、勤務先が社会保険に届けを出している給与総額です。手取りの金額とは一致しません。\n【支給の条件】\n1. 業務外の事由による病気やケガの療養のための休業であること\n2. 仕事に就くことができないこと（医師の証明が必要です）\n3. 連続する三日間を含み四日以上仕事につけなかったこと\n4. 休業した期間について給与の支払いがないこと（事業主の証明が必要です）\nその他、傷病手当金の詳細については協会けんぽのHPをご覧いただくか、お電話にてお問合せください。\n協会けんぽ滋賀支部\n℡　077-522-1099 (日本語)""}]"
傷病手当について,傷病手当金は、病気やケガで休業している間の生活を保障する給付金です。支給額は直近12か月の給与の2/3（勤務先の給与総額を基に算定、手取り額とは異なる）です。支給の条件は、業務外の事由による療養であること、医師の証明で就業不能とされること、連続する三日間を含み四日以上仕事につけなかったこと、休業期間に給与の支払いがないことです。その他の詳細は協会けんぽ滋賀支部へお問い合わせください（電話：077-522-1099）。,"[{""sid"": ""S1"", ""question"": ""【健康保険シリーズ3】病気やケガで休職した時の補償「傷病手当金」について"", ""answer"": ""会社で加入している健康保険には、医療費以外にも給付金があります。\nその一つが「傷病手当金」です。\n病気やケガで長期間仕事を休むと、給料が支払われなくなり生活費に困ることがあります。\nしかし傷病手当金を申請すれば、生活補償として給付金が健康保険より支給されます。\n傷病手当金は、病気休業中に被保険者とその家族の生活を保障するために設けられた制度で、被保険者が病気やケガのために会社を休み、会社から十分な報酬が受けられない場合に支給されます。\n【支給金額】直近１２か月の給与を平均した額の2/3\nただし、勤務先が社会保険に届けを出している給与総額です。手取りの金額とは一致しません。\n【支給の条件】\n1. 業務外の事由による病気やケガの療養のための休業であること\n2. 仕事に就くことができないこと（医師の証明が必要です）\n3. 連続する三日間を含み四日以上仕事につけなかったこと\n4. 休業した期間について給与の支払いがないこと（事業主の証明が必要です）\nその他、傷病手当金の詳細については協会けんぽのHPをご覧いただくか、お電話にてお問合せください。\n協会けんぽ滋賀支部\n℡　077-522-1099 (日本語)""}]"
夫の重篤な健康状態について,夫の重篤な健康状態についての具体的な医療情報は、滋賀県国際協会の情報源には記載がありません。よろしければ、当協会の健康保険シリーズの内容（紹介状や健診、健診費用補助など）に関する一般的な案内を参照してください。重篤な状態の場合は、お住いの地域の診療所や大病院の紹介を受けること、必要に応じて紹介状の有無で追加料金が発生する点についてご留意ください。,"[{""sid"": ""S1"", ""question"": ""【健康保険シリーズ７】大きな病院にかかるときは注意が必要です"", ""answer"": ""【選定療養費の改正について】\n2022年10月から国の制度が見直しとなり、紹介状なしで大病院を受診するときの医療費負担が大きくなりました。\n初診　５，０００円　→　７，０００円（税別）\n再診　２，５００円　→　３，０００円（税別）\nこの金額は健康保険の対象外です。高額療養費にも含まれません。大病院とは大学病院や、おおむね２００床以上の病院のことです。日本の病院は、病院の規模などに応じた役割分担をすすめています。\n軽症の患者が初めから大病院を受診してしまうと、本来大病院で治療するべき重症患者の受診や入院患者への対応が妨げられてしまいます。\n紹介状をもたず大病院を受診した場合は、通常の医療費の他に７，０００円以上の特別な料金がかかりますので、注意してください。\nまずお住まいの地域の診療所を受診し、必要に応じ大病院の紹介を受けてください。""}]"
内職を探したい,滋賀県内で在宅の内職を探す際は、ハローワークなどの公的機関で相談・紹介を受けることが推奨されます。就労条件や契約内容を十分確認し、適法かつ安全な仕事を選ぶよう注意してください。なお、本情報は滋賀県国際協会の情報源に基づきます。,"[{""sid"": ""S1"", ""question"": ""求職"", ""answer"": ""日本国内で就労できる外国人の方は日本人と同じように職業紹介を受ける事ができます。\n公共職業安定所　(ハローワーク)\n職業紹介、就労に関する相談などに応じる国の機関が公共職業安定所です。\n仕事が見つかり労働契約を結ぶ時の重要な決まりや雇用保険についてなど、いろいろな相談も合わせて行われています。""}]"
解雇の理由について,滋賀県国際協会の情報に基づくと、解雇の際には原則として労働基準法に定める手続きが適用され、事業主は少なくとも30日前に解雇予告を行う必要があります。予告なしの場合には30日分の平均賃金を解雇予告手当として支払う義務があります。その他、天災などや労働者の責に帰すべき事由により解雇となる特例も存在しますが、除外認定を受ける必要があります。給与や労働条件の明示、就業規則の規定など、解雇の妥当性を支える法的要件が整理されています。詳しくは滋賀労働局への相談も案内されています。,"[{""sid"": ""S1"", ""question"": ""退職するときは"", ""answer"": ""自己都合による退職\n退職については、通常就業規則に定めがありますので、あらかじめその内容や手続きについて確認しておきましょう。 　なお、民法（第627条）によれば、期間に定めのない労働契約の場合は，原則として退職の申し入れから２週間後に契約は終了するものとされています。\nただし、急に「辞めたい」と申し入れることは、会社にとっては事務引継ぎなどで困ることもありますので、退職の時期等については会社と充分話し合うことが望ましいでしょう。\n事業主からの解雇\n解雇に当たっては、雇用者は労働者に少なくとも30日前にその予告をする必要があり、30日前に予告しない場合には30日に不足する日数分の平均賃金（解雇予告手当）を支払う必要があります。（労働基準法20条、21条）。""}]"
労災の判断について,労災の判断は、労働者が業務に起因して負傷・疾病・死亡または通勤災害があった場合に認定されます。外国人労働者を含むすべての労働者は労災保険の適用対象であり、事業主が保険料を負担します。詳しくはお近くの労働基準監督署へ相談してください。,"[{""sid"": ""S1"", ""question"": ""労働災害"", ""answer"": ""外国人労働者（入国管理法における「不法就労者」を含む）も仕事場でケガをしたり、仕事が理由で病気になったり、死亡したり、あるいは職場への行きかえりに事故にあったりした場合には、医療費、仕事ができない分の補償、傷害が残ったときの補償等を労災保険から受けられます。この保険には、パートタイマー、アルバイトを問わず労働者を1人でも雇っている事業主は加入しなければならず、保険料については事業主が全額負担しなければなりません。 詳しいことは労働基準監督署に相談しましょう。""}]"
労働の相談について,労働トラブルがある場合は滋賀労働局の総合労働相談コーナーへ相談してください。窓口情報や外国人向け相談ダイヤルも案内されています。,"[{""sid"": ""S1"", ""question"": ""労働トラブルの相談"", ""answer"": ""労働関係のトラブルがあった場合は、下記の労働基準監督署に相談しましょう。（労働契約、就労規則、給料明細などがあれば持参してください）""}]"
